kingdom;phylum;class;order;family;genus;species;SGB;Bietry_1;Bietry_2;Bietry_3;Kassembie_1;Kassembie_2
k__Bacteria;;;;;;;;100.0;100.0;99.99286;99.93844;99.9512
k__Bacteria;p__Pseudomonadota;;;;;;;91.61497;85.31192;85.79534;73.98973;97.85677
k__Bacteria;p__Firmicutes;;;;;;;7.60403;4.19843;0.83134;1.95384;0.0
k__Bacteria;p__Bacteroidota;;;;;;;0.6432;9.78659;3.71096;0.0;0.13949
k__Bacteria;p__Actinomycetota;;;;;;;0.10048;0.6728;8.30417;17.7455;1.77558
k__Bacteria;p__Planctomycetota;;;;;;;0.03427;0.02899;1.32683;1.15714;0.0
k__Bacteria;p__Thermodesulfobacteriota;;;;;;;0.00223;0.00121;0.0;0.49458;0.0
k__Bacteria;p__Nitrospirota;;;;;;;0.00082;5,00E-05;0.0;0.0;0.0
k__Bacteria;p__Pseudomonadota;c__Gammaproteobacteria;;;;;;90.98535;77.69383;75.61693;0.0321;82.48776
k__Bacteria;p__Firmicutes;c__Bacilli;;;;;;6.32356;4.19843;0.81222;1.92173;0.0
k__Bacteria;p__Firmicutes;c__Clostridia;;;;;;1.28046;0.0;0.00957;0.0;0.0
k__Bacteria;p__Pseudomonadota;c__Alphaproteobacteria;;;;;;0.62794;7.61403;10.14016;55.35042;8.41596
k__Bacteria;p__Bacteroidota;c__Flavobacteriia;;;;;;0.36111;9.78417;3.66791;0.0;0.01818
k__Bacteria;p__Bacteroidota;c__Bacteroidia;;;;;;0.28209;0.0;0.009;0.0;0.0
k__Bacteria;p__Actinomycetota;c__Actinomycetes;;;;;;0.08949;0.66145;5.8859;16.512;1.77558
k__Bacteria;p__Planctomycetota;c__CFGB25759;;;;;;0.03369;0.02846;1.31826;0.0;0.0
k__Bacteria;p__Actinomycetota;c__CFGB67380;;;;;;0.00618;0.00732;0.00195;0.0;0.0
k__Bacteria;p__Actinomycetota;c__Thermoleophilia;;;;;;0.00441;0.00269;0.41098;0.0;0.0
k__Bacteria;p__Thermodesulfobacteriota;c__CFGB93781;;;;;;0.00223;0.0;0.0;0.0;0.0
k__Bacteria;p__Pseudomonadota;c__CFGB23763;;;;;;0.00169;0.0;0.00161;0.0;0.0
k__Bacteria;p__Nitrospirota;c__Nitrospiria;;;;;;0.00082;5,00E-05;0.0;0.0;0.0
k__Bacteria;p__Planctomycetota;c__Planctomycetia;;;;;;0.00058;0.00053;0.00028;0.0;0.0
k__Bacteria;p__Actinomycetota;c__Acidimicrobiia;;;;;;0.00037;0.00134;0.1327;1.2335;0.0
k__Bacteria;p__Actinomycetota;c__CFGB92807;;;;;;4,00E-05;0.0;0.0;0.0;0.0
k__Bacteria;p__Pseudomonadota;c__Gammaproteobacteria;o__Moraxellales;;;;;90.89952;77.39111;75.06364;0.0;30.65156
k__Bacteria;p__Firmicutes;c__Bacilli;o__Bacillales;;;;;5.94049;4.19843;0.78646;1.92173;0.0
k__Bacteria;p__Firmicutes;c__Clostridia;o__Peptostreptococcales;;;;;0.99159;0.0;0.00147;0.0;0.0
k__Bacteria;p__Pseudomonadota;c__Alphaproteobacteria;o__Rhodobacterales;;;;;0.6132;5.04076;7.62801;0.0;0.02371
k__Bacteria;p__Firmicutes;c__Bacilli;o__Lactobacillales;;;;;0.38307;0.0;0.02575;0.0;0.0
k__Bacteria;p__Bacteroidota;c__Flavobacteriia;o__Flavobacteriales;;;;;0.36111;9.78417;3.66791;0.0;0.01818
k__Bacteria;p__Firmicutes;c__Clostridia;o__Eubacteriales;;;;;0.2886;0.0;0.0081;0.0;0.0
k__Bacteria;p__Bacteroidota;c__Bacteroidia;o__Marinilabiliales;;;;;0.28209;0.0;0.0;0.0;0.0
k__Bacteria;p__Actinomycetota;c__Actinomycetes;o__Micrococcales;;;;;0.07185;0.42428;3.04786;3.64487;1.33392
k__Bacteria;p__Pseudomonadota;c__Gammaproteobacteria;o__Oceanospirillales;;;;;0.04799;0.00832;0.10628;0.0;0.0
k__Bacteria;p__Planctomycetota;c__CFGB25759;o__OFGB25759;;;;;0.03369;0.02846;1.31826;0.0;0.0
k__Bacteria;p__Pseudomonadota;c__Gammaproteobacteria;o__Pseudomonadales;;;;;0.02643;0.12466;0.00048;0.0;34.05473
k__Bacteria;p__Actinomycetota;c__Actinomycetes;o__Mycobacteriales;;;;;0.01712;0.23344;2.77557;11.48628;0.0
k__Bacteria;p__Pseudomonadota;c__Alphaproteobacteria;o__Sphingomonadales;;;;;0.01445;2.48082;2.35133;0.0;8.25939
k__Bacteria;p__Pseudomonadota;c__Gammaproteobacteria;o__Chromatiales;;;;;0.01141;0.00207;0.02422;0.0;0.0
k__Bacteria;p__Actinomycetota;c__CFGB67380;o__OFGB67380;;;;;0.00618;0.00732;0.00195;0.0;0.0
k__Bacteria;p__Actinomycetota;c__Thermoleophilia;o__Miltoncostaeales;;;;;0.00441;0.00269;0.41098;0.0;0.0
k__Bacteria;p__Thermodesulfobacteriota;c__CFGB93781;o__OFGB93781;;;;;0.00223;0.0;0.0;0.0;0.0
k__Bacteria;p__Pseudomonadota;c__CFGB23763;o__OFGB23763;;;;;0.00169;0.0;0.00161;0.0;0.0
k__Bacteria;p__Nitrospirota;c__Nitrospiria;o__Nitrospirales;;;;;0.00082;5,00E-05;0.0;0.0;0.0
k__Bacteria;p__Planctomycetota;c__Planctomycetia;o__Pirellulales;;;;;0.00058;0.00053;0.00028;0.0;0.0
k__Bacteria;p__Actinomycetota;c__Actinomycetes;o__Propionibacteriales;;;;;0.00053;0.0;0.03201;0.0;0.00299
k__Bacteria;p__Actinomycetota;c__Acidimicrobiia;o__Acidimicrobiales;;;;;0.00037;0.00134;0.1327;1.2335;0.0
k__Bacteria;p__Firmicutes;c__Clostridia;o__Clostridia_unclassified;;;;;0.00027;0.0;0.0;0.0;0.0
k__Bacteria;p__Pseudomonadota;c__Alphaproteobacteria;o__Hyphomonadales;;;;;0.00018;0.01379;0.07377;0.0;0.0
k__Bacteria;p__Pseudomonadota;c__Alphaproteobacteria;o__Hyphomicrobiales;;;;;0.00011;0.07535;0.00071;55.25987;0.0976
k__Bacteria;p__Actinomycetota;c__CFGB92807;o__OFGB92807;;;;;4,00E-05;0.0;0.0;0.0;0.0
k__Bacteria;p__Pseudomonadota;c__Gammaproteobacteria;o__Moraxellales;f__Moraxellaceae;;;;90.89952;77.39111;75.06364;0.0;30.65156
k__Bacteria;p__Firmicutes;c__Bacilli;o__Bacillales;f__Bacillales_unclassified;;;;5.01305;1.67097;0.39408;0.0;0.0
k__Bacteria;p__Firmicutes;c__Bacilli;o__Bacillales;f__Bacillaceae;;;;0.89288;2.23975;0.18111;1.73336;0.0
k__Bacteria;p__Firmicutes;c__Clostridia;o__Peptostreptococcales;f__Peptostreptococcaceae;;;;0.75194;0.0;0.00147;0.0;0.0
k__Bacteria;p__Bacteroidota;c__Flavobacteriia;o__Flavobacteriales;f__Flavobacteriaceae;;;;0.36111;9.78417;3.61178;0.0;0.00958
k__Bacteria;p__Pseudomonadota;c__Alphaproteobacteria;o__Rhodobacterales;f__Paracoccaceae;;;;0.33844;3.55077;6.41;0.0;0.02371
k__Bacteria;p__Firmicutes;c__Clostridia;o__Eubacteriales;f__Clostridiaceae;;;;0.2886;0.0;0.00298;0.0;0.0
k__Bacteria;p__Bacteroidota;c__Bacteroidia;o__Marinilabiliales;f__Marinifilaceae;;;;0.28051;0.0;0.0;0.0;0.0
k__Bacteria;p__Pseudomonadota;c__Alphaproteobacteria;o__Rhodobacterales;f__Roseobacteraceae;;;;0.26576;1.36307;1.14889;0.0;0.0
k__Bacteria;p__Firmicutes;c__Clostridia;o__Peptostreptococcales;f__Filifactoraceae;;;;0.23965;0.0;0.0;0.0;0.0
k__Bacteria;p__Firmicutes;c__Bacilli;o__Lactobacillales;f__Enterococcaceae;;;;0.13318;0.0;0.0;0.0;0.0
k__Bacteria;p__Firmicutes;c__Bacilli;o__Lactobacillales;f__Streptococcaceae;;;;0.12634;0.0;0.00074;0.0;0.0
k__Bacteria;p__Firmicutes;c__Bacilli;o__Lactobacillales;f__Carnobacteriaceae;;;;0.12272;0.0;0.0;0.0;0.0
k__Bacteria;p__Actinomycetota;c__Actinomycetes;o__Micrococcales;f__Micrococcaceae;;;;0.04782;0.13651;0.97355;2.12855;0.02644
k__Bacteria;p__Pseudomonadota;c__Gammaproteobacteria;o__Oceanospirillales;f__Halomonadaceae;;;;0.04773;0.00832;0.07376;0.0;0.0
k__Bacteria;p__Planctomycetota;c__CFGB25759;o__OFGB25759;f__FGB25759;;;;0.03369;0.02846;1.31826;0.0;0.0
k__Bacteria;p__Firmicutes;c__Bacilli;o__Bacillales;f__Caryophanaceae;;;;0.02725;0.27934;0.07159;0.0;0.0
k__Bacteria;p__Pseudomonadota;c__Gammaproteobacteria;o__Pseudomonadales;f__Pseudomonadaceae;;;;0.02549;0.0;0.00048;0.0;34.05473
k__Bacteria;p__Pseudomonadota;c__Alphaproteobacteria;o__Sphingomonadales;f__Erythrobacteraceae;;;;0.01445;2.48082;2.3445;0.0;0.0
k__Bacteria;p__Actinomycetota;c__Actinomycetes;o__Micrococcales;f__Micrococcales_unclassified;;;;0.0143;0.0;0.0;0.0;0.0
k__Bacteria;p__Pseudomonadota;c__Gammaproteobacteria;o__Chromatiales;f__Ectothiorhodospiraceae;;;;0.01141;0.00207;0.02422;0.0;0.0
k__Bacteria;p__Actinomycetota;c__Actinomycetes;o__Mycobacteriales;f__Dietziaceae;;;;0.0101;0.16161;2.37928;0.0;0.0
k__Bacteria;p__Pseudomonadota;c__Alphaproteobacteria;o__Rhodobacterales;f__Rhodobacterales_unclassified;;;;0.009;0.12692;0.06912;0.0;0.0
k__Bacteria;p__Firmicutes;c__Bacilli;o__Bacillales;f__Staphylococcaceae;;;;0.00731;0.00122;0.13968;0.0;0.0
k__Bacteria;p__Actinomycetota;c__Actinomycetes;o__Micrococcales;f__Intrasporangiaceae;;;;0.0064;0.02155;0.06363;0.01751;0.09519
k__Bacteria;p__Actinomycetota;c__CFGB67380;o__OFGB67380;f__FGB67380;;;;0.00618;0.00732;0.00195;0.0;0.0
k__Bacteria;p__Actinomycetota;c__Actinomycetes;o__Mycobacteriales;f__Gordoniaceae;;;;0.00514;0.02664;0.1043;0.0;0.0
k__Bacteria;p__Actinomycetota;c__Thermoleophilia;o__Miltoncostaeales;f__Miltoncostaeaceae;;;;0.00441;0.00269;0.41098;0.0;0.0
k__Bacteria;p__Thermodesulfobacteriota;c__CFGB93781;o__OFGB93781;f__FGB93781;;;;0.00223;0.0;0.0;0.0;0.0
k__Bacteria;p__Actinomycetota;c__Actinomycetes;o__Mycobacteriales;f__Corynebacteriaceae;;;;0.00188;0.00014;0.04912;0.0;0.0
k__Bacteria;p__Pseudomonadota;c__CFGB23763;o__OFGB23763;f__FGB23763;;;;0.00169;0.0;0.00161;0.0;0.0
k__Bacteria;p__Bacteroidota;c__Bacteroidia;o__Marinilabiliales;f__Prolixibacteraceae;;;;0.00158;0.0;0.0;0.0;0.0
k__Bacteria;p__Actinomycetota;c__Actinomycetes;o__Micrococcales;f__Dermabacteraceae;;;;0.00135;0.00069;0.65074;0.0;0.0
k__Bacteria;p__Actinomycetota;c__Actinomycetes;o__Micrococcales;f__Ornithinimicrobiaceae;;;;0.00131;0.02025;0.28944;0.0;0.0
k__Bacteria;p__Pseudomonadota;c__Gammaproteobacteria;o__Pseudomonadales;f__Marinobacteraceae;;;;0.00094;0.12466;0.0;0.0;0.0
k__Bacteria;p__Firmicutes;c__Bacilli;o__Lactobacillales;f__Aerococcaceae;;;;0.00083;0.0;0.00961;0.0;0.0
k__Bacteria;p__Nitrospirota;c__Nitrospiria;o__Nitrospirales;f__Nitrospiraceae;;;;0.00082;5,00E-05;0.0;0.0;0.0
k__Bacteria;p__Actinomycetota;c__Actinomycetes;o__Micrococcales;f__Microbacteriaceae;;;;0.00066;0.21343;0.7702;1.49881;1.21228
k__Bacteria;p__Planctomycetota;c__Planctomycetia;o__Pirellulales;f__Lacipirellulaceae;;;;0.00058;0.00053;0.00028;0.0;0.0
k__Bacteria;p__Actinomycetota;c__Actinomycetes;o__Propionibacteriales;f__Propionibacteriaceae;;;;0.00053;0.0;0.01925;0.0;0.0
k__Bacteria;p__Actinomycetota;c__Acidimicrobiia;o__Acidimicrobiales;f__Ilumatobacteraceae;;;;0.00037;0.00134;0.1327;0.0;0.0
k__Bacteria;p__Firmicutes;c__Clostridia;o__Clostridia_unclassified;f__Clostridia_unclassified;;;;0.00027;0.0;0.0;0.0;0.0
k__Bacteria;p__Pseudomonadota;c__Gammaproteobacteria;o__Oceanospirillales;f__Oceanospirillaceae;;;;0.00026;0.0;0.02133;0.0;0.0
k__Bacteria;p__Pseudomonadota;c__Alphaproteobacteria;o__Hyphomonadales;f__Hyphomonadaceae;;;;0.00018;0.01379;0.07377;0.0;0.0
k__Bacteria;p__Pseudomonadota;c__Alphaproteobacteria;o__Hyphomicrobiales;f__Rhizobiaceae;;;;0.00011;0.02402;0.0;0.0;0.0124
k__Bacteria;p__Actinomycetota;c__CFGB92807;o__OFGB92807;f__FGB92807;;;;4,00E-05;0.0;0.0;0.0;0.0
k__Bacteria;p__Pseudomonadota;c__Gammaproteobacteria;o__Moraxellales;f__Moraxellaceae;g__Psychrobacter;;;90.53227;76.97827;74.29706;0.0;0.42711
k__Bacteria;p__Firmicutes;c__Bacilli;o__Bacillales;f__Bacillales_unclassified;g__Exiguobacterium;;;5.01305;1.67097;0.39408;0.0;0.0
k__Bacteria;p__Firmicutes;c__Clostridia;o__Peptostreptococcales;f__Peptostreptococcaceae;g__Paraclostridium;;;0.50888;0.0;0.0;0.0;0.0
k__Bacteria;p__Firmicutes;c__Bacilli;o__Bacillales;f__Bacillaceae;g__Lysinibacillus;;;0.4192;0.1305;0.0;0.0;0.0
k__Bacteria;p__Pseudomonadota;c__Gammaproteobacteria;o__Moraxellales;f__Moraxellaceae;g__Acinetobacter;;;0.36726;0.41284;0.76658;0.0;30.21191
k__Bacteria;p__Bacteroidota;c__Bacteroidia;o__Marinilabiliales;f__Marinifilaceae;g__Marinifilum;;;0.28051;0.0;0.0;0.0;0.0
k__Bacteria;p__Firmicutes;c__Clostridia;o__Peptostreptococcales;f__Filifactoraceae;g__Acetoanaerobium;;;0.23965;0.0;0.0;0.0;0.0
k__Bacteria;p__Firmicutes;c__Bacilli;o__Bacillales;f__Bacillaceae;g__Mesobacillus;;;0.23664;0.29209;0.0;0.0;0.0
k__Bacteria;p__Pseudomonadota;c__Alphaproteobacteria;o__Rhodobacterales;f__Roseobacteraceae;g__Celeribacter;;;0.21251;0.66911;0.20695;0.0;0.0
k__Bacteria;p__Firmicutes;c__Clostridia;o__Peptostreptococcales;f__Peptostreptococcaceae;g__Terrisporobacter;;;0.19794;0.0;0.0;0.0;0.0
k__Bacteria;p__Pseudomonadota;c__Alphaproteobacteria;o__Rhodobacterales;f__Paracoccaceae;g__Defluviimonas;;;0.17997;0.51174;0.3434;0.0;0.0
k__Bacteria;p__Firmicutes;c__Bacilli;o__Bacillales;f__Bacillaceae;g__Cytobacillus;;;0.15528;0.22129;0.00289;0.0;0.0
k__Bacteria;p__Firmicutes;c__Clostridia;o__Eubacteriales;f__Clostridiaceae;g__Proteiniclasticum;;;0.15143;0.0;0.0;0.0;0.0
k__Bacteria;p__Bacteroidota;c__Flavobacteriia;o__Flavobacteriales;f__Flavobacteriaceae;g__Tenacibaculum;;;0.15111;0.55621;0.11389;0.0;0.0
k__Bacteria;p__Bacteroidota;c__Flavobacteriia;o__Flavobacteriales;f__Flavobacteriaceae;g__Mesoflavibacter;;;0.14205;5.28166;0.03403;0.0;0.0
k__Bacteria;p__Firmicutes;c__Clostridia;o__Eubacteriales;f__Clostridiaceae;g__Clostridium;;;0.13578;0.0;0.0;0.0;0.0
k__Bacteria;p__Pseudomonadota;c__Alphaproteobacteria;o__Rhodobacterales;f__Paracoccaceae;g__Paracoccus;;;0.13164;1.30399;5.4321;0.0;0.02371
k__Bacteria;p__Firmicutes;c__Bacilli;o__Lactobacillales;f__Enterococcaceae;g__Vagococcus;;;0.12874;0.0;0.0;0.0;0.0
k__Bacteria;p__Firmicutes;c__Bacilli;o__Lactobacillales;f__Carnobacteriaceae;g__Trichococcus;;;0.10284;0.0;0.0;0.0;0.0
k__Bacteria;p__Firmicutes;c__Bacilli;o__Lactobacillales;f__Streptococcaceae;g__Lactococcus;;;0.07968;0.0;0.00074;0.0;0.0
k__Bacteria;p__Firmicutes;c__Bacilli;o__Bacillales;f__Bacillaceae;g__Rossellomorea;;;0.06489;0.54876;0.03974;0.0;0.0
k__Bacteria;p__Actinomycetota;c__Actinomycetes;o__Micrococcales;f__Micrococcaceae;g__Micrococcus;;;0.04782;0.12846;0.8435;0.0;0.0
k__Bacteria;p__Pseudomonadota;c__Gammaproteobacteria;o__Oceanospirillales;f__Halomonadaceae;g__Vreelandella;;;0.04773;0.0;0.02068;0.0;0.0
k__Bacteria;p__Firmicutes;c__Bacilli;o__Lactobacillales;f__Streptococcaceae;g__Streptococcus;;;0.04666;0.0;0.0;0.0;0.0
k__Bacteria;p__Firmicutes;c__Clostridia;o__Peptostreptococcales;f__Peptostreptococcaceae;g__Romboutsia;;;0.04512;0.0;0.00147;0.0;0.0
k__Bacteria;p__Planctomycetota;c__CFGB25759;o__OFGB25759;f__FGB25759;g__GGB45133;;;0.03298;0.02685;1.24105;0.0;0.0
k__Bacteria;p__Bacteroidota;c__Flavobacteriia;o__Flavobacteriales;f__Flavobacteriaceae;g__Flavobacterium;;;0.03091;0.024;0.00807;0.0;0.00892
k__Bacteria;p__Pseudomonadota;c__Alphaproteobacteria;o__Rhodobacterales;f__Paracoccaceae;g__Thioclava;;;0.0252;1.71616;0.02596;0.0;0.0
k__Bacteria;p__Pseudomonadota;c__Alphaproteobacteria;o__Rhodobacterales;f__Roseobacteraceae;g__Ruegeria;;;0.02284;0.0225;0.07857;0.0;0.0
k__Bacteria;p__Pseudomonadota;c__Gammaproteobacteria;o__Pseudomonadales;f__Pseudomonadaceae;g__Stutzerimonas;;;0.01912;0.0;0.0;0.0;0.0
k__Bacteria;p__Bacteroidota;c__Flavobacteriia;o__Flavobacteriales;f__Flavobacteriaceae;g__Aequorivita;;;0.01734;2.91366;2.98789;0.0;0.0
k__Bacteria;p__Firmicutes;c__Bacilli;o__Bacillales;f__Bacillaceae;g__Bacillus;;;0.0167;0.63309;0.04265;0.0;0.0
k__Bacteria;p__Firmicutes;c__Bacilli;o__Bacillales;f__Caryophanaceae;g__Planococcus;;;0.01591;0.19972;0.0245;0.0;0.0
k__Bacteria;p__Actinomycetota;c__Actinomycetes;o__Micrococcales;f__Micrococcales_unclassified;g__Timonella;;;0.0143;0.0;0.0;0.0;0.0
k__Bacteria;p__Pseudomonadota;c__Alphaproteobacteria;o__Rhodobacterales;f__Roseobacteraceae;g__Lutimaribacter;;;0.01405;0.0713;0.02085;0.0;0.0
k__Bacteria;p__Pseudomonadota;c__Gammaproteobacteria;o__Chromatiales;f__Ectothiorhodospiraceae;g__Candidatus_Macondimonas;;;0.01141;0.00207;0.02422;0.0;0.0
k__Bacteria;p__Firmicutes;c__Bacilli;o__Bacillales;f__Caryophanaceae;g__Solibacillus;;;0.01134;0.05565;0.0;0.0;0.0
k__Bacteria;p__Actinomycetota;c__Actinomycetes;o__Mycobacteriales;f__Dietziaceae;g__Dietzia;;;0.0101;0.16161;2.37928;0.0;0.0
k__Bacteria;p__Pseudomonadota;c__Alphaproteobacteria;o__Sphingomonadales;f__Erythrobacteraceae;g__Altererythrobacter;;;0.00938;0.85559;0.26165;0.0;0.0
k__Bacteria;p__Pseudomonadota;c__Alphaproteobacteria;o__Rhodobacterales;f__Rhodobacterales_unclassified;g__Paenirhodobacter;;;0.009;0.12692;0.00422;0.0;0.0
k__Bacteria;p__Firmicutes;c__Bacilli;o__Lactobacillales;f__Carnobacteriaceae;g__Desemzia;;;0.00895;0.0;0.0;0.0;0.0
k__Bacteria;p__Pseudomonadota;c__Alphaproteobacteria;o__Rhodobacterales;f__Roseobacteraceae;g__Alloyangia;;;0.00832;0.45407;0.07096;0.0;0.0
k__Bacteria;p__Firmicutes;c__Bacilli;o__Bacillales;f__Staphylococcaceae;g__GGB26910;;;0.00731;0.00122;0.0;0.0;0.0
k__Bacteria;p__Actinomycetota;c__Actinomycetes;o__Micrococcales;f__Intrasporangiaceae;g__Janibacter;;;0.0064;0.02125;0.06363;0.0;0.0
k__Bacteria;p__Pseudomonadota;c__Gammaproteobacteria;o__Pseudomonadales;f__Pseudomonadaceae;g__Halopseudomonas;;;0.00637;0.0;0.00048;0.0;0.08679
k__Bacteria;p__Firmicutes;c__Bacilli;o__Lactobacillales;f__Carnobacteriaceae;g__Carnobacterium;;;0.00634;0.0;0.0;0.0;0.0
k__Bacteria;p__Bacteroidota;c__Flavobacteriia;o__Flavobacteriales;f__Flavobacteriaceae;g__Lutibacter;;;0.00606;0.0033;4,00E-05;0.0;0.0
k__Bacteria;p__Actinomycetota;c__Actinomycetes;o__Mycobacteriales;f__Gordoniaceae;g__Gordonia;;;0.00514;0.02664;0.1043;0.0;0.0
k__Bacteria;p__Pseudomonadota;c__Alphaproteobacteria;o__Sphingomonadales;f__Erythrobacteraceae;g__Qipengyuania;;;0.00506;1.52047;1.9146;0.0;0.0
k__Bacteria;p__Pseudomonadota;c__Alphaproteobacteria;o__Rhodobacterales;f__Roseobacteraceae;g__Thalassovita;;;0.00491;0.00071;0.04406;0.0;0.0
k__Bacteria;p__Actinomycetota;c__CFGB67380;o__OFGB67380;f__FGB67380;g__GGB136607;;;0.00487;0.00533;0.00157;0.0;0.0
k__Bacteria;p__Firmicutes;c__Bacilli;o__Lactobacillales;f__Carnobacteriaceae;g__Jeotgalibaca;;;0.00458;0.0;0.0;0.0;0.0
k__Bacteria;p__Firmicutes;c__Bacilli;o__Lactobacillales;f__Enterococcaceae;g__Enterococcus;;;0.00444;0.0;0.0;0.0;0.0
k__Bacteria;p__Actinomycetota;c__Thermoleophilia;o__Miltoncostaeales;f__Miltoncostaeaceae;g__GGB64250;;;0.00441;0.00269;0.41098;0.0;0.0
k__Bacteria;p__Bacteroidota;c__Flavobacteriia;o__Flavobacteriales;f__Flavobacteriaceae;g__Meridianimaribacter;;;0.00329;0.20622;0.00759;0.0;0.0
k__Bacteria;p__Bacteroidota;c__Flavobacteriia;o__Flavobacteriales;f__Flavobacteriaceae;g__Winogradskyella;;;0.00307;0.14766;0.01726;0.0;0.0
k__Bacteria;p__Bacteroidota;c__Flavobacteriia;o__Flavobacteriales;f__Flavobacteriaceae;g__Maribacter;;;0.0023;0.04093;0.0014;0.0;0.0
k__Bacteria;p__Thermodesulfobacteriota;c__CFGB93781;o__OFGB93781;f__FGB93781;g__GGB6246;;;0.00223;0.0;0.0;0.0;0.0
k__Bacteria;p__Actinomycetota;c__Actinomycetes;o__Mycobacteriales;f__Corynebacteriaceae;g__Corynebacterium;;;0.00188;0.00014;0.04912;0.0;0.0
k__Bacteria;p__Bacteroidota;c__Flavobacteriia;o__Flavobacteriales;f__Flavobacteriaceae;g__Muriicola;;;0.00183;0.01077;7,00E-05;0.0;0.0
k__Bacteria;p__Bacteroidota;c__Flavobacteriia;o__Flavobacteriales;f__Flavobacteriaceae;g__Robiginitalea;;;0.00175;0.00326;0.0;0.0;0.0
k__Bacteria;p__Pseudomonadota;c__CFGB23763;o__OFGB23763;f__FGB23763;g__GGB59727;;;0.00169;0.0;0.00161;0.0;0.0
k__Bacteria;p__Pseudomonadota;c__Alphaproteobacteria;o__Rhodobacterales;f__Paracoccaceae;g__Pseudothioclava;;;0.00163;0.0;0.012;0.0;0.0
k__Bacteria;p__Pseudomonadota;c__Alphaproteobacteria;o__Rhodobacterales;f__Roseobacteraceae;g__Rhodalgimonas;;;0.00153;0.0;0.00462;0.0;0.0
k__Bacteria;p__Firmicutes;c__Clostridia;o__Eubacteriales;f__Clostridiaceae;g__Clostridiaceae_unclassified;;;0.00139;0.0;0.00298;0.0;0.0
k__Bacteria;p__Bacteroidota;c__Flavobacteriia;o__Flavobacteriales;f__Flavobacteriaceae;g__Hanstruepera;;;0.00138;0.00267;0.00214;0.0;0.0
k__Bacteria;p__Pseudomonadota;c__Alphaproteobacteria;o__Rhodobacterales;f__Roseobacteraceae;g__GGB43318;;;0.00136;0.0;0.37426;0.0;0.0
k__Bacteria;p__Actinomycetota;c__Actinomycetes;o__Micrococcales;f__Dermabacteraceae;g__Brachybacterium;;;0.00135;0.00069;0.65074;0.0;0.0
k__Bacteria;p__Actinomycetota;c__Actinomycetes;o__Micrococcales;f__Ornithinimicrobiaceae;g__Ornithinimicrobium;;;0.00131;0.02025;0.28628;0.0;0.0
k__Bacteria;p__Actinomycetota;c__CFGB67380;o__OFGB67380;f__FGB67380;g__GGB60247;;;0.0013;0.00199;0.00039;0.0;0.0
k__Bacteria;p__Bacteroidota;c__Bacteroidia;o__Marinilabiliales;f__Prolixibacteraceae;g__Mangrovibacterium;;;0.00103;0.0;0.0;0.0;0.0
k__Bacteria;p__Pseudomonadota;c__Gammaproteobacteria;o__Pseudomonadales;f__Marinobacteraceae;g__Marinobacter;;;0.00094;0.12466;0.0;0.0;0.0
k__Bacteria;p__Firmicutes;c__Bacilli;o__Lactobacillales;f__Aerococcaceae;g__Aerococcus;;;0.00083;0.0;0.00961;0.0;0.0
k__Bacteria;p__Nitrospirota;c__Nitrospiria;o__Nitrospirales;f__Nitrospiraceae;g__GGB75461;;;0.00082;5,00E-05;0.0;0.0;0.0
k__Bacteria;p__Planctomycetota;c__CFGB25759;o__OFGB25759;f__FGB25759;g__GGB98529;;;0.00071;0.00161;0.05519;0.0;0.0
k__Bacteria;p__Actinomycetota;c__Actinomycetes;o__Micrococcales;f__Microbacteriaceae;g__Microbacterium;;;0.00066;0.18194;0.76253;0.0;0.21368
k__Bacteria;p__Planctomycetota;c__Planctomycetia;o__Pirellulales;f__Lacipirellulaceae;g__GGB138701;;;0.00058;0.00053;0.00028;0.0;0.0
k__Bacteria;p__Bacteroidota;c__Bacteroidia;o__Marinilabiliales;f__Prolixibacteraceae;g__Maribellus;;;0.00055;0.0;0.0;0.0;0.0
k__Bacteria;p__Actinomycetota;c__Actinomycetes;o__Propionibacteriales;f__Propionibacteriaceae;g__Brooklawnia;;;0.00053;0.0;0.00919;0.0;0.0
k__Bacteria;p__Actinomycetota;c__Acidimicrobiia;o__Acidimicrobiales;f__Ilumatobacteraceae;g__Ilumatobacter;;;0.00037;0.00134;0.00588;0.0;0.0
k__Bacteria;p__Firmicutes;c__Clostridia;o__Clostridia_unclassified;f__Clostridia_unclassified;g__GGB55957;;;0.00027;0.0;0.0;0.0;0.0
k__Bacteria;p__Pseudomonadota;c__Gammaproteobacteria;o__Oceanospirillales;f__Oceanospirillaceae;g__Neptunomonas;;;0.00026;0.0;0.01846;0.0;0.0
k__Bacteria;p__Pseudomonadota;c__Alphaproteobacteria;o__Rhodobacterales;f__Roseobacteraceae;g__Marivita;;;0.00025;0.0;0.02453;0.0;0.0
k__Bacteria;p__Pseudomonadota;c__Alphaproteobacteria;o__Hyphomonadales;f__Hyphomonadaceae;g__Hyphomonas;;;0.00018;0.01379;0.0737;0.0;0.0
k__Bacteria;p__Firmicutes;c__Bacilli;o__Bacillales;f__Bacillaceae;g__Priestia;;;0.00017;0.21967;0.02425;0.0;0.0
k__Bacteria;p__Pseudomonadota;c__Alphaproteobacteria;o__Hyphomicrobiales;f__Rhizobiaceae;g__GGB16199;;;0.00011;0.0;0.0;0.0;0.0
k__Bacteria;p__Actinomycetota;c__CFGB92807;o__OFGB92807;f__FGB92807;g__GGB134974;;;4,00E-05;0.0;0.0;0.0;0.0
k__Bacteria;p__Pseudomonadota;c__Gammaproteobacteria;o__Moraxellales;f__Moraxellaceae;g__Psychrobacter;s__Psychrobacter_immobilis;;32.08791;10.21275;14.68986;0.0;0.08996
k__Bacteria;p__Pseudomonadota;c__Gammaproteobacteria;o__Moraxellales;f__Moraxellaceae;g__Psychrobacter;s__Psychrobacter_celer;;16.14696;22.87474;23.32219;0.0;0.19898
k__Bacteria;p__Pseudomonadota;c__Gammaproteobacteria;o__Moraxellales;f__Moraxellaceae;g__Psychrobacter;s__Psychrobacter_sanguinis;;12.19659;25.00864;4.75346;0.0;0.0
k__Bacteria;p__Pseudomonadota;c__Gammaproteobacteria;o__Moraxellales;f__Moraxellaceae;g__Psychrobacter;s__Psychrobacter_pasteurii;;11.27913;4.91351;8.84516;0.0;0.01211
k__Bacteria;p__Pseudomonadota;c__Gammaproteobacteria;o__Moraxellales;f__Moraxellaceae;g__Psychrobacter;s__Psychrobacter_pacificensis;;8.95103;5.35932;15.7176;0.0;0.12606
k__Bacteria;p__Pseudomonadota;c__Gammaproteobacteria;o__Moraxellales;f__Moraxellaceae;g__Psychrobacter;s__Psychrobacter_sp_Ps6;;4.30278;1.2204;0.94873;0.0;0.0
k__Bacteria;p__Pseudomonadota;c__Gammaproteobacteria;o__Moraxellales;f__Moraxellaceae;g__Psychrobacter;s__Psychrobacter_maritimus;;3.89483;4.12395;3.58508;0.0;0.0
k__Bacteria;p__Firmicutes;c__Bacilli;o__Bacillales;f__Bacillales_unclassified;g__Exiguobacterium;s__Exiguobacterium_sp_s22;;3.3285;0.22104;0.09156;0.0;0.0
k__Bacteria;p__Firmicutes;c__Bacilli;o__Bacillales;f__Bacillales_unclassified;g__Exiguobacterium;s__Exiguobacterium_profundum;;0.84332;0.01453;0.10963;0.0;0.0
k__Bacteria;p__Firmicutes;c__Bacilli;o__Bacillales;f__Bacillales_unclassified;g__Exiguobacterium;s__Exiguobacterium_aestuarii;;0.80699;0.42215;0.16173;0.0;0.0
k__Bacteria;p__Pseudomonadota;c__Gammaproteobacteria;o__Moraxellales;f__Moraxellaceae;g__Psychrobacter;s__Psychrobacter_sp_APC_3426;;0.57904;0.25771;0.41522;0.0;0.0
k__Bacteria;p__Firmicutes;c__Clostridia;o__Peptostreptococcales;f__Peptostreptococcaceae;g__Paraclostridium;s__Paraclostridium_bifermentans;;0.50888;0.0;0.0;0.0;0.0
k__Bacteria;p__Firmicutes;c__Bacilli;o__Bacillales;f__Bacillaceae;g__Lysinibacillus;s__Lysinibacillus_capsici;;0.36956;0.0436;0.0;0.0;0.0
k__Bacteria;p__Pseudomonadota;c__Gammaproteobacteria;o__Moraxellales;f__Moraxellaceae;g__Acinetobacter;s__Acinetobacter_SGB66365;;0.28142;0.39188;0.69366;0.0;0.0
k__Bacteria;p__Bacteroidota;c__Bacteroidia;o__Marinilabiliales;f__Marinifilaceae;g__Marinifilum;s__Marinifilum_fragile;;0.28051;0.0;0.0;0.0;0.0
k__Bacteria;p__Pseudomonadota;c__Gammaproteobacteria;o__Moraxellales;f__Moraxellaceae;g__Psychrobacter;s__Psychrobacter_sp_bablab_jr012;;0.24113;0.35015;0.07943;0.0;0.0
k__Bacteria;p__Firmicutes;c__Clostridia;o__Peptostreptococcales;f__Filifactoraceae;g__Acetoanaerobium;s__Acetoanaerobium_noterae;;0.23965;0.0;0.0;0.0;0.0
k__Bacteria;p__Pseudomonadota;c__Gammaproteobacteria;o__Moraxellales;f__Moraxellaceae;g__Psychrobacter;s__Psychrobacter_faecalis;;0.20081;0.11223;0.60632;0.0;0.0
k__Bacteria;p__Firmicutes;c__Clostridia;o__Peptostreptococcales;f__Peptostreptococcaceae;g__Terrisporobacter;s__Terrisporobacter_hibernicus;;0.19794;0.0;0.0;0.0;0.0
k__Bacteria;p__Firmicutes;c__Bacilli;o__Bacillales;f__Bacillaceae;g__Mesobacillus;s__Mesobacillus_jeotgali;;0.18537;0.11704;0.0;0.0;0.0
k__Bacteria;p__Pseudomonadota;c__Alphaproteobacteria;o__Rhodobacterales;f__Paracoccaceae;g__Defluviimonas;s__Defluviimonas_nitratireducens;;0.17882;0.50756;0.32651;0.0;0.0
k__Bacteria;p__Firmicutes;c__Clostridia;o__Eubacteriales;f__Clostridiaceae;g__Proteiniclasticum;s__Proteiniclasticum_aestuarii;;0.15055;0.0;0.0;0.0;0.0
k__Bacteria;p__Firmicutes;c__Bacilli;o__Bacillales;f__Bacillaceae;g__Cytobacillus;s__Cytobacillus_oceanisediminis;;0.1497;0.11046;0.00122;0.0;0.0
k__Bacteria;p__Pseudomonadota;c__Gammaproteobacteria;o__Moraxellales;f__Moraxellaceae;g__Psychrobacter;s__Psychrobacter_fozii;;0.14534;0.87472;0.3562;0.0;0.0
k__Bacteria;p__Bacteroidota;c__Flavobacteriia;o__Flavobacteriales;f__Flavobacteriaceae;g__Tenacibaculum;s__Tenacibaculum_sp_L6;;0.14241;0.5554;0.11389;0.0;0.0
k__Bacteria;p__Firmicutes;c__Bacilli;o__Lactobacillales;f__Enterococcaceae;g__Vagococcus;s__Vagococcus_fluvialis;;0.12874;0.0;0.0;0.0;0.0
k__Bacteria;p__Pseudomonadota;c__Gammaproteobacteria;o__Moraxellales;f__Moraxellaceae;g__Psychrobacter;s__Psychrobacter_piechaudii;;0.10694;0.036;0.13345;0.0;0.0
k__Bacteria;p__Pseudomonadota;c__Alphaproteobacteria;o__Rhodobacterales;f__Roseobacteraceae;g__Celeribacter;s__Celeribacter_sp_HF31;;0.1045;0.01235;0.16459;0.0;0.0
k__Bacteria;p__Firmicutes;c__Bacilli;o__Lactobacillales;f__Carnobacteriaceae;g__Trichococcus;s__Trichococcus_flocculiformis;;0.08567;0.0;0.0;0.0;0.0
k__Bacteria;p__Firmicutes;c__Bacilli;o__Lactobacillales;f__Streptococcaceae;g__Lactococcus;s__Lactococcus_petauri;;0.07968;0.0;0.0;0.0;0.0
k__Bacteria;p__Pseudomonadota;c__Gammaproteobacteria;o__Moraxellales;f__Moraxellaceae;g__Acinetobacter;s__Acinetobacter_venetianus;;0.07692;0.0;0.0059;0.0;0.0
k__Bacteria;p__Pseudomonadota;c__Gammaproteobacteria;o__Moraxellales;f__Moraxellaceae;g__Psychrobacter;s__Psychrobacter_sp_NG27;;0.0722;0.01362;0.038;0.0;0.0
k__Bacteria;p__Firmicutes;c__Clostridia;o__Eubacteriales;f__Clostridiaceae;g__Clostridium;s__Clostridium_sulfidigenes;;0.07067;0.0;0.0;0.0;0.0
k__Bacteria;p__Pseudomonadota;c__Alphaproteobacteria;o__Rhodobacterales;f__Paracoccaceae;g__Paracoccus;s__Paracoccus_zeaxanthinifaciens;;0.06518;0.1913;0.02294;0.0;0.0
k__Bacteria;p__Bacteroidota;c__Flavobacteriia;o__Flavobacteriales;f__Flavobacteriaceae;g__Mesoflavibacter;s__Mesoflavibacter_SGB92152;;0.05984;0.99962;0.00907;0.0;0.0
k__Bacteria;p__Pseudomonadota;c__Gammaproteobacteria;o__Moraxellales;f__Moraxellaceae;g__Psychrobacter;s__Psychrobacter_alimentarius;;0.05804;1.19196;0.26055;0.0;0.0
k__Bacteria;p__Pseudomonadota;c__Alphaproteobacteria;o__Rhodobacterales;f__Roseobacteraceae;g__Celeribacter;s__Celeribacter_ethanolicus;;0.05776;0.6554;0.0036;0.0;0.0
k__Bacteria;p__Firmicutes;c__Clostridia;o__Eubacteriales;f__Clostridiaceae;g__Clostridium;s__Clostridium_sartagoforme;;0.05571;0.0;0.0;0.0;0.0
k__Bacteria;p__Bacteroidota;c__Flavobacteriia;o__Flavobacteriales;f__Flavobacteriaceae;g__Mesoflavibacter;s__Mesoflavibacter_zeaxanthinifaciens;;0.05521;3.88005;0.008;0.0;0.0
k__Bacteria;p__Pseudomonadota;c__Alphaproteobacteria;o__Rhodobacterales;f__Roseobacteraceae;g__Celeribacter;s__Celeribacter_naphthalenivorans;;0.05024;0.00137;0.0;0.0;0.0
k__Bacteria;p__Firmicutes;c__Bacilli;o__Bacillales;f__Bacillaceae;g__Mesobacillus;s__Mesobacillus_selenatarsenatis;;0.0501;0.17409;0.0;0.0;0.0
k__Bacteria;p__Actinomycetota;c__Actinomycetes;o__Micrococcales;f__Micrococcaceae;g__Micrococcus;s__Micrococcus_endophyticus;;0.04782;0.12846;0.73354;0.0;0.0
k__Bacteria;p__Pseudomonadota;c__Gammaproteobacteria;o__Oceanospirillales;f__Halomonadaceae;g__Vreelandella;s__Vreelandella_aquamarina;;0.04773;0.0;0.01207;0.0;0.0
k__Bacteria;p__Firmicutes;c__Bacilli;o__Lactobacillales;f__Streptococcaceae;g__Streptococcus;s__Streptococcus_suis;;0.04666;0.0;0.0;0.0;0.0
k__Bacteria;p__Firmicutes;c__Clostridia;o__Peptostreptococcales;f__Peptostreptococcaceae;g__Romboutsia;s__Romboutsia_lituseburensis;;0.04512;0.0;0.0;0.0;0.0
k__Bacteria;p__Pseudomonadota;c__Gammaproteobacteria;o__Moraxellales;f__Moraxellaceae;g__Psychrobacter;s__Psychrobacter_sp_NZS113;;0.04074;0.0;0.00766;0.0;0.0
k__Bacteria;p__Pseudomonadota;c__Gammaproteobacteria;o__Moraxellales;f__Moraxellaceae;g__Psychrobacter;s__Psychrobacter_cryohalolentis;;0.03749;0.089;0.10081;0.0;0.0
k__Bacteria;p__Firmicutes;c__Bacilli;o__Bacillales;f__Bacillales_unclassified;g__Exiguobacterium;s__Exiguobacterium_alkaliphilum;;0.03424;0.14569;0.01463;0.0;0.0
k__Bacteria;p__Pseudomonadota;c__Alphaproteobacteria;o__Rhodobacterales;f__Paracoccaceae;g__Paracoccus;s__Paracoccus_indicus;;0.03392;0.33445;4.80992;0.0;0.02371
k__Bacteria;p__Planctomycetota;c__CFGB25759;o__OFGB25759;f__FGB25759;g__GGB45133;s__GGB45133_SGB62646;;0.03298;0.02685;1.24105;0.0;0.0
k__Bacteria;p__Pseudomonadota;c__Alphaproteobacteria;o__Rhodobacterales;f__Paracoccaceae;g__Paracoccus;s__Paracoccus_homiensis;;0.03254;0.7117;0.17395;0.0;0.0
k__Bacteria;p__Pseudomonadota;c__Gammaproteobacteria;o__Moraxellales;f__Moraxellaceae;g__Psychrobacter;s__Psychrobacter_fjordensis;;0.02992;0.00193;0.00977;0.0;0.0
k__Bacteria;p__Firmicutes;c__Bacilli;o__Bacillales;f__Bacillaceae;g__Lysinibacillus;s__Lysinibacillus_sphaericus;;0.02825;0.00537;0.0;0.0;0.0
k__Bacteria;p__Bacteroidota;c__Flavobacteriia;o__Flavobacteriales;f__Flavobacteriaceae;g__Flavobacterium;s__Flavobacterium_haoranii;;0.02771;0.024;0.00101;0.0;0.0
k__Bacteria;p__Firmicutes;c__Bacilli;o__Bacillales;f__Bacillaceae;g__Rossellomorea;s__Bacillus_enclensis;;0.0275;0.25621;0.00711;0.0;0.0
k__Bacteria;p__Bacteroidota;c__Flavobacteriia;o__Flavobacteriales;f__Flavobacteriaceae;g__Mesoflavibacter;s__Mesoflavibacter_profundi;;0.027;0.40199;0.01696;0.0;0.0
k__Bacteria;p__Pseudomonadota;c__Gammaproteobacteria;o__Moraxellales;f__Moraxellaceae;g__Psychrobacter;s__Psychrobacter_phenylpyruvicus;;0.02403;0.03787;0.05442;0.0;0.0
k__Bacteria;p__Pseudomonadota;c__Gammaproteobacteria;o__Moraxellales;f__Moraxellaceae;g__Psychrobacter;s__Psychrobacter_sp_NG254;;0.02342;0.00125;0.02182;0.0;0.0
k__Bacteria;p__Pseudomonadota;c__Alphaproteobacteria;o__Rhodobacterales;f__Paracoccaceae;g__Thioclava;s__Thioclava_electrotropha;;0.02159;0.51474;0.00092;0.0;0.0
k__Bacteria;p__Pseudomonadota;c__Gammaproteobacteria;o__Moraxellales;f__Moraxellaceae;g__Psychrobacter;s__Psychrobacter_sp_5A_1;;0.02006;0.02748;0.01791;0.0;0.0
k__Bacteria;p__Firmicutes;c__Bacilli;o__Bacillales;f__Bacillaceae;g__Lysinibacillus;s__Lysinibacillus_fusiformis;;0.01956;0.07961;0.0;0.0;0.0
k__Bacteria;p__Pseudomonadota;c__Gammaproteobacteria;o__Pseudomonadales;f__Pseudomonadaceae;g__Stutzerimonas;s__Stutzerimonas_stutzeri;;0.01912;0.0;0.0;0.0;0.0
k__Bacteria;p__Firmicutes;c__Bacilli;o__Bacillales;f__Bacillaceae;g__Rossellomorea;s__Rossellomorea_vietnamensis;;0.01875;0.16588;0.0;0.0;0.0
k__Bacteria;p__Firmicutes;c__Bacilli;o__Bacillales;f__Bacillaceae;g__Rossellomorea;s__Rossellomorea_aquimaris;;0.01864;0.112;0.00062;0.0;0.0
k__Bacteria;p__Pseudomonadota;c__Gammaproteobacteria;o__Moraxellales;f__Moraxellaceae;g__Psychrobacter;s__Psychrobacter_sp_SWN149;;0.01807;0.01149;0.02477;0.0;0.0
k__Bacteria;p__Firmicutes;c__Bacilli;o__Lactobacillales;f__Carnobacteriaceae;g__Trichococcus;s__Trichococcus_shcherbakoviae;;0.01717;0.0;0.0;0.0;0.0
k__Bacteria;p__Pseudomonadota;c__Gammaproteobacteria;o__Moraxellales;f__Moraxellaceae;g__Psychrobacter;s__Psychrobacter_arenosus;;0.0169;0.22646;0.02555;0.0;0.0
k__Bacteria;p__Pseudomonadota;c__Gammaproteobacteria;o__Moraxellales;f__Moraxellaceae;g__Psychrobacter;s__Psychrobacter_submarinus;;0.01649;0.02519;0.22095;0.0;0.0
k__Bacteria;p__Pseudomonadota;c__Alphaproteobacteria;o__Rhodobacterales;f__Roseobacteraceae;g__Ruegeria;s__Ruegeria_sp_HKCCSA071;;0.0162;0.01392;0.07124;0.0;0.0
k__Bacteria;p__Firmicutes;c__Bacilli;o__Bacillales;f__Caryophanaceae;g__Planococcus;s__Planococcus_plakortidis;;0.01591;0.19972;0.0245;0.0;0.0
k__Bacteria;p__Actinomycetota;c__Actinomycetes;o__Micrococcales;f__Micrococcales_unclassified;g__Timonella;s__Timonella_senegalensis;;0.0143;0.0;0.0;0.0;0.0
k__Bacteria;p__Pseudomonadota;c__Alphaproteobacteria;o__Rhodobacterales;f__Roseobacteraceae;g__Lutimaribacter;s__Lutimaribacter_saemankumensis;;0.01405;0.0713;0.02085;0.0;0.0
k__Bacteria;p__Bacteroidota;c__Flavobacteriia;o__Flavobacteriales;f__Flavobacteriaceae;g__Aequorivita;s__Aequorivita_SGB21798;;0.01346;1.93698;2.26672;0.0;0.0
k__Bacteria;p__Pseudomonadota;c__Gammaproteobacteria;o__Moraxellales;f__Moraxellaceae;g__Psychrobacter;s__Psychrobacter_sp_NG25;;0.01306;0.00047;0.00751;0.0;0.0
k__Bacteria;p__Pseudomonadota;c__Gammaproteobacteria;o__Moraxellales;f__Moraxellaceae;g__Psychrobacter;s__Psychrobacter_luti;;0.01255;0.00191;0.01896;0.0;0.0
k__Bacteria;p__Pseudomonadota;c__Gammaproteobacteria;o__Chromatiales;f__Ectothiorhodospiraceae;g__Candidatus_Macondimonas;s__Candidatus_Macondimonas_diazotrophica;;0.01141;0.00207;0.02422;0.0;0.0
k__Bacteria;p__Firmicutes;c__Bacilli;o__Bacillales;f__Caryophanaceae;g__Solibacillus;s__Solibacillus_isronensis;;0.01134;0.05318;0.0;0.0;0.0
k__Bacteria;p__Actinomycetota;c__Actinomycetes;o__Mycobacteriales;f__Dietziaceae;g__Dietzia;s__Dietzia_kunjamensis;;0.0101;0.16161;2.37139;0.0;0.0
k__Bacteria;p__Pseudomonadota;c__Alphaproteobacteria;o__Sphingomonadales;f__Erythrobacteraceae;g__Altererythrobacter;s__Altererythrobacter_epoxidivorans;;0.00938;0.83781;0.25301;0.0;0.0
k__Bacteria;p__Pseudomonadota;c__Alphaproteobacteria;o__Rhodobacterales;f__Rhodobacterales_unclassified;g__Paenirhodobacter;s__Paenirhodobacter_sp_CAU_1674;;0.009;0.12692;0.00422;0.0;0.0
k__Bacteria;p__Firmicutes;c__Bacilli;o__Lactobacillales;f__Carnobacteriaceae;g__Desemzia;s__Desemzia_incerta;;0.00895;0.0;0.0;0.0;0.0
k__Bacteria;p__Bacteroidota;c__Flavobacteriia;o__Flavobacteriales;f__Flavobacteriaceae;g__Tenacibaculum;s__Tenacibaculum_SGB196020;;0.00871;0.00082;0.0;0.0;0.0
k__Bacteria;p__Pseudomonadota;c__Alphaproteobacteria;o__Rhodobacterales;f__Roseobacteraceae;g__Alloyangia;s__Alloyangia_pacifica;;0.00832;0.45407;0.07096;0.0;0.0
k__Bacteria;p__Pseudomonadota;c__Gammaproteobacteria;o__Moraxellales;f__Moraxellaceae;g__Psychrobacter;s__Psychrobacter_sp_PP_21;;0.00806;0.0;0.00327;0.0;0.0
k__Bacteria;p__Firmicutes;c__Bacilli;o__Bacillales;f__Staphylococcaceae;g__GGB26910;s__GGB26910_SGB39105;;0.00731;0.00122;0.0;0.0;0.0
k__Bacteria;p__Pseudomonadota;c__Gammaproteobacteria;o__Moraxellales;f__Moraxellaceae;g__Acinetobacter;s__Acinetobacter_sedimenti;;0.00693;0.01727;0.02949;0.0;0.0
k__Bacteria;p__Actinomycetota;c__Actinomycetes;o__Micrococcales;f__Intrasporangiaceae;g__Janibacter;s__Janibacter_SGB99000;;0.0064;0.02125;0.06132;0.0;0.0
k__Bacteria;p__Pseudomonadota;c__Gammaproteobacteria;o__Pseudomonadales;f__Pseudomonadaceae;g__Halopseudomonas;s__Halopseudomonas_aestusnigri;;0.00637;0.0;0.0;0.0;0.0
k__Bacteria;p__Firmicutes;c__Bacilli;o__Lactobacillales;f__Carnobacteriaceae;g__Carnobacterium;s__Carnobacterium_jeotgali;;0.00634;0.0;0.0;0.0;0.0
k__Bacteria;p__Firmicutes;c__Clostridia;o__Eubacteriales;f__Clostridiaceae;g__Clostridium;s__Clostridium_butyricum;;0.00612;0.0;0.0;0.0;0.0
k__Bacteria;p__Bacteroidota;c__Flavobacteriia;o__Flavobacteriales;f__Flavobacteriaceae;g__Lutibacter;s__Lutibacter_maritimus;;0.00606;0.0033;4,00E-05;0.0;0.0
k__Bacteria;p__Firmicutes;c__Bacilli;o__Bacillales;f__Bacillaceae;g__Cytobacillus;s__Cytobacillus_firmus;;0.00559;0.10032;0.0;0.0;0.0
k__Bacteria;p__Firmicutes;c__Bacilli;o__Bacillales;f__Bacillaceae;g__Bacillus;s__Bacillus_sp_ISL_55;;0.00547;0.00204;0.0;0.0;0.0
k__Bacteria;p__Pseudomonadota;c__Gammaproteobacteria;o__Moraxellales;f__Moraxellaceae;g__Psychrobacter;s__Psychrobacter_proteolyticus;;0.00533;0.0;0.00244;0.0;0.0
k__Bacteria;p__Firmicutes;c__Bacilli;o__Bacillales;f__Bacillaceae;g__Bacillus;s__Bacillus_cereus;;0.00523;0.06487;0.0;0.0;0.0
k__Bacteria;p__Actinomycetota;c__Actinomycetes;o__Mycobacteriales;f__Gordoniaceae;g__Gordonia;s__Gordonia_aquimaris;;0.00514;0.01983;0.03553;0.0;0.0
k__Bacteria;p__Pseudomonadota;c__Alphaproteobacteria;o__Rhodobacterales;f__Roseobacteraceae;g__Ruegeria;s__Ruegeria_intermedia;;0.00497;0.00857;0.00195;0.0;0.0
k__Bacteria;p__Actinomycetota;c__CFGB67380;o__OFGB67380;f__FGB67380;g__GGB136607;s__GGB136607_SGB176925;;0.00487;0.00533;0.00157;0.0;0.0
k__Bacteria;p__Firmicutes;c__Bacilli;o__Lactobacillales;f__Carnobacteriaceae;g__Jeotgalibaca;s__Jeotgalibaca_dankookensis;;0.00458;0.0;0.0;0.0;0.0
k__Bacteria;p__Firmicutes;c__Bacilli;o__Lactobacillales;f__Enterococcaceae;g__Enterococcus;s__Enterococcus_casseliflavus;;0.00444;0.0;0.0;0.0;0.0
k__Bacteria;p__Actinomycetota;c__Thermoleophilia;o__Miltoncostaeales;f__Miltoncostaeaceae;g__GGB64250;s__GGB64250_SGB86667;;0.00441;0.00269;0.3537;0.0;0.0
k__Bacteria;p__Bacteroidota;c__Flavobacteriia;o__Flavobacteriales;f__Flavobacteriaceae;g__Aequorivita;s__Aequorivita_aquimaris;;0.00388;0.90555;0.42065;0.0;0.0
k__Bacteria;p__Pseudomonadota;c__Alphaproteobacteria;o__Rhodobacterales;f__Paracoccaceae;g__Thioclava;s__Thioclava_marina;;0.00342;0.60872;0.00904;0.0;0.0
k__Bacteria;p__Pseudomonadota;c__Gammaproteobacteria;o__Moraxellales;f__Moraxellaceae;g__Psychrobacter;s__Psychrobacter_sp_ANT_WB68;;0.0034;0.00552;0.0056;0.0;0.0
k__Bacteria;p__Firmicutes;c__Bacilli;o__Bacillales;f__Bacillaceae;g__Bacillus;s__Bacillus_sp_RAR_GA_16;;0.00336;0.33249;0.02515;0.0;0.0
k__Bacteria;p__Pseudomonadota;c__Alphaproteobacteria;o__Rhodobacterales;f__Roseobacteraceae;g__Thalassovita;s__Thalassobius_vesicularis;;0.00331;0.00071;0.02333;0.0;0.0
k__Bacteria;p__Bacteroidota;c__Flavobacteriia;o__Flavobacteriales;f__Flavobacteriaceae;g__Meridianimaribacter;s__Meridianimaribacter_flavus;;0.00329;0.20622;0.00759;0.0;0.0
k__Bacteria;p__Bacteroidota;c__Flavobacteriia;o__Flavobacteriales;f__Flavobacteriaceae;g__Flavobacterium;s__Flavobacterium_okayamense;;0.0032;0.0;0.00705;0.0;0.0
k__Bacteria;p__Bacteroidota;c__Flavobacteriia;o__Flavobacteriales;f__Flavobacteriaceae;g__Winogradskyella;s__Winogradskyella_sp_MH6;;0.00307;0.09729;0.00163;0.0;0.0
k__Bacteria;p__Firmicutes;c__Bacilli;o__Bacillales;f__Bacillaceae;g__Bacillus;s__Bacillus_sp_ISL_41;;0.00264;0.00433;0.0;0.0;0.0
k__Bacteria;p__Pseudomonadota;c__Alphaproteobacteria;o__Sphingomonadales;f__Erythrobacteraceae;g__Qipengyuania;s__Qipengyuania_aestuarii;;0.00231;0.0563;0.42279;0.0;0.0
k__Bacteria;p__Bacteroidota;c__Flavobacteriia;o__Flavobacteriales;f__Flavobacteriaceae;g__Maribacter;s__Maribacter_aurantiacus;;0.0023;0.02584;0.0014;0.0;0.0
k__Bacteria;p__Firmicutes;c__Clostridia;o__Eubacteriales;f__Clostridiaceae;g__Clostridium;s__Clostridium_tertium;;0.00226;0.0;0.0;0.0;0.0
k__Bacteria;p__Thermodesulfobacteriota;c__CFGB93781;o__OFGB93781;f__FGB93781;g__GGB6246;s__GGB6246_SGB8904;;0.00223;0.0;0.0;0.0;0.0
k__Bacteria;p__Pseudomonadota;c__Alphaproteobacteria;o__Sphingomonadales;f__Erythrobacteraceae;g__Qipengyuania;s__Qipengyuania_proteolytica;;0.00214;0.20832;0.08063;0.0;0.0
k__Bacteria;p__Pseudomonadota;c__Gammaproteobacteria;o__Moraxellales;f__Moraxellaceae;g__Acinetobacter;s__Acinetobacter_SGB165522;;0.00199;0.00369;0.02183;0.0;0.0
k__Bacteria;p__Bacteroidota;c__Flavobacteriia;o__Flavobacteriales;f__Flavobacteriaceae;g__Muriicola;s__Muriicola_marianensis;;0.00183;0.01077;7,00E-05;0.0;0.0
k__Bacteria;p__Firmicutes;c__Bacilli;o__Bacillales;f__Bacillaceae;g__Lysinibacillus;s__Lysinibacillus_louembei;;0.00182;0.00142;0.0;0.0;0.0
k__Bacteria;p__Bacteroidota;c__Flavobacteriia;o__Flavobacteriales;f__Flavobacteriaceae;g__Robiginitalea;s__Robiginitalea_sediminis;;0.00175;0.00326;0.0;0.0;0.0
k__Bacteria;p__Actinomycetota;c__Actinomycetes;o__Mycobacteriales;f__Corynebacteriaceae;g__Corynebacterium;s__Corynebacterium_SGB61358;;0.0017;0.0;0.02914;0.0;0.0
k__Bacteria;p__Pseudomonadota;c__CFGB23763;o__OFGB23763;f__FGB23763;g__GGB59727;s__GGB59727_SGB81551;;0.00169;0.0;0.00161;0.0;0.0
k__Bacteria;p__Pseudomonadota;c__Alphaproteobacteria;o__Rhodobacterales;f__Roseobacteraceae;g__Ruegeria;s__Ruegeria_pomeroyi;;0.00167;0.0;0.00539;0.0;0.0
k__Bacteria;p__Pseudomonadota;c__Alphaproteobacteria;o__Rhodobacterales;f__Paracoccaceae;g__Pseudothioclava;s__Pseudothioclava_arenosa;;0.00163;0.0;0.012;0.0;0.0
k__Bacteria;p__Pseudomonadota;c__Alphaproteobacteria;o__Rhodobacterales;f__Roseobacteraceae;g__Thalassovita;s__Thalassovita_litoralis;;0.0016;0.0;0.02073;0.0;0.0
k__Bacteria;p__Pseudomonadota;c__Alphaproteobacteria;o__Rhodobacterales;f__Roseobacteraceae;g__Rhodalgimonas;s__Rhodalgimonas_zhirmunskyi;;0.00153;0.0;0.00462;0.0;0.0
k__Bacteria;p__Firmicutes;c__Clostridia;o__Eubacteriales;f__Clostridiaceae;g__Clostridiaceae_unclassified;s__Clostridiaceae_bacterium_AF10_41;;0.00139;0.0;0.0;0.0;0.0
k__Bacteria;p__Bacteroidota;c__Flavobacteriia;o__Flavobacteriales;f__Flavobacteriaceae;g__Hanstruepera;s__Hanstruepera_neustonica;;0.00138;0.00267;0.00214;0.0;0.0
k__Bacteria;p__Pseudomonadota;c__Alphaproteobacteria;o__Rhodobacterales;f__Roseobacteraceae;g__GGB43318;s__GGB43318_SGB138064;;0.00136;0.0;0.37426;0.0;0.0
k__Bacteria;p__Actinomycetota;c__Actinomycetes;o__Micrococcales;f__Dermabacteraceae;g__Brachybacterium;s__Brachybacterium_aquaticum;;0.00135;0.00069;0.26817;0.0;0.0
k__Bacteria;p__Actinomycetota;c__Actinomycetes;o__Micrococcales;f__Ornithinimicrobiaceae;g__Ornithinimicrobium;s__Ornithinimicrobium_kibberense;;0.00131;0.01432;0.16671;0.0;0.0
k__Bacteria;p__Actinomycetota;c__CFGB67380;o__OFGB67380;f__FGB67380;g__GGB60247;s__GGB60247_SGB82192;;0.0013;0.00199;0.00039;0.0;0.0
k__Bacteria;p__Firmicutes;c__Bacilli;o__Bacillales;f__Bacillaceae;g__Mesobacillus;s__Mesobacillus_subterraneus;;0.00118;0.00096;0.0;0.0;0.0
k__Bacteria;p__Bacteroidota;c__Bacteroidia;o__Marinilabiliales;f__Prolixibacteraceae;g__Mangrovibacterium;s__Mangrovibacterium_diazotrophicum;;0.00103;0.0;0.0;0.0;0.0
k__Bacteria;p__Pseudomonadota;c__Alphaproteobacteria;o__Rhodobacterales;f__Paracoccaceae;g__Defluviimonas;s__Defluviimonas_SGB90463;;0.00099;0.00208;0.01567;0.0;0.0
k__Bacteria;p__Pseudomonadota;c__Gammaproteobacteria;o__Pseudomonadales;f__Marinobacteraceae;g__Marinobacter;s__Marinobacter_nauticus;;0.00094;0.12466;0.0;0.0;0.0
k__Bacteria;p__Firmicutes;c__Clostridia;o__Eubacteriales;f__Clostridiaceae;g__Proteiniclasticum;s__Proteiniclasticum_ruminis;;0.00088;0.0;0.0;0.0;0.0
k__Bacteria;p__Firmicutes;c__Bacilli;o__Lactobacillales;f__Aerococcaceae;g__Aerococcus;s__Aerococcus_urinaeequi;;0.00083;0.0;0.00961;0.0;0.0
k__Bacteria;p__Nitrospirota;c__Nitrospiria;o__Nitrospirales;f__Nitrospiraceae;g__GGB75461;s__GGB75461_SGB170944;;0.00082;5,00E-05;0.0;0.0;0.0
k__Bacteria;p__Firmicutes;c__Clostridia;o__Eubacteriales;f__Clostridiaceae;g__Clostridium;s__Clostridium_aquiflavi;;0.00077;0.0;0.0;0.0;0.0
k__Bacteria;p__Planctomycetota;c__CFGB25759;o__OFGB25759;f__FGB25759;g__GGB98529;s__GGB98529_SGB137755;;0.00071;0.00161;0.05519;0.0;0.0
k__Bacteria;p__Actinomycetota;c__Actinomycetes;o__Micrococcales;f__Microbacteriaceae;g__Microbacterium;s__Microbacterium_schleiferi;;0.00066;0.0;0.07064;0.0;0.0
k__Bacteria;p__Planctomycetota;c__Planctomycetia;o__Pirellulales;f__Lacipirellulaceae;g__GGB138701;s__GGB138701_SGB185574;;0.00058;0.00053;0.00028;0.0;0.0
k__Bacteria;p__Bacteroidota;c__Bacteroidia;o__Marinilabiliales;f__Prolixibacteraceae;g__Maribellus;s__Maribellus_luteus;;0.00055;0.0;0.0;0.0;0.0
k__Bacteria;p__Actinomycetota;c__Actinomycetes;o__Propionibacteriales;f__Propionibacteriaceae;g__Brooklawnia;s__Brooklawnia_propionicigenes;;0.00053;0.0;0.00919;0.0;0.0
k__Bacteria;p__Pseudomonadota;c__Alphaproteobacteria;o__Sphingomonadales;f__Erythrobacteraceae;g__Qipengyuania;s__Qipengyuania_intermedia;;0.00053;0.05804;0.04195;0.0;0.0
k__Bacteria;p__Actinomycetota;c__Acidimicrobiia;o__Acidimicrobiales;f__Ilumatobacteraceae;g__Ilumatobacter;s__Ilumatobacter_fluminis;;0.00037;0.00134;0.00588;0.0;0.0
k__Bacteria;p__Firmicutes;c__Clostridia;o__Clostridia_unclassified;f__Clostridia_unclassified;g__GGB55957;s__GGB55957_SGB77276;;0.00027;0.0;0.0;0.0;0.0
k__Bacteria;p__Firmicutes;c__Clostridia;o__Eubacteriales;f__Clostridiaceae;g__Clostridium;s__Clostridium_weizhouense;;0.00026;0.0;0.0;0.0;0.0
k__Bacteria;p__Pseudomonadota;c__Gammaproteobacteria;o__Oceanospirillales;f__Oceanospirillaceae;g__Neptunomonas;s__Neptunomonas_concharum;;0.00026;0.0;0.01846;0.0;0.0
k__Bacteria;p__Pseudomonadota;c__Alphaproteobacteria;o__Rhodobacterales;f__Roseobacteraceae;g__Marivita;s__Marivita_geojedonensis;;0.00025;0.0;0.0;0.0;0.0
k__Bacteria;p__Pseudomonadota;c__Alphaproteobacteria;o__Rhodobacterales;f__Paracoccaceae;g__Thioclava;s__Thioclava_sp_ES_031;;0.00019;0.01308;0.0;0.0;0.0
k__Bacteria;p__Actinomycetota;c__Actinomycetes;o__Mycobacteriales;f__Corynebacteriaceae;g__Corynebacterium;s__Corynebacterium_vitaeruminis;;0.00018;0.00014;0.00166;0.0;0.0
k__Bacteria;p__Pseudomonadota;c__Alphaproteobacteria;o__Hyphomonadales;f__Hyphomonadaceae;g__Hyphomonas;s__Hyphomonas_sp_CY54_11_8;;0.00018;0.0;0.00344;0.0;0.0
k__Bacteria;p__Firmicutes;c__Bacilli;o__Bacillales;f__Bacillaceae;g__Priestia;s__Priestia_flexa;;0.00017;0.07093;0.02425;0.0;0.0
k__Bacteria;p__Pseudomonadota;c__Alphaproteobacteria;o__Rhodobacterales;f__Paracoccaceae;g__Defluviimonas;s__Defluviimonas_denitrificans;;0.00016;0.0021;0.00122;0.0;0.0
k__Bacteria;p__Pseudomonadota;c__Alphaproteobacteria;o__Hyphomicrobiales;f__Rhizobiaceae;g__GGB16199;s__GGB16199_SGB24558;;0.00011;0.0;0.0;0.0;0.0
k__Bacteria;p__Pseudomonadota;c__Alphaproteobacteria;o__Sphingomonadales;f__Erythrobacteraceae;g__Qipengyuania;s__Qipengyuania_gelatinilytica;;8,00E-05;0.0495;0.02237;0.0;0.0
k__Bacteria;p__Actinomycetota;c__CFGB92807;o__OFGB92807;f__FGB92807;g__GGB134974;s__GGB134974_SGB177300;;4,00E-05;0.0;0.0;0.0;0.0
k__Bacteria;p__Pseudomonadota;c__Gammaproteobacteria;o__Moraxellales;f__Moraxellaceae;g__Psychrobacter;s__Psychrobacter_immobilis;t__SGB10451;29.98256;8.14266;9.59917;0.0;0.07389
k__Bacteria;p__Pseudomonadota;c__Gammaproteobacteria;o__Moraxellales;f__Moraxellaceae;g__Psychrobacter;s__Psychrobacter_celer;t__SGB10449;16.14696;22.87474;23.32219;0.0;0.19898
k__Bacteria;p__Pseudomonadota;c__Gammaproteobacteria;o__Moraxellales;f__Moraxellaceae;g__Psychrobacter;s__Psychrobacter_pasteurii;t__SGB10444;11.27913;4.91351;8.84516;0.0;0.01211
k__Bacteria;p__Pseudomonadota;c__Gammaproteobacteria;o__Moraxellales;f__Moraxellaceae;g__Psychrobacter;s__Psychrobacter_sanguinis;t__SGB10445;11.04247;24.40833;2.81535;0.0;0.0
k__Bacteria;p__Pseudomonadota;c__Gammaproteobacteria;o__Moraxellales;f__Moraxellaceae;g__Psychrobacter;s__Psychrobacter_pacificensis;t__SGB10450;8.95103;5.35932;15.7176;0.0;0.12606
k__Bacteria;p__Pseudomonadota;c__Gammaproteobacteria;o__Moraxellales;f__Moraxellaceae;g__Psychrobacter;s__Psychrobacter_sp_Ps6;t__SGB109964;4.30278;1.2204;0.94873;0.0;0.0
k__Bacteria;p__Pseudomonadota;c__Gammaproteobacteria;o__Moraxellales;f__Moraxellaceae;g__Psychrobacter;s__Psychrobacter_maritimus;t__SGB36487;3.89483;4.12395;3.58508;0.0;0.0
k__Bacteria;p__Firmicutes;c__Bacilli;o__Bacillales;f__Bacillales_unclassified;g__Exiguobacterium;s__Exiguobacterium_sp_s22;t__SGB94591;3.3285;0.22104;0.09156;0.0;0.0
k__Bacteria;p__Pseudomonadota;c__Gammaproteobacteria;o__Moraxellales;f__Moraxellaceae;g__Psychrobacter;s__Psychrobacter_immobilis;t__SGB10459;2.10455;2.07009;5.01484;0.0;0.01607
k__Bacteria;p__Pseudomonadota;c__Gammaproteobacteria;o__Moraxellales;f__Moraxellaceae;g__Psychrobacter;s__Psychrobacter_sanguinis;t__SGB10442;1.15412;0.60031;1.93811;0.0;0.0
k__Bacteria;p__Firmicutes;c__Bacilli;o__Bacillales;f__Bacillales_unclassified;g__Exiguobacterium;s__Exiguobacterium_profundum;t__SGB8320;0.84332;0.01453;0.10963;0.0;0.0
k__Bacteria;p__Firmicutes;c__Bacilli;o__Bacillales;f__Bacillales_unclassified;g__Exiguobacterium;s__Exiguobacterium_aestuarii;t__SGB29990;0.80699;0.42215;0.16173;0.0;0.0
k__Bacteria;p__Pseudomonadota;c__Gammaproteobacteria;o__Moraxellales;f__Moraxellaceae;g__Psychrobacter;s__Psychrobacter_sp_APC_3426;t__SGB99643;0.57904;0.25771;0.41522;0.0;0.0
k__Bacteria;p__Firmicutes;c__Clostridia;o__Peptostreptococcales;f__Peptostreptococcaceae;g__Paraclostridium;s__Paraclostridium_bifermentans;t__SGB6144;0.50888;0.0;0.0;0.0;0.0
k__Bacteria;p__Firmicutes;c__Bacilli;o__Bacillales;f__Bacillaceae;g__Lysinibacillus;s__Lysinibacillus_capsici;t__SGB7494;0.36956;0.0436;0.0;0.0;0.0
k__Bacteria;p__Pseudomonadota;c__Gammaproteobacteria;o__Moraxellales;f__Moraxellaceae;g__Acinetobacter;s__Acinetobacter_SGB66365;t__SGB66365;0.28142;0.39188;0.69366;0.0;0.0
k__Bacteria;p__Bacteroidota;c__Bacteroidia;o__Marinilabiliales;f__Marinifilaceae;g__Marinifilum;s__Marinifilum_fragile;t__SGB27895;0.28051;0.0;0.0;0.0;0.0
k__Bacteria;p__Pseudomonadota;c__Gammaproteobacteria;o__Moraxellales;f__Moraxellaceae;g__Psychrobacter;s__Psychrobacter_sp_bablab_jr012;t__SGB92566;0.24113;0.35015;0.07943;0.0;0.0
k__Bacteria;p__Firmicutes;c__Clostridia;o__Peptostreptococcales;f__Filifactoraceae;g__Acetoanaerobium;s__Acetoanaerobium_noterae;t__SGB6090;0.23965;0.0;0.0;0.0;0.0
k__Bacteria;p__Pseudomonadota;c__Gammaproteobacteria;o__Moraxellales;f__Moraxellaceae;g__Psychrobacter;s__Psychrobacter_faecalis;t__SGB10464;0.20081;0.11223;0.60632;0.0;0.0
k__Bacteria;p__Firmicutes;c__Clostridia;o__Peptostreptococcales;f__Peptostreptococcaceae;g__Terrisporobacter;s__Terrisporobacter_hibernicus;t__SGB6143;0.19794;0.0;0.0;0.0;0.0
k__Bacteria;p__Pseudomonadota;c__Alphaproteobacteria;o__Rhodobacterales;f__Paracoccaceae;g__Defluviimonas;s__Defluviimonas_nitratireducens;t__SGB181711;0.17882;0.50756;0.32651;0.0;0.0
k__Bacteria;p__Firmicutes;c__Clostridia;o__Eubacteriales;f__Clostridiaceae;g__Proteiniclasticum;s__Proteiniclasticum_aestuarii;t__SGB94845;0.15055;0.0;0.0;0.0;0.0
k__Bacteria;p__Firmicutes;c__Bacilli;o__Bacillales;f__Bacillaceae;g__Cytobacillus;s__Cytobacillus_oceanisediminis;t__SGB82817;0.14878;0.08326;0.0;0.0;0.0
k__Bacteria;p__Pseudomonadota;c__Gammaproteobacteria;o__Moraxellales;f__Moraxellaceae;g__Psychrobacter;s__Psychrobacter_fozii;t__SGB23001;0.14534;0.87472;0.3562;0.0;0.0
k__Bacteria;p__Bacteroidota;c__Flavobacteriia;o__Flavobacteriales;f__Flavobacteriaceae;g__Tenacibaculum;s__Tenacibaculum_sp_L6;t__SGB196021;0.14241;0.5554;0.11389;0.0;0.0
k__Bacteria;p__Firmicutes;c__Bacilli;o__Lactobacillales;f__Enterococcaceae;g__Vagococcus;s__Vagococcus_fluvialis;t__SGB7918;0.12874;0.0;0.0;0.0;0.0
k__Bacteria;p__Pseudomonadota;c__Gammaproteobacteria;o__Moraxellales;f__Moraxellaceae;g__Psychrobacter;s__Psychrobacter_piechaudii;t__SGB10443;0.10694;0.036;0.13345;0.0;0.0
k__Bacteria;p__Pseudomonadota;c__Alphaproteobacteria;o__Rhodobacterales;f__Roseobacteraceae;g__Celeribacter;s__Celeribacter_sp_HF31;t__SGB73438;0.1045;0.01235;0.16459;0.0;0.0
k__Bacteria;p__Firmicutes;c__Bacilli;o__Bacillales;f__Bacillaceae;g__Mesobacillus;s__Mesobacillus_jeotgali;t__SGB82815;0.09793;0.03674;0.0;0.0;0.0
k__Bacteria;p__Firmicutes;c__Bacilli;o__Bacillales;f__Bacillaceae;g__Mesobacillus;s__Mesobacillus_jeotgali;t__SGB154083;0.08668;0.07959;0.0;0.0;0.0
k__Bacteria;p__Firmicutes;c__Bacilli;o__Lactobacillales;f__Carnobacteriaceae;g__Trichococcus;s__Trichococcus_flocculiformis;t__SGB7467;0.08567;0.0;0.0;0.0;0.0
k__Bacteria;p__Firmicutes;c__Bacilli;o__Lactobacillales;f__Streptococcaceae;g__Lactococcus;s__Lactococcus_petauri;t__SGB7980;0.07968;0.0;0.0;0.0;0.0
k__Bacteria;p__Pseudomonadota;c__Gammaproteobacteria;o__Moraxellales;f__Moraxellaceae;g__Acinetobacter;s__Acinetobacter_venetianus;t__SGB10365;0.07692;0.0;0.0059;0.0;0.0
k__Bacteria;p__Pseudomonadota;c__Gammaproteobacteria;o__Moraxellales;f__Moraxellaceae;g__Psychrobacter;s__Psychrobacter_sp_NG27;t__SGB81607;0.0722;0.01362;0.038;0.0;0.0
k__Bacteria;p__Firmicutes;c__Clostridia;o__Eubacteriales;f__Clostridiaceae;g__Clostridium;s__Clostridium_sulfidigenes;t__SGB6235;0.07067;0.0;0.0;0.0;0.0
k__Bacteria;p__Pseudomonadota;c__Alphaproteobacteria;o__Rhodobacterales;f__Paracoccaceae;g__Paracoccus;s__Paracoccus_zeaxanthinifaciens;t__SGB31432;0.06518;0.1913;0.02294;0.0;0.0
k__Bacteria;p__Bacteroidota;c__Flavobacteriia;o__Flavobacteriales;f__Flavobacteriaceae;g__Mesoflavibacter;s__Mesoflavibacter_SGB92152;t__SGB92152;0.05984;0.99962;0.00907;0.0;0.0
k__Bacteria;p__Pseudomonadota;c__Gammaproteobacteria;o__Moraxellales;f__Moraxellaceae;g__Psychrobacter;s__Psychrobacter_alimentarius;t__SGB10455;0.05804;1.19196;0.26055;0.0;0.0
k__Bacteria;p__Pseudomonadota;c__Alphaproteobacteria;o__Rhodobacterales;f__Roseobacteraceae;g__Celeribacter;s__Celeribacter_ethanolicus;t__SGB10876;0.05776;0.6554;0.0036;0.0;0.0
k__Bacteria;p__Firmicutes;c__Clostridia;o__Eubacteriales;f__Clostridiaceae;g__Clostridium;s__Clostridium_sartagoforme;t__SGB6182;0.05571;0.0;0.0;0.0;0.0
k__Bacteria;p__Bacteroidota;c__Flavobacteriia;o__Flavobacteriales;f__Flavobacteriaceae;g__Mesoflavibacter;s__Mesoflavibacter_zeaxanthinifaciens;t__SGB21779;0.05521;3.88005;0.008;0.0;0.0
k__Bacteria;p__Pseudomonadota;c__Alphaproteobacteria;o__Rhodobacterales;f__Roseobacteraceae;g__Celeribacter;s__Celeribacter_naphthalenivorans;t__SGB111305;0.05024;0.00137;0.0;0.0;0.0
k__Bacteria;p__Firmicutes;c__Bacilli;o__Bacillales;f__Bacillaceae;g__Mesobacillus;s__Mesobacillus_selenatarsenatis;t__SGB82816;0.04826;0.17409;0.0;0.0;0.0
k__Bacteria;p__Actinomycetota;c__Actinomycetes;o__Micrococcales;f__Micrococcaceae;g__Micrococcus;s__Micrococcus_endophyticus;t__SGB16677;0.04782;0.12846;0.73354;0.0;0.0
k__Bacteria;p__Pseudomonadota;c__Gammaproteobacteria;o__Oceanospirillales;f__Halomonadaceae;g__Vreelandella;s__Vreelandella_aquamarina;t__SGB11824;0.04773;0.0;0.0;0.0;0.0
k__Bacteria;p__Firmicutes;c__Bacilli;o__Lactobacillales;f__Streptococcaceae;g__Streptococcus;s__Streptococcus_suis;t__SGB29821_group;0.04666;0.0;0.0;0.0;0.0
k__Bacteria;p__Firmicutes;c__Clostridia;o__Peptostreptococcales;f__Peptostreptococcaceae;g__Romboutsia;s__Romboutsia_lituseburensis;t__SGB6151;0.04512;0.0;0.0;0.0;0.0
k__Bacteria;p__Pseudomonadota;c__Gammaproteobacteria;o__Moraxellales;f__Moraxellaceae;g__Psychrobacter;s__Psychrobacter_sp_NZS113;t__SGB206398;0.04074;0.0;0.00766;0.0;0.0
k__Bacteria;p__Pseudomonadota;c__Gammaproteobacteria;o__Moraxellales;f__Moraxellaceae;g__Psychrobacter;s__Psychrobacter_cryohalolentis;t__SGB10467;0.03749;0.089;0.10081;0.0;0.0
k__Bacteria;p__Firmicutes;c__Bacilli;o__Bacillales;f__Bacillales_unclassified;g__Exiguobacterium;s__Exiguobacterium_alkaliphilum;t__SGB8324;0.03424;0.14569;0.01463;0.0;0.0
k__Bacteria;p__Pseudomonadota;c__Alphaproteobacteria;o__Rhodobacterales;f__Paracoccaceae;g__Paracoccus;s__Paracoccus_indicus;t__SGB31423;0.03392;0.33445;4.80992;0.0;0.02371
k__Bacteria;p__Planctomycetota;c__CFGB25759;o__OFGB25759;f__FGB25759;g__GGB45133;s__GGB45133_SGB62646;t__SGB62646;0.03298;0.02685;1.24105;0.0;0.0
k__Bacteria;p__Pseudomonadota;c__Alphaproteobacteria;o__Rhodobacterales;f__Paracoccaceae;g__Paracoccus;s__Paracoccus_homiensis;t__SGB10712;0.03254;0.7117;0.17395;0.0;0.0
k__Bacteria;p__Pseudomonadota;c__Gammaproteobacteria;o__Moraxellales;f__Moraxellaceae;g__Psychrobacter;s__Psychrobacter_fjordensis;t__SGB206397;0.02992;0.00193;0.00977;0.0;0.0
k__Bacteria;p__Firmicutes;c__Bacilli;o__Bacillales;f__Bacillaceae;g__Lysinibacillus;s__Lysinibacillus_sphaericus;t__SGB7490;0.02825;0.00537;0.0;0.0;0.0
k__Bacteria;p__Bacteroidota;c__Flavobacteriia;o__Flavobacteriales;f__Flavobacteriaceae;g__Flavobacterium;s__Flavobacterium_haoranii;t__SGB3042;0.02771;0.024;0.00101;0.0;0.0
k__Bacteria;p__Firmicutes;c__Bacilli;o__Bacillales;f__Bacillaceae;g__Rossellomorea;s__Bacillus_enclensis;t__SGB7721;0.0275;0.25621;0.00711;0.0;0.0
k__Bacteria;p__Bacteroidota;c__Flavobacteriia;o__Flavobacteriales;f__Flavobacteriaceae;g__Mesoflavibacter;s__Mesoflavibacter_profundi;t__SGB21778;0.027;0.40199;0.01696;0.0;0.0
k__Bacteria;p__Pseudomonadota;c__Gammaproteobacteria;o__Moraxellales;f__Moraxellaceae;g__Psychrobacter;s__Psychrobacter_phenylpyruvicus;t__SGB22998;0.02403;0.03787;0.05442;0.0;0.0
k__Bacteria;p__Pseudomonadota;c__Gammaproteobacteria;o__Moraxellales;f__Moraxellaceae;g__Psychrobacter;s__Psychrobacter_sp_NG254;t__SGB206395;0.02342;0.00125;0.02182;0.0;0.0
k__Bacteria;p__Pseudomonadota;c__Alphaproteobacteria;o__Rhodobacterales;f__Paracoccaceae;g__Thioclava;s__Thioclava_electrotropha;t__SGB10700;0.02159;0.51474;0.00092;0.0;0.0
k__Bacteria;p__Pseudomonadota;c__Gammaproteobacteria;o__Moraxellales;f__Moraxellaceae;g__Psychrobacter;s__Psychrobacter_sp_5A_1;t__SGB165560;0.02006;0.02748;0.01791;0.0;0.0
k__Bacteria;p__Firmicutes;c__Bacilli;o__Bacillales;f__Bacillaceae;g__Lysinibacillus;s__Lysinibacillus_fusiformis;t__SGB7493;0.01956;0.0;0.0;0.0;0.0
k__Bacteria;p__Pseudomonadota;c__Gammaproteobacteria;o__Pseudomonadales;f__Pseudomonadaceae;g__Stutzerimonas;s__Stutzerimonas_stutzeri;t__SGB12382;0.01912;0.0;0.0;0.0;0.0
k__Bacteria;p__Firmicutes;c__Bacilli;o__Bacillales;f__Bacillaceae;g__Rossellomorea;s__Rossellomorea_vietnamensis;t__SGB7723;0.01875;0.16588;0.0;0.0;0.0
k__Bacteria;p__Pseudomonadota;c__Gammaproteobacteria;o__Moraxellales;f__Moraxellaceae;g__Psychrobacter;s__Psychrobacter_sp_SWN149;t__SGB206396;0.01807;0.01149;0.02477;0.0;0.0
k__Bacteria;p__Firmicutes;c__Bacilli;o__Lactobacillales;f__Carnobacteriaceae;g__Trichococcus;s__Trichococcus_shcherbakoviae;t__SGB7469_group;0.01717;0.0;0.0;0.0;0.0
k__Bacteria;p__Pseudomonadota;c__Gammaproteobacteria;o__Moraxellales;f__Moraxellaceae;g__Psychrobacter;s__Psychrobacter_arenosus;t__SGB81601;0.0169;0.22646;0.02555;0.0;0.0
k__Bacteria;p__Pseudomonadota;c__Gammaproteobacteria;o__Moraxellales;f__Moraxellaceae;g__Psychrobacter;s__Psychrobacter_submarinus;t__SGB31383;0.01649;0.02519;0.22095;0.0;0.0
k__Bacteria;p__Pseudomonadota;c__Alphaproteobacteria;o__Rhodobacterales;f__Roseobacteraceae;g__Ruegeria;s__Ruegeria_sp_HKCCSA071;t__SGB93802;0.0162;0.01392;0.07124;0.0;0.0
k__Bacteria;p__Firmicutes;c__Bacilli;o__Bacillales;f__Caryophanaceae;g__Planococcus;s__Planococcus_plakortidis;t__SGB154034;0.01591;0.19972;0.0245;0.0;0.0
k__Bacteria;p__Actinomycetota;c__Actinomycetes;o__Micrococcales;f__Micrococcales_unclassified;g__Timonella;s__Timonella_senegalensis;t__SGB34806;0.0143;0.0;0.0;0.0;0.0
k__Bacteria;p__Firmicutes;c__Bacilli;o__Bacillales;f__Bacillaceae;g__Rossellomorea;s__Rossellomorea_aquimaris;t__SGB109822;0.01416;0.05109;0.0;0.0;0.0
k__Bacteria;p__Pseudomonadota;c__Alphaproteobacteria;o__Rhodobacterales;f__Roseobacteraceae;g__Lutimaribacter;s__Lutimaribacter_saemankumensis;t__SGB10587;0.01405;0.0713;0.02085;0.0;0.0
k__Bacteria;p__Bacteroidota;c__Flavobacteriia;o__Flavobacteriales;f__Flavobacteriaceae;g__Aequorivita;s__Aequorivita_SGB21798;t__SGB21798;0.01346;1.93698;2.26672;0.0;0.0
k__Bacteria;p__Pseudomonadota;c__Gammaproteobacteria;o__Moraxellales;f__Moraxellaceae;g__Psychrobacter;s__Psychrobacter_sp_NG25;t__SGB81608;0.01306;0.00047;0.00751;0.0;0.0
k__Bacteria;p__Pseudomonadota;c__Gammaproteobacteria;o__Moraxellales;f__Moraxellaceae;g__Psychrobacter;s__Psychrobacter_luti;t__SGB81605;0.01255;0.00191;0.01896;0.0;0.0
k__Bacteria;p__Pseudomonadota;c__Gammaproteobacteria;o__Chromatiales;f__Ectothiorhodospiraceae;g__Candidatus_Macondimonas;s__Candidatus_Macondimonas_diazotrophica;t__SGB33311;0.01141;0.00207;0.02422;0.0;0.0
k__Bacteria;p__Firmicutes;c__Bacilli;o__Bacillales;f__Caryophanaceae;g__Solibacillus;s__Solibacillus_isronensis;t__SGB29963;0.01134;0.05183;0.0;0.0;0.0
k__Bacteria;p__Actinomycetota;c__Actinomycetes;o__Mycobacteriales;f__Dietziaceae;g__Dietzia;s__Dietzia_kunjamensis;t__SGB15765;0.0101;0.16161;2.37139;0.0;0.0
k__Bacteria;p__Pseudomonadota;c__Alphaproteobacteria;o__Sphingomonadales;f__Erythrobacteraceae;g__Altererythrobacter;s__Altererythrobacter_epoxidivorans;t__SGB11489;0.00938;0.83781;0.25301;0.0;0.0
k__Bacteria;p__Pseudomonadota;c__Alphaproteobacteria;o__Rhodobacterales;f__Rhodobacterales_unclassified;g__Paenirhodobacter;s__Paenirhodobacter_sp_CAU_1674;t__SGB38166;0.009;0.12692;0.00422;0.0;0.0
k__Bacteria;p__Firmicutes;c__Bacilli;o__Lactobacillales;f__Carnobacteriaceae;g__Desemzia;s__Desemzia_incerta;t__SGB7913;0.00895;0.0;0.0;0.0;0.0
k__Bacteria;p__Bacteroidota;c__Flavobacteriia;o__Flavobacteriales;f__Flavobacteriaceae;g__Tenacibaculum;s__Tenacibaculum_SGB196020;t__SGB196020;0.00871;0.00082;0.0;0.0;0.0
k__Bacteria;p__Pseudomonadota;c__Alphaproteobacteria;o__Rhodobacterales;f__Roseobacteraceae;g__Alloyangia;s__Alloyangia_pacifica;t__SGB24257;0.00832;0.43191;0.07096;0.0;0.0
k__Bacteria;p__Pseudomonadota;c__Gammaproteobacteria;o__Moraxellales;f__Moraxellaceae;g__Psychrobacter;s__Psychrobacter_sp_PP_21;t__SGB165561;0.00806;0.0;0.00327;0.0;0.0
k__Bacteria;p__Firmicutes;c__Bacilli;o__Bacillales;f__Staphylococcaceae;g__GGB26910;s__GGB26910_SGB39105;t__SGB39105;0.00731;0.00122;0.0;0.0;0.0
k__Bacteria;p__Pseudomonadota;c__Gammaproteobacteria;o__Moraxellales;f__Moraxellaceae;g__Acinetobacter;s__Acinetobacter_sedimenti;t__SGB109959;0.00693;0.01727;0.02949;0.0;0.0
k__Bacteria;p__Actinomycetota;c__Actinomycetes;o__Micrococcales;f__Intrasporangiaceae;g__Janibacter;s__Janibacter_SGB99000;t__SGB99000;0.0064;0.02125;0.06132;0.0;0.0
k__Bacteria;p__Pseudomonadota;c__Gammaproteobacteria;o__Pseudomonadales;f__Pseudomonadaceae;g__Halopseudomonas;s__Halopseudomonas_aestusnigri;t__SGB12060;0.00637;0.0;0.0;0.0;0.0
k__Bacteria;p__Firmicutes;c__Bacilli;o__Lactobacillales;f__Carnobacteriaceae;g__Carnobacterium;s__Carnobacterium_jeotgali;t__SGB7908;0.00634;0.0;0.0;0.0;0.0
k__Bacteria;p__Firmicutes;c__Clostridia;o__Eubacteriales;f__Clostridiaceae;g__Clostridium;s__Clostridium_butyricum;t__SGB6170;0.00612;0.0;0.0;0.0;0.0
k__Bacteria;p__Bacteroidota;c__Flavobacteriia;o__Flavobacteriales;f__Flavobacteriaceae;g__Lutibacter;s__Lutibacter_maritimus;t__SGB2807;0.00606;0.0033;4,00E-05;0.0;0.0
k__Bacteria;p__Firmicutes;c__Bacilli;o__Bacillales;f__Bacillaceae;g__Bacillus;s__Bacillus_sp_ISL_55;t__SGB94611;0.00547;0.00204;0.0;0.0;0.0
k__Bacteria;p__Pseudomonadota;c__Gammaproteobacteria;o__Moraxellales;f__Moraxellaceae;g__Psychrobacter;s__Psychrobacter_proteolyticus;t__SGB31378;0.00533;0.0;0.00244;0.0;0.0
k__Bacteria;p__Firmicutes;c__Bacilli;o__Bacillales;f__Bacillaceae;g__Bacillus;s__Bacillus_cereus;t__SGB7697;0.00523;0.06487;0.0;0.0;0.0
k__Bacteria;p__Actinomycetota;c__Actinomycetes;o__Mycobacteriales;f__Gordoniaceae;g__Gordonia;s__Gordonia_aquimaris;t__SGB110855;0.00514;0.01983;0.03553;0.0;0.0
k__Bacteria;p__Pseudomonadota;c__Alphaproteobacteria;o__Rhodobacterales;f__Roseobacteraceae;g__Ruegeria;s__Ruegeria_intermedia;t__SGB90365;0.00497;0.00857;0.00195;0.0;0.0
k__Bacteria;p__Actinomycetota;c__CFGB67380;o__OFGB67380;f__FGB67380;g__GGB136607;s__GGB136607_SGB176925;t__SGB176925;0.00487;0.00533;0.00157;0.0;0.0
k__Bacteria;p__Firmicutes;c__Bacilli;o__Bacillales;f__Bacillaceae;g__Cytobacillus;s__Cytobacillus_firmus;t__SGB7570;0.00485;0.08364;0.0;0.0;0.0
k__Bacteria;p__Firmicutes;c__Bacilli;o__Lactobacillales;f__Carnobacteriaceae;g__Jeotgalibaca;s__Jeotgalibaca_dankookensis;t__SGB7901;0.00458;0.0;0.0;0.0;0.0
k__Bacteria;p__Firmicutes;c__Bacilli;o__Bacillales;f__Bacillaceae;g__Rossellomorea;s__Rossellomorea_aquimaris;t__SGB109819;0.00448;0.04438;0.0;0.0;0.0
k__Bacteria;p__Firmicutes;c__Bacilli;o__Lactobacillales;f__Enterococcaceae;g__Enterococcus;s__Enterococcus_casseliflavus;t__SGB7952;0.00444;0.0;0.0;0.0;0.0
k__Bacteria;p__Actinomycetota;c__Thermoleophilia;o__Miltoncostaeales;f__Miltoncostaeaceae;g__GGB64250;s__GGB64250_SGB86667;t__SGB86667;0.00441;0.00269;0.3537;0.0;0.0
k__Bacteria;p__Bacteroidota;c__Flavobacteriia;o__Flavobacteriales;f__Flavobacteriaceae;g__Aequorivita;s__Aequorivita_aquimaris;t__SGB2715;0.00388;0.90555;0.42065;0.0;0.0
k__Bacteria;p__Pseudomonadota;c__Alphaproteobacteria;o__Rhodobacterales;f__Paracoccaceae;g__Thioclava;s__Thioclava_marina;t__SGB10702;0.00342;0.60872;0.00904;0.0;0.0
k__Bacteria;p__Pseudomonadota;c__Gammaproteobacteria;o__Moraxellales;f__Moraxellaceae;g__Psychrobacter;s__Psychrobacter_sp_ANT_WB68;t__SGB81604;0.0034;0.00552;0.0056;0.0;0.0
k__Bacteria;p__Firmicutes;c__Bacilli;o__Bacillales;f__Bacillaceae;g__Bacillus;s__Bacillus_sp_RAR_GA_16;t__SGB109758;0.00336;0.33249;0.02515;0.0;0.0
k__Bacteria;p__Pseudomonadota;c__Alphaproteobacteria;o__Rhodobacterales;f__Roseobacteraceae;g__Thalassovita;s__Thalassobius_vesicularis;t__SGB56723;0.00331;0.00071;0.02333;0.0;0.0
k__Bacteria;p__Bacteroidota;c__Flavobacteriia;o__Flavobacteriales;f__Flavobacteriaceae;g__Meridianimaribacter;s__Meridianimaribacter_flavus;t__SGB28012;0.00329;0.20622;0.00759;0.0;0.0
k__Bacteria;p__Bacteroidota;c__Flavobacteriia;o__Flavobacteriales;f__Flavobacteriaceae;g__Flavobacterium;s__Flavobacterium_okayamense;t__SGB109355;0.0032;0.0;0.00705;0.0;0.0
k__Bacteria;p__Bacteroidota;c__Flavobacteriia;o__Flavobacteriales;f__Flavobacteriaceae;g__Winogradskyella;s__Winogradskyella_sp_MH6;t__SGB2845;0.00307;0.09729;0.00163;0.0;0.0
k__Bacteria;p__Firmicutes;c__Bacilli;o__Bacillales;f__Bacillaceae;g__Bacillus;s__Bacillus_sp_ISL_41;t__SGB94609;0.00264;0.00433;0.0;0.0;0.0
k__Bacteria;p__Pseudomonadota;c__Alphaproteobacteria;o__Sphingomonadales;f__Erythrobacteraceae;g__Qipengyuania;s__Qipengyuania_aestuarii;t__SGB111651;0.00231;0.0563;0.42279;0.0;0.0
k__Bacteria;p__Bacteroidota;c__Flavobacteriia;o__Flavobacteriales;f__Flavobacteriaceae;g__Maribacter;s__Maribacter_aurantiacus;t__SGB79212;0.0023;0.02584;0.0014;0.0;0.0
k__Bacteria;p__Firmicutes;c__Clostridia;o__Eubacteriales;f__Clostridiaceae;g__Clostridium;s__Clostridium_tertium;t__SGB6183;0.00226;0.0;0.0;0.0;0.0
k__Bacteria;p__Thermodesulfobacteriota;c__CFGB93781;o__OFGB93781;f__FGB93781;g__GGB6246;s__GGB6246_SGB8904;t__SGB8904;0.00223;0.0;0.0;0.0;0.0
k__Bacteria;p__Pseudomonadota;c__Alphaproteobacteria;o__Sphingomonadales;f__Erythrobacteraceae;g__Qipengyuania;s__Qipengyuania_proteolytica;t__SGB111655;0.00214;0.20832;0.08063;0.0;0.0
k__Bacteria;p__Pseudomonadota;c__Gammaproteobacteria;o__Moraxellales;f__Moraxellaceae;g__Acinetobacter;s__Acinetobacter_SGB165522;t__SGB165522;0.00199;0.00369;0.02183;0.0;0.0
k__Bacteria;p__Firmicutes;c__Bacilli;o__Bacillales;f__Bacillaceae;g__Mesobacillus;s__Mesobacillus_selenatarsenatis;t__SGB7560;0.00184;0.0;0.0;0.0;0.0
k__Bacteria;p__Bacteroidota;c__Flavobacteriia;o__Flavobacteriales;f__Flavobacteriaceae;g__Muriicola;s__Muriicola_marianensis;t__SGB79191;0.00183;0.01077;7,00E-05;0.0;0.0
k__Bacteria;p__Firmicutes;c__Bacilli;o__Bacillales;f__Bacillaceae;g__Lysinibacillus;s__Lysinibacillus_louembei;t__SGB154064;0.00182;0.00142;0.0;0.0;0.0
k__Bacteria;p__Bacteroidota;c__Flavobacteriia;o__Flavobacteriales;f__Flavobacteriaceae;g__Robiginitalea;s__Robiginitalea_sediminis;t__SGB27909;0.00175;0.00326;0.0;0.0;0.0
k__Bacteria;p__Actinomycetota;c__Actinomycetes;o__Mycobacteriales;f__Corynebacteriaceae;g__Corynebacterium;s__Corynebacterium_SGB61358;t__SGB61358;0.0017;0.0;0.02914;0.0;0.0
k__Bacteria;p__Pseudomonadota;c__CFGB23763;o__OFGB23763;f__FGB23763;g__GGB59727;s__GGB59727_SGB81551;t__SGB81551;0.00169;0.0;0.00161;0.0;0.0
k__Bacteria;p__Pseudomonadota;c__Alphaproteobacteria;o__Rhodobacterales;f__Roseobacteraceae;g__Ruegeria;s__Ruegeria_pomeroyi;t__SGB111379;0.00167;0.0;0.00539;0.0;0.0
k__Bacteria;p__Pseudomonadota;c__Alphaproteobacteria;o__Rhodobacterales;f__Paracoccaceae;g__Pseudothioclava;s__Pseudothioclava_arenosa;t__SGB24239;0.00163;0.0;0.012;0.0;0.0
k__Bacteria;p__Pseudomonadota;c__Alphaproteobacteria;o__Rhodobacterales;f__Roseobacteraceae;g__Thalassovita;s__Thalassovita_litoralis;t__SGB90524;0.0016;0.0;0.02073;0.0;0.0
k__Bacteria;p__Pseudomonadota;c__Alphaproteobacteria;o__Rhodobacterales;f__Roseobacteraceae;g__Rhodalgimonas;s__Rhodalgimonas_zhirmunskyi;t__SGB181912;0.00153;0.0;0.00462;0.0;0.0
k__Bacteria;p__Firmicutes;c__Clostridia;o__Eubacteriales;f__Clostridiaceae;g__Clostridiaceae_unclassified;s__Clostridiaceae_bacterium_AF10_41;t__SGB205747;0.00139;0.0;0.0;0.0;0.0
k__Bacteria;p__Bacteroidota;c__Flavobacteriia;o__Flavobacteriales;f__Flavobacteriaceae;g__Hanstruepera;s__Hanstruepera_neustonica;t__SGB2862;0.00138;0.00267;0.00214;0.0;0.0
k__Bacteria;p__Pseudomonadota;c__Alphaproteobacteria;o__Rhodobacterales;f__Roseobacteraceae;g__GGB43318;s__GGB43318_SGB138064;t__SGB138064;0.00136;0.0;0.37426;0.0;0.0
k__Bacteria;p__Actinomycetota;c__Actinomycetes;o__Micrococcales;f__Dermabacteraceae;g__Brachybacterium;s__Brachybacterium_aquaticum;t__SGB87478;0.00135;0.00069;0.26817;0.0;0.0
k__Bacteria;p__Actinomycetota;c__Actinomycetes;o__Micrococcales;f__Ornithinimicrobiaceae;g__Ornithinimicrobium;s__Ornithinimicrobium_kibberense;t__SGB16005;0.00131;0.01432;0.16671;0.0;0.0
k__Bacteria;p__Actinomycetota;c__CFGB67380;o__OFGB67380;f__FGB67380;g__GGB60247;s__GGB60247_SGB82192;t__SGB82192;0.0013;0.00199;0.00039;0.0;0.0
k__Bacteria;p__Firmicutes;c__Bacilli;o__Bacillales;f__Bacillaceae;g__Mesobacillus;s__Mesobacillus_subterraneus;t__SGB154082;0.00118;0.00096;0.0;0.0;0.0
k__Bacteria;p__Bacteroidota;c__Bacteroidia;o__Marinilabiliales;f__Prolixibacteraceae;g__Mangrovibacterium;s__Mangrovibacterium_diazotrophicum;t__SGB27889;0.00103;0.0;0.0;0.0;0.0
k__Bacteria;p__Pseudomonadota;c__Alphaproteobacteria;o__Rhodobacterales;f__Paracoccaceae;g__Defluviimonas;s__Defluviimonas_SGB90463;t__SGB90463;0.00099;0.00208;0.01567;0.0;0.0
k__Bacteria;p__Pseudomonadota;c__Gammaproteobacteria;o__Pseudomonadales;f__Marinobacteraceae;g__Marinobacter;s__Marinobacter_nauticus;t__SGB11915;0.00094;0.12466;0.0;0.0;0.0
k__Bacteria;p__Firmicutes;c__Bacilli;o__Bacillales;f__Bacillaceae;g__Cytobacillus;s__Cytobacillus_oceanisediminis;t__SGB7551;0.00091;0.00805;0.0;0.0;0.0
k__Bacteria;p__Firmicutes;c__Clostridia;o__Eubacteriales;f__Clostridiaceae;g__Proteiniclasticum;s__Proteiniclasticum_ruminis;t__SGB4012;0.00088;0.0;0.0;0.0;0.0
k__Bacteria;p__Firmicutes;c__Bacilli;o__Lactobacillales;f__Aerococcaceae;g__Aerococcus;s__Aerococcus_urinaeequi;t__SGB7897;0.00083;0.0;0.00961;0.0;0.0
k__Bacteria;p__Nitrospirota;c__Nitrospiria;o__Nitrospirales;f__Nitrospiraceae;g__GGB75461;s__GGB75461_SGB170944;t__SGB170944;0.00082;5,00E-05;0.0;0.0;0.0
k__Bacteria;p__Pseudomonadota;c__Gammaproteobacteria;o__Moraxellales;f__Moraxellaceae;g__Psychrobacter;s__Psychrobacter_immobilis;t__SGB10460;0.0008;0.0;0.02231;0.0;0.0
k__Bacteria;p__Firmicutes;c__Clostridia;o__Eubacteriales;f__Clostridiaceae;g__Clostridium;s__Clostridium_aquiflavi;t__SGB77454;0.00077;0.0;0.0;0.0;0.0
k__Bacteria;p__Firmicutes;c__Bacilli;o__Bacillales;f__Bacillaceae;g__Mesobacillus;s__Mesobacillus_jeotgali;t__SGB30253;0.00075;0.00071;0.0;0.0;0.0
k__Bacteria;p__Firmicutes;c__Bacilli;o__Bacillales;f__Bacillaceae;g__Cytobacillus;s__Cytobacillus_firmus;t__SGB25148;0.00073;0.01668;0.0;0.0;0.0
k__Bacteria;p__Planctomycetota;c__CFGB25759;o__OFGB25759;f__FGB25759;g__GGB98529;s__GGB98529_SGB137755;t__SGB137755;0.00071;0.00161;0.05519;0.0;0.0
k__Bacteria;p__Actinomycetota;c__Actinomycetes;o__Micrococcales;f__Microbacteriaceae;g__Microbacterium;s__Microbacterium_schleiferi;t__SGB23851;0.00066;0.0;0.07064;0.0;0.0
k__Bacteria;p__Planctomycetota;c__Planctomycetia;o__Pirellulales;f__Lacipirellulaceae;g__GGB138701;s__GGB138701_SGB185574;t__SGB185574;0.00058;0.00053;0.00028;0.0;0.0
k__Bacteria;p__Bacteroidota;c__Bacteroidia;o__Marinilabiliales;f__Prolixibacteraceae;g__Maribellus;s__Maribellus_luteus;t__SGB197668;0.00055;0.0;0.0;0.0;0.0
k__Bacteria;p__Pseudomonadota;c__Alphaproteobacteria;o__Sphingomonadales;f__Erythrobacteraceae;g__Qipengyuania;s__Qipengyuania_intermedia;t__SGB111664;0.00053;0.05804;0.04195;0.0;0.0
k__Bacteria;p__Actinomycetota;c__Actinomycetes;o__Propionibacteriales;f__Propionibacteriaceae;g__Brooklawnia;s__Brooklawnia_propionicigenes;t__SGB61426;0.00053;0.0;0.00919;0.0;0.0
k__Bacteria;p__Actinomycetota;c__Acidimicrobiia;o__Acidimicrobiales;f__Ilumatobacteraceae;g__Ilumatobacter;s__Ilumatobacter_fluminis;t__SGB33811;0.00037;0.00134;0.00588;0.0;0.0
k__Bacteria;p__Firmicutes;c__Clostridia;o__Clostridia_unclassified;f__Clostridia_unclassified;g__GGB55957;s__GGB55957_SGB77276;t__SGB77276;0.00027;0.0;0.0;0.0;0.0
k__Bacteria;p__Firmicutes;c__Clostridia;o__Eubacteriales;f__Clostridiaceae;g__Clostridium;s__Clostridium_weizhouense;t__SGB109593;0.00026;0.0;0.0;0.0;0.0
k__Bacteria;p__Pseudomonadota;c__Gammaproteobacteria;o__Oceanospirillales;f__Oceanospirillaceae;g__Neptunomonas;s__Neptunomonas_concharum;t__SGB58226;0.00026;0.0;0.01846;0.0;0.0
k__Bacteria;p__Pseudomonadota;c__Alphaproteobacteria;o__Rhodobacterales;f__Roseobacteraceae;g__Marivita;s__Marivita_geojedonensis;t__SGB10565;0.00025;0.0;0.0;0.0;0.0
k__Bacteria;p__Pseudomonadota;c__Alphaproteobacteria;o__Rhodobacterales;f__Paracoccaceae;g__Thioclava;s__Thioclava_sp_ES_031;t__SGB206424;0.00019;0.01308;0.0;0.0;0.0
k__Bacteria;p__Pseudomonadota;c__Alphaproteobacteria;o__Hyphomonadales;f__Hyphomonadaceae;g__Hyphomonas;s__Hyphomonas_sp_CY54_11_8;t__SGB10522;0.00018;0.0;0.00344;0.0;0.0
k__Bacteria;p__Actinomycetota;c__Actinomycetes;o__Mycobacteriales;f__Corynebacteriaceae;g__Corynebacterium;s__Corynebacterium_vitaeruminis;t__SGB17092;0.00018;0.00014;0.00166;0.0;0.0
k__Bacteria;p__Firmicutes;c__Bacilli;o__Bacillales;f__Bacillaceae;g__Priestia;s__Priestia_flexa;t__SGB7677;0.00017;0.04478;0.02425;0.0;0.0
k__Bacteria;p__Pseudomonadota;c__Alphaproteobacteria;o__Rhodobacterales;f__Paracoccaceae;g__Defluviimonas;s__Defluviimonas_denitrificans;t__SGB24223;0.00016;0.0021;0.00122;0.0;0.0
k__Bacteria;p__Pseudomonadota;c__Alphaproteobacteria;o__Hyphomicrobiales;f__Rhizobiaceae;g__GGB16199;s__GGB16199_SGB24558;t__SGB24558;0.00011;0.0;0.0;0.0;0.0
k__Bacteria;p__Pseudomonadota;c__Alphaproteobacteria;o__Sphingomonadales;f__Erythrobacteraceae;g__Qipengyuania;s__Qipengyuania_gelatinilytica;t__SGB111661;8,00E-05;0.0495;0.02237;0.0;0.0
k__Bacteria;p__Actinomycetota;c__CFGB92807;o__OFGB92807;f__FGB92807;g__GGB134974;s__GGB134974_SGB177300;t__SGB177300;4,00E-05;0.0;0.0;0.0;0.0
k__Bacteria;p__Pseudomonadota;c__Betaproteobacteria;;;;;;0.0;0.00406;0.02033;18.47072;6.95305
k__Bacteria;p__Bacteroidota;c__Cytophagia;;;;;;0.0;0.00242;0.00014;0.0;0.0
k__Bacteria;p__Thermodesulfobacteriota;c__Desulfarculia;;;;;;0.0;0.00121;0.0;0.0;0.0
k__Bacteria;p__Pseudomonadota;c__Gammaproteobacteria;o__Lysobacterales;;;;;0.0;0.16444;0.09197;0.0321;16.95291
k__Bacteria;p__Pseudomonadota;c__Betaproteobacteria;o__Burkholderiales;;;;;0.0;0.00406;0.0029;11.95555;6.71354
k__Bacteria;p__Actinomycetota;c__Actinomycetes;o__Pseudonocardiales;;;;;0.0;0.00372;0.0;0.0;0.0
k__Bacteria;p__Pseudomonadota;c__Alphaproteobacteria;o__Caulobacterales;;;;;0.0;0.00332;0.04377;0.0;0.02976
k__Bacteria;p__Pseudomonadota;c__Gammaproteobacteria;o__Cellvibrionales;;;;;0.0;0.00323;0.24395;0.0;0.0
k__Bacteria;p__Bacteroidota;c__Cytophagia;o__Cytophagales;;;;;0.0;0.00242;0.00014;0.0;0.0
k__Bacteria;p__Thermodesulfobacteriota;c__Desulfarculia;o__Desulfarculales;;;;;0.0;0.00121;0.0;0.0;0.0
k__Bacteria;p__Pseudomonadota;c__Gammaproteobacteria;o__Lysobacterales;f__Lysobacteraceae;;;;0.0;0.16444;0.09197;0.0;16.95291
k__Bacteria;p__Pseudomonadota;c__Alphaproteobacteria;o__Hyphomicrobiales;f__Devosiaceae;;;;0.0;0.04263;0.0;0.0;0.0
k__Bacteria;p__Actinomycetota;c__Actinomycetes;o__Mycobacteriales;f__Nocardiaceae;;;;0.0;0.03377;0.21449;0.02297;0.0
k__Bacteria;p__Actinomycetota;c__Actinomycetes;o__Micrococcales;f__Cellulomonadaceae;;;;0.0;0.02958;0.0;0.0;0.0
k__Bacteria;p__Actinomycetota;c__Actinomycetes;o__Mycobacteriales;f__Mycobacteriaceae;;;;0.0;0.01127;0.02838;11.4633;0.0
k__Bacteria;p__Pseudomonadota;c__Alphaproteobacteria;o__Hyphomicrobiales;f__Phyllobacteriaceae;;;;0.0;0.0087;0.0;0.0;0.0
k__Bacteria;p__Firmicutes;c__Bacilli;o__Bacillales;f__Paenibacillaceae;;;;0.0;0.00716;0.0;0.18836;0.0
k__Bacteria;p__Pseudomonadota;c__Betaproteobacteria;o__Burkholderiales;f__Alcaligenaceae;;;;0.0;0.00406;0.0;0.0;0.0647
k__Bacteria;p__Actinomycetota;c__Actinomycetes;o__Pseudonocardiales;f__Pseudonocardiaceae;;;;0.0;0.00372;0.0;0.0;0.0
k__Bacteria;p__Pseudomonadota;c__Alphaproteobacteria;o__Caulobacterales;f__Caulobacteraceae;;;;0.0;0.00332;0.04377;0.0;0.02976
k__Bacteria;p__Pseudomonadota;c__Gammaproteobacteria;o__Cellvibrionales;f__Microbulbiferaceae;;;;0.0;0.00323;0.24395;0.0;0.0
k__Bacteria;p__Bacteroidota;c__Cytophagia;o__Cytophagales;f__Cyclobacteriaceae;;;;0.0;0.00242;0.0;0.0;0.0
k__Bacteria;p__Actinomycetota;c__Actinomycetes;o__Micrococcales;f__Demequinaceae;;;;0.0;0.00227;0.1419;0.0;0.0
k__Bacteria;p__Thermodesulfobacteriota;c__Desulfarculia;o__Desulfarculales;f__Desulfarculaceae;;;;0.0;0.00121;0.0;0.0;0.0
k__Bacteria;p__Bacteroidota;c__Flavobacteriia;o__Flavobacteriales;f__Flavobacteriaceae;g__Xanthomarina;;;0.0;0.17481;0.0226;0.0;0.0
k__Bacteria;p__Pseudomonadota;c__Gammaproteobacteria;o__Lysobacterales;f__Lysobacteraceae;g__Marilutibacter;;;0.0;0.15198;0.0433;0.0;0.0
k__Bacteria;p__Bacteroidota;c__Flavobacteriia;o__Flavobacteriales;f__Flavobacteriaceae;g__Flagellimonas;;;0.0;0.13991;0.0;0.0;0.0
k__Bacteria;p__Bacteroidota;c__Flavobacteriia;o__Flavobacteriales;f__Flavobacteriaceae;g__Leeuwenhoekiella;;;0.0;0.13205;0.13328;0.0;0.0
k__Bacteria;p__Pseudomonadota;c__Alphaproteobacteria;o__Sphingomonadales;f__Erythrobacteraceae;g__Erythrobacter;;;0.0;0.08925;0.06795;0.0;0.0
k__Bacteria;p__Firmicutes;c__Bacilli;o__Bacillales;f__Bacillaceae;g__Fictibacillus;;;0.0;0.08643;0.00165;0.0;0.0
k__Bacteria;p__Bacteroidota;c__Flavobacteriia;o__Flavobacteriales;f__Flavobacteriaceae;g__Arenibacter;;;0.0;0.08073;0.00085;0.0;0.0
k__Bacteria;p__Pseudomonadota;c__Alphaproteobacteria;o__Rhodobacterales;f__Roseobacteraceae;g__Heliomarina;;;0.0;0.05114;0.0;0.0;0.0
k__Bacteria;p__Bacteroidota;c__Flavobacteriia;o__Flavobacteriales;f__Flavobacteriaceae;g__Zeaxanthinibacter;;;0.0;0.04418;0.00089;0.0;0.0
k__Bacteria;p__Pseudomonadota;c__Alphaproteobacteria;o__Rhodobacterales;f__Roseobacteraceae;g__Roseovarius;;;0.0;0.04367;0.0;0.0;0.0
k__Bacteria;p__Pseudomonadota;c__Alphaproteobacteria;o__Hyphomicrobiales;f__Devosiaceae;g__Youhaiella;;;0.0;0.04263;0.0;0.0;0.0
k__Bacteria;p__Pseudomonadota;c__Alphaproteobacteria;o__Rhodobacterales;f__Roseobacteraceae;g__Salipiger;;;0.0;0.04114;0.00159;0.0;0.0
k__Bacteria;p__Firmicutes;c__Bacilli;o__Bacillales;f__Bacillaceae;g__Niallia;;;0.0;0.04093;0.01769;0.0;0.0
k__Bacteria;p__Firmicutes;c__Bacilli;o__Bacillales;f__Bacillaceae;g__Pseudalkalibacillus;;;0.0;0.03408;0.0;0.0;0.0
k__Bacteria;p__Actinomycetota;c__Actinomycetes;o__Mycobacteriales;f__Nocardiaceae;g__Rhodococcus;;;0.0;0.03377;0.19484;0.0;0.0
k__Bacteria;p__Actinomycetota;c__Actinomycetes;o__Micrococcales;f__Cellulomonadaceae;g__Cellulomonas;;;0.0;0.02958;0.0;0.0;0.0
k__Bacteria;p__Pseudomonadota;c__Alphaproteobacteria;o__Hyphomicrobiales;f__Rhizobiaceae;g__Pseudorhizobium;;;0.0;0.02402;0.0;0.0;0.0
k__Bacteria;p__Firmicutes;c__Bacilli;o__Bacillales;f__Caryophanaceae;g__Jeotgalibacillus;;;0.0;0.02276;0.00275;0.0;0.0
k__Bacteria;p__Actinomycetota;c__Actinomycetes;o__Micrococcales;f__Microbacteriaceae;g__Leucobacter;;;0.0;0.02188;0.00104;0.0;0.0
k__Bacteria;p__Firmicutes;c__Bacilli;o__Bacillales;f__Bacillaceae;g__Fredinandcohnia;;;0.0;0.01784;0.0;0.0;0.0
k__Bacteria;p__Firmicutes;c__Bacilli;o__Bacillales;f__Bacillaceae;g__Metabacillus;;;0.0;0.01267;0.00107;0.0;0.0
k__Bacteria;p__Pseudomonadota;c__Gammaproteobacteria;o__Lysobacterales;f__Lysobacteraceae;g__Stenotrophomonas;;;0.0;0.01246;0.0;0.0;16.95087
k__Bacteria;p__Pseudomonadota;c__Alphaproteobacteria;o__Sphingomonadales;f__Erythrobacteraceae;g__Alteriqipengyuania;;;0.0;0.00985;0.01056;0.0;0.0
k__Bacteria;p__Actinomycetota;c__Actinomycetes;o__Micrococcales;f__Microbacteriaceae;g__Agromyces;;;0.0;0.00961;0.00588;0.0;0.0
k__Bacteria;p__Pseudomonadota;c__Alphaproteobacteria;o__Rhodobacterales;f__Roseobacteraceae;g__Donghicola;;;0.0;0.00943;0.00515;0.0;0.0
k__Bacteria;p__Pseudomonadota;c__Alphaproteobacteria;o__Hyphomicrobiales;f__Phyllobacteriaceae;g__Nitratireductor;;;0.0;0.0087;0.0;0.0;0.0
k__Bacteria;p__Pseudomonadota;c__Gammaproteobacteria;o__Oceanospirillales;f__Halomonadaceae;g__Salinicola;;;0.0;0.00832;0.04241;0.0;0.0
k__Bacteria;p__Actinomycetota;c__Actinomycetes;o__Micrococcales;f__Micrococcaceae;g__Glutamicibacter;;;0.0;0.00804;0.0;0.0;0.0
k__Bacteria;p__Bacteroidota;c__Flavobacteriia;o__Flavobacteriales;f__Flavobacteriaceae;g__Subsaxibacter;;;0.0;0.00714;0.0;0.0;0.0
k__Bacteria;p__Pseudomonadota;c__Alphaproteobacteria;o__Rhodobacterales;f__Paracoccaceae;g__Pseudooceanicola;;;0.0;0.00684;0.00618;0.0;0.0
k__Bacteria;p__Pseudomonadota;c__Alphaproteobacteria;o__Rhodobacterales;f__Paracoccaceae;g__Gemmobacter;;;0.0;0.00679;0.0;0.0;0.0
k__Bacteria;p__Firmicutes;c__Bacilli;o__Bacillales;f__Paenibacillaceae;g__Paenibacillus;;;0.0;0.00676;0.0;0.06662;0.0
k__Bacteria;p__Actinomycetota;c__Actinomycetes;o__Mycobacteriales;f__Mycobacteriaceae;g__Mycobacterium;;;0.0;0.00566;0.01367;0.11933;0.0
k__Bacteria;p__Pseudomonadota;c__Alphaproteobacteria;o__Sphingomonadales;f__Erythrobacteraceae;g__Tsuneonella;;;0.0;0.00566;0.00641;0.0;0.0
k__Bacteria;p__Actinomycetota;c__Actinomycetes;o__Mycobacteriales;f__Mycobacteriaceae;g__Mycolicibacterium;;;0.0;0.00561;0.01471;0.0;0.0
k__Bacteria;p__Pseudomonadota;c__Alphaproteobacteria;o__Rhodobacterales;f__Paracoccaceae;g__Aliiroseovarius;;;0.0;0.00525;0.00635;0.0;0.0
k__Bacteria;p__Bacteroidota;c__Flavobacteriia;o__Flavobacteriales;f__Flavobacteriaceae;g__Allomuricauda;;;0.0;0.00523;0.0;0.0;0.0
k__Bacteria;p__Bacteroidota;c__Flavobacteriia;o__Flavobacteriales;f__Flavobacteriaceae;g__Salegentibacter;;;0.0;0.00513;0.08392;0.0;0.0
k__Bacteria;p__Pseudomonadota;c__Betaproteobacteria;o__Burkholderiales;f__Alcaligenaceae;g__Pusillimonas;;;0.0;0.00406;0.0;0.0;0.0
k__Bacteria;p__Actinomycetota;c__Actinomycetes;o__Pseudonocardiales;f__Pseudonocardiaceae;g__Saccharopolyspora;;;0.0;0.00372;0.0;0.0;0.0
k__Bacteria;p__Bacteroidota;c__Flavobacteriia;o__Flavobacteriales;f__Flavobacteriaceae;g__Marixanthomonas;;;0.0;0.00338;0.0078;0.0;0.0
k__Bacteria;p__Pseudomonadota;c__Alphaproteobacteria;o__Caulobacterales;f__Caulobacteraceae;g__Brevundimonas;;;0.0;0.00332;0.04377;0.0;0.0
k__Bacteria;p__Pseudomonadota;c__Gammaproteobacteria;o__Cellvibrionales;f__Microbulbiferaceae;g__Microbulbifer;;;0.0;0.00323;0.24395;0.0;0.0
k__Bacteria;p__Bacteroidota;c__Cytophagia;o__Cytophagales;f__Cyclobacteriaceae;g__Cyclobacterium;;;0.0;0.00242;0.0;0.0;0.0
k__Bacteria;p__Actinomycetota;c__Actinomycetes;o__Micrococcales;f__Demequinaceae;g__Demequina;;;0.0;0.00227;0.1419;0.0;0.0
k__Bacteria;p__Bacteroidota;c__Flavobacteriia;o__Flavobacteriales;f__Flavobacteriaceae;g__Nonlabens;;;0.0;0.00126;0.00098;0.0;0.0
k__Bacteria;p__Thermodesulfobacteriota;c__Desulfarculia;o__Desulfarculales;f__Desulfarculaceae;g__GGB39200;;;0.0;0.00121;0.0;0.0;0.0
k__Bacteria;p__Firmicutes;c__Bacilli;o__Bacillales;f__Caryophanaceae;g__Sporosarcina;;;0.0;0.00121;0.0;0.0;0.0
k__Bacteria;p__Firmicutes;c__Bacilli;o__Bacillales;f__Bacillaceae;g__Sutcliffiella;;;0.0;0.00093;0.0;0.0;0.0
k__Bacteria;p__Firmicutes;c__Bacilli;o__Bacillales;f__Bacillaceae;g__Robertmurraya;;;0.0;0.0008;0.0;0.0;0.0
k__Bacteria;p__Firmicutes;c__Bacilli;o__Bacillales;f__Paenibacillaceae;g__Brevibacillus;;;0.0;0.00041;0.0;0.0;0.0
k__Bacteria;p__Firmicutes;c__Bacilli;o__Bacillales;f__Bacillaceae;g__Heyndrickxia;;;0.0;0.00035;0.0;1.24959;0.0
k__Bacteria;p__Firmicutes;c__Bacilli;o__Bacillales;f__Bacillaceae;g__Paucisalibacillus;;;0.0;0.00032;0.0;0.0;0.0
k__Bacteria;p__Actinomycetota;c__Actinomycetes;o__Micrococcales;f__Intrasporangiaceae;g__Nostocoides;;;0.0;0.0003;0.0;0.0;0.0
k__Bacteria;p__Firmicutes;c__Bacilli;o__Bacillales;f__Bacillales_unclassified;g__Exiguobacterium;s__Exiguobacterium_sp_s146;;0.0;0.86602;0.00251;0.0;0.0
k__Bacteria;p__Pseudomonadota;c__Alphaproteobacteria;o__Rhodobacterales;f__Paracoccaceae;g__Thioclava;s__Thioclava_nitratireducens;;0.0;0.57962;0.0;0.0;0.0
k__Bacteria;p__Pseudomonadota;c__Alphaproteobacteria;o__Sphingomonadales;f__Erythrobacteraceae;g__Qipengyuania;s__Qipengyuania_aquimaris;;0.0;0.5574;0.11983;0.0;0.0
k__Bacteria;p__Pseudomonadota;c__Alphaproteobacteria;o__Sphingomonadales;f__Erythrobacteraceae;g__Qipengyuania;s__Qipengyuania_aerophila;;0.0;0.27143;0.58611;0.0;0.0
k__Bacteria;p__Actinomycetota;c__Actinomycetes;o__Micrococcales;f__Microbacteriaceae;g__Microbacterium;s__Microbacterium_esteraromaticum;;0.0;0.17588;0.00085;0.0;0.0
k__Bacteria;p__Bacteroidota;c__Flavobacteriia;o__Flavobacteriales;f__Flavobacteriaceae;g__Xanthomarina;s__Xanthomarina_gelatinilytica;;0.0;0.17481;0.0226;0.0;0.0
k__Bacteria;p__Pseudomonadota;c__Gammaproteobacteria;o__Lysobacterales;f__Lysobacteraceae;g__Marilutibacter;s__Marilutibacter_spongiae;;0.0;0.15175;0.0433;0.0;0.0
k__Bacteria;p__Pseudomonadota;c__Alphaproteobacteria;o__Sphingomonadales;f__Erythrobacteraceae;g__Qipengyuania;s__Qipengyuania_flava;;0.0;0.14992;0.41055;0.0;0.0
k__Bacteria;p__Firmicutes;c__Bacilli;o__Bacillales;f__Bacillaceae;g__Priestia;s__Priestia_megaterium;;0.0;0.14874;0.0;0.0;0.0
k__Bacteria;p__Firmicutes;c__Bacilli;o__Bacillales;f__Bacillaceae;g__Bacillus;s__Bacillus_paranthracis;;0.0;0.11942;0.0;0.0;0.0
k__Bacteria;p__Bacteroidota;c__Flavobacteriia;o__Flavobacteriales;f__Flavobacteriaceae;g__Flagellimonas;s__Flagellimonas_beolgyonensis;;0.0;0.11751;0.0;0.0;0.0
k__Bacteria;p__Bacteroidota;c__Flavobacteriia;o__Flavobacteriales;f__Flavobacteriaceae;g__Leeuwenhoekiella;s__Leeuwenhoekiella_nanhaiensis;;0.0;0.09032;0.10888;0.0;0.0
k__Bacteria;p__Firmicutes;c__Bacilli;o__Bacillales;f__Bacillaceae;g__Fictibacillus;s__Fictibacillus_halophilus;;0.0;0.08426;0.0;0.0;0.0
k__Bacteria;p__Pseudomonadota;c__Alphaproteobacteria;o__Rhodobacterales;f__Paracoccaceae;g__Paracoccus;s__Paracoccus_maritimus;;0.0;0.06606;0.0738;0.0;0.0
k__Bacteria;p__Bacteroidota;c__Flavobacteriia;o__Flavobacteriales;f__Flavobacteriaceae;g__Arenibacter;s__Arenibacter_latericius;;0.0;0.05701;0.00085;0.0;0.0
k__Bacteria;p__Pseudomonadota;c__Alphaproteobacteria;o__Sphingomonadales;f__Erythrobacteraceae;g__Erythrobacter;s__Erythrobacter_sp_SD_21;;0.0;0.05454;0.05783;0.0;0.0
k__Bacteria;p__Firmicutes;c__Bacilli;o__Bacillales;f__Bacillaceae;g__Bacillus;s__Bacillus_sp_NTK034;;0.0;0.05447;0.0;0.0;0.0
k__Bacteria;p__Pseudomonadota;c__Alphaproteobacteria;o__Rhodobacterales;f__Roseobacteraceae;g__Heliomarina;s__Heliomarina_baculiformis;;0.0;0.05114;0.0;0.0;0.0
k__Bacteria;p__Bacteroidota;c__Flavobacteriia;o__Flavobacteriales;f__Flavobacteriaceae;g__Aequorivita;s__Aequorivita_sinensis;;0.0;0.04929;0.24668;0.0;0.0
k__Bacteria;p__Bacteroidota;c__Flavobacteriia;o__Flavobacteriales;f__Flavobacteriaceae;g__Winogradskyella;s__Winogradskyella_sp_SYSU_M77433;;0.0;0.04859;0.0;0.0;0.0
k__Bacteria;p__Bacteroidota;c__Flavobacteriia;o__Flavobacteriales;f__Flavobacteriaceae;g__Zeaxanthinibacter;s__Zeaxanthinibacter_enoshimensis;;0.0;0.04418;0.00089;0.0;0.0
k__Bacteria;p__Pseudomonadota;c__Alphaproteobacteria;o__Rhodobacterales;f__Roseobacteraceae;g__Roseovarius;s__Roseovarius_pacificus;;0.0;0.04367;0.0;0.0;0.0
k__Bacteria;p__Pseudomonadota;c__Alphaproteobacteria;o__Hyphomicrobiales;f__Devosiaceae;g__Youhaiella;s__Youhaiella_tibetensis;;0.0;0.04263;0.0;0.0;0.0
k__Bacteria;p__Pseudomonadota;c__Alphaproteobacteria;o__Sphingomonadales;f__Erythrobacteraceae;g__Qipengyuania;s__Qipengyuania_oceanensis;;0.0;0.04214;0.00621;0.0;0.0
k__Bacteria;p__Pseudomonadota;c__Alphaproteobacteria;o__Sphingomonadales;f__Erythrobacteraceae;g__Qipengyuania;s__Qipengyuania_xiamenensis;;0.0;0.04181;0.01214;0.0;0.0
k__Bacteria;p__Bacteroidota;c__Flavobacteriia;o__Flavobacteriales;f__Flavobacteriaceae;g__Leeuwenhoekiella;s__Leeuwenhoekiella_palythoae;;0.0;0.04173;0.0244;0.0;0.0
k__Bacteria;p__Pseudomonadota;c__Alphaproteobacteria;o__Rhodobacterales;f__Roseobacteraceae;g__Salipiger;s__Salipiger_thiooxidans;;0.0;0.04114;0.00159;0.0;0.0
k__Bacteria;p__Firmicutes;c__Bacilli;o__Bacillales;f__Bacillaceae;g__Niallia;s__Niallia_taxi;;0.0;0.03995;0.01769;0.0;0.0
k__Bacteria;p__Actinomycetota;c__Actinomycetes;o__Mycobacteriales;f__Nocardiaceae;g__Rhodococcus;s__Rhodococcus_ruber;;0.0;0.03377;0.01646;0.0;0.0
k__Bacteria;p__Firmicutes;c__Bacilli;o__Bacillales;f__Bacillaceae;g__Pseudalkalibacillus;s__Pseudalkalibacillus_hwajinpoensis;;0.0;0.03196;0.0;0.0;0.0
k__Bacteria;p__Actinomycetota;c__Actinomycetes;o__Micrococcales;f__Cellulomonadaceae;g__Cellulomonas;s__Cellulomonas_sp_APG4;;0.0;0.02958;0.0;0.0;0.0
k__Bacteria;p__Pseudomonadota;c__Alphaproteobacteria;o__Sphingomonadales;f__Erythrobacteraceae;g__Qipengyuania;s__Qipengyuania_gaetbuli;;0.0;0.02822;0.00462;0.0;0.0
k__Bacteria;p__Pseudomonadota;c__Alphaproteobacteria;o__Sphingomonadales;f__Erythrobacteraceae;g__Qipengyuania;s__Qipengyuania_soli;;0.0;0.02743;0.0002;0.0;0.0
k__Bacteria;p__Pseudomonadota;c__Alphaproteobacteria;o__Sphingomonadales;f__Erythrobacteraceae;g__Erythrobacter;s__Erythrobacter_sp_HKB08;;0.0;0.02579;0.00242;0.0;0.0
k__Bacteria;p__Pseudomonadota;c__Alphaproteobacteria;o__Hyphomicrobiales;f__Rhizobiaceae;g__Pseudorhizobium;s__Pseudorhizobium_flavum;;0.0;0.02402;0.0;0.0;0.0
k__Bacteria;p__Firmicutes;c__Bacilli;o__Bacillales;f__Bacillaceae;g__Bacillus;s__Bacillus_sp_Marseille_Q1617;;0.0;0.02384;0.00202;0.0;0.0
k__Bacteria;p__Firmicutes;c__Bacilli;o__Bacillales;f__Caryophanaceae;g__Jeotgalibacillus;s__Jeotgalibacillus_malaysiensis;;0.0;0.02276;0.00275;0.0;0.0
k__Bacteria;p__Actinomycetota;c__Actinomycetes;o__Micrococcales;f__Microbacteriaceae;g__Leucobacter;s__Leucobacter_muris;;0.0;0.02188;0.0;0.0;0.0
k__Bacteria;p__Bacteroidota;c__Flavobacteriia;o__Flavobacteriales;f__Flavobacteriaceae;g__Aequorivita;s__Aequorivita_vladivostokensis;;0.0;0.0213;0.0405;0.0;0.0
k__Bacteria;p__Pseudomonadota;c__Alphaproteobacteria;o__Sphingomonadales;f__Erythrobacteraceae;g__Qipengyuania;s__Qipengyuania_nanhaisediminis;;0.0;0.02104;0.03754;0.0;0.0
k__Bacteria;p__Firmicutes;c__Bacilli;o__Bacillales;f__Bacillaceae;g__Fredinandcohnia;s__Fredinandcohnia_onubensis;;0.0;0.01784;0.0;0.0;0.0
k__Bacteria;p__Bacteroidota;c__Flavobacteriia;o__Flavobacteriales;f__Flavobacteriaceae;g__Arenibacter;s__Arenibacter_palladensis;;0.0;0.01669;0.0;0.0;0.0
k__Bacteria;p__Pseudomonadota;c__Alphaproteobacteria;o__Sphingomonadales;f__Erythrobacteraceae;g__Altererythrobacter;s__Altererythrobacter_xiamenensis;;0.0;0.01661;0.00575;0.0;0.0
k__Bacteria;p__Firmicutes;c__Bacilli;o__Bacillales;f__Bacillaceae;g__Bacillus;s__Bacillus_tianshenii;;0.0;0.01577;0.0;0.0;0.0
k__Bacteria;p__Bacteroidota;c__Flavobacteriia;o__Flavobacteriales;f__Flavobacteriaceae;g__Maribacter;s__Maribacter_cobaltidurans;;0.0;0.01509;0.0;0.0;0.0
k__Bacteria;p__Bacteroidota;c__Flavobacteriia;o__Flavobacteriales;f__Flavobacteriaceae;g__Flagellimonas;s__Flagellimonas_olearia;;0.0;0.01473;0.0;0.0;0.0
k__Bacteria;p__Firmicutes;c__Bacilli;o__Bacillales;f__Bacillaceae;g__Rossellomorea;s__Rossellomorea_marisflavi;;0.0;0.01466;0.03202;0.0;0.0
k__Bacteria;p__Pseudomonadota;c__Alphaproteobacteria;o__Hyphomonadales;f__Hyphomonadaceae;g__Hyphomonas;s__Hyphomonas_jannaschiana;;0.0;0.01264;0.07027;0.0;0.0
k__Bacteria;p__Pseudomonadota;c__Gammaproteobacteria;o__Lysobacterales;f__Lysobacteraceae;g__Stenotrophomonas;s__Stenotrophomonas_acidaminiphila;;0.0;0.01246;0.0;0.0;0.0
k__Bacteria;p__Firmicutes;c__Bacilli;o__Bacillales;f__Bacillaceae;g__Bacillus;s__Bacillus_infantis;;0.0;0.01082;0.0;0.0;0.0
k__Bacteria;p__Pseudomonadota;c__Alphaproteobacteria;o__Sphingomonadales;f__Erythrobacteraceae;g__Alteriqipengyuania;s__Alteriqipengyuania_abyssalis;;0.0;0.00985;0.01056;0.0;0.0
k__Bacteria;p__Pseudomonadota;c__Alphaproteobacteria;o__Rhodobacterales;f__Roseobacteraceae;g__Donghicola;s__Donghicola_tyrosinivorans;;0.0;0.00943;0.00515;0.0;0.0
k__Bacteria;p__Pseudomonadota;c__Alphaproteobacteria;o__Hyphomicrobiales;f__Phyllobacteriaceae;g__Nitratireductor;s__Nitratireductor_aquimarinus;;0.0;0.0087;0.0;0.0;0.0
k__Bacteria;p__Pseudomonadota;c__Gammaproteobacteria;o__Oceanospirillales;f__Halomonadaceae;g__Salinicola;s__Salinicola_salarius;;0.0;0.00832;0.02102;0.0;0.0
k__Bacteria;p__Actinomycetota;c__Actinomycetes;o__Micrococcales;f__Micrococcaceae;g__Glutamicibacter;s__Glutamicibacter_soli;;0.0;0.00804;0.0;0.0;0.0
k__Bacteria;p__Actinomycetota;c__Actinomycetes;o__Micrococcales;f__Microbacteriaceae;g__Agromyces;s__Agromyces_mediolanus;;0.0;0.00793;0.0;0.0;0.0
k__Bacteria;p__Bacteroidota;c__Flavobacteriia;o__Flavobacteriales;f__Flavobacteriaceae;g__Subsaxibacter;s__Subsaxibacter_sp_CAU_1640;;0.0;0.00714;0.0;0.0;0.0
k__Bacteria;p__Bacteroidota;c__Flavobacteriia;o__Flavobacteriales;f__Flavobacteriaceae;g__Arenibacter;s__Arenibacter_troitsensis;;0.0;0.00692;0.0;0.0;0.0
k__Bacteria;p__Pseudomonadota;c__Alphaproteobacteria;o__Rhodobacterales;f__Paracoccaceae;g__Pseudooceanicola;s__Pseudooceanicola_nanhaiensis;;0.0;0.00684;0.0;0.0;0.0
k__Bacteria;p__Pseudomonadota;c__Alphaproteobacteria;o__Rhodobacterales;f__Paracoccaceae;g__Gemmobacter;s__Gemmobacter_lutimaris;;0.0;0.00679;0.0;0.0;0.0
k__Bacteria;p__Firmicutes;c__Bacilli;o__Bacillales;f__Paenibacillaceae;g__Paenibacillus;s__Paenibacillus_camelliae;;0.0;0.00676;0.0;0.0;0.0
k__Bacteria;p__Firmicutes;c__Bacilli;o__Bacillales;f__Bacillaceae;g__Cytobacillus;s__Cytobacillus_kochii;;0.0;0.00649;0.00166;0.0;0.0
k__Bacteria;p__Firmicutes;c__Bacilli;o__Bacillales;f__Bacillaceae;g__Metabacillus;s__Metabacillus_indicus;;0.0;0.00638;0.00107;0.0;0.0
k__Bacteria;p__Pseudomonadota;c__Alphaproteobacteria;o__Sphingomonadales;f__Erythrobacteraceae;g__Erythrobacter;s__Erythrobacter_sp_YJ_T3_07;;0.0;0.00635;0.00247;0.0;0.0
k__Bacteria;p__Firmicutes;c__Bacilli;o__Bacillales;f__Bacillaceae;g__Metabacillus;s__Metabacillus_halosaccharovorans;;0.0;0.00593;0.0;0.0;0.0
k__Bacteria;p__Actinomycetota;c__Actinomycetes;o__Micrococcales;f__Ornithinimicrobiaceae;g__Ornithinimicrobium;s__Ornithinimicrobium_flavum;;0.0;0.00593;0.11145;0.0;0.0
k__Bacteria;p__Bacteroidota;c__Flavobacteriia;o__Flavobacteriales;f__Flavobacteriaceae;g__Flagellimonas;s__Flagellimonas_alvinocaridis;;0.0;0.00575;0.0;0.0;0.0
k__Bacteria;p__Actinomycetota;c__Actinomycetes;o__Micrococcales;f__Microbacteriaceae;g__Microbacterium;s__Microbacterium_SGB87885;;0.0;0.00573;0.08905;0.0;0.0
k__Bacteria;p__Actinomycetota;c__Actinomycetes;o__Mycobacteriales;f__Mycobacteriaceae;g__Mycobacterium;s__Mycobacterium_sp_PO1;;0.0;0.00566;0.01367;0.0;0.0
k__Bacteria;p__Pseudomonadota;c__Alphaproteobacteria;o__Sphingomonadales;f__Erythrobacteraceae;g__Tsuneonella;s__Tsuneonella_suprasediminis;;0.0;0.00566;0.00337;0.0;0.0
k__Bacteria;p__Pseudomonadota;c__Alphaproteobacteria;o__Rhodobacterales;f__Paracoccaceae;g__Aliiroseovarius;s__Aliiroseovarius_zhejiangensis;;0.0;0.00525;0.0;0.0;0.0
k__Bacteria;p__Bacteroidota;c__Flavobacteriia;o__Flavobacteriales;f__Flavobacteriaceae;g__Salegentibacter;s__Salegentibacter_mishustinae;;0.0;0.00513;0.07784;0.0;0.0
k__Bacteria;p__Pseudomonadota;c__Alphaproteobacteria;o__Sphingomonadales;f__Erythrobacteraceae;g__Qipengyuania;s__Qipengyuania_vesicularis;;0.0;0.00472;0.01941;0.0;0.0
k__Bacteria;p__Bacteroidota;c__Flavobacteriia;o__Flavobacteriales;f__Flavobacteriaceae;g__Allomuricauda;s__Allomuricauda_sp_ARW1Y1;;0.0;0.00426;0.0;0.0;0.0
k__Bacteria;p__Actinomycetota;c__Actinomycetes;o__Mycobacteriales;f__Mycobacteriaceae;g__Mycolicibacterium;s__Mycolicibacterium_poriferae;;0.0;0.00417;0.01326;0.0;0.0
k__Bacteria;p__Pseudomonadota;c__Betaproteobacteria;o__Burkholderiales;f__Alcaligenaceae;g__Pusillimonas;s__Pusillimonas_caeni;;0.0;0.00406;0.0;0.0;0.0
k__Bacteria;p__Firmicutes;c__Bacilli;o__Bacillales;f__Bacillaceae;g__Cytobacillus;s__Cytobacillus_gottheilii;;0.0;0.00402;0.0;0.0;0.0
k__Bacteria;p__Actinomycetota;c__Actinomycetes;o__Pseudonocardiales;f__Pseudonocardiaceae;g__Saccharopolyspora;s__Saccharopolyspora_sp_HNM0983;;0.0;0.00372;0.0;0.0;0.0
k__Bacteria;p__Actinomycetota;c__Actinomycetes;o__Mycobacteriales;f__Gordoniaceae;g__Gordonia;s__Gordonia_alkanivorans;;0.0;0.00341;0.01969;0.0;0.0
k__Bacteria;p__Actinomycetota;c__Actinomycetes;o__Mycobacteriales;f__Gordoniaceae;g__Gordonia;s__Gordonia_amicalis;;0.0;0.00339;0.0;0.0;0.0
k__Bacteria;p__Bacteroidota;c__Flavobacteriia;o__Flavobacteriales;f__Flavobacteriaceae;g__Marixanthomonas;s__Marixanthomonas_sp_SCSIO_43207;;0.0;0.00338;0.0078;0.0;0.0
k__Bacteria;p__Pseudomonadota;c__Alphaproteobacteria;o__Caulobacterales;f__Caulobacteraceae;g__Brevundimonas;s__Brevundimonas_diminuta;;0.0;0.00332;0.00994;0.0;0.0
k__Bacteria;p__Pseudomonadota;c__Gammaproteobacteria;o__Cellvibrionales;f__Microbulbiferaceae;g__Microbulbifer;s__Microbulbifer_pacificus;;0.0;0.00302;0.03164;0.0;0.0
k__Bacteria;p__Pseudomonadota;c__Alphaproteobacteria;o__Sphingomonadales;f__Erythrobacteraceae;g__Erythrobacter;s__Erythrobacter_fulvus;;0.0;0.00257;0.0;0.0;0.0
k__Bacteria;p__Firmicutes;c__Bacilli;o__Bacillales;f__Caryophanaceae;g__Solibacillus;s__Solibacillus_daqui;;0.0;0.00247;0.0;0.0;0.0
k__Bacteria;p__Bacteroidota;c__Cytophagia;o__Cytophagales;f__Cyclobacteriaceae;g__Cyclobacterium;s__Cyclobacterium_sp_1_MG_2023;;0.0;0.00242;0.0;0.0;0.0
k__Bacteria;p__Firmicutes;c__Bacilli;o__Bacillales;f__Bacillaceae;g__Bacillus;s__Bacillus_safensis;;0.0;0.0024;0.00751;0.0;0.0
k__Bacteria;p__Actinomycetota;c__Actinomycetes;o__Micrococcales;f__Demequinaceae;g__Demequina;s__Demequina_sp_NBRC_110052;;0.0;0.00227;0.00186;0.0;0.0
k__Bacteria;p__Pseudomonadota;c__Alphaproteobacteria;o__Sphingomonadales;f__Erythrobacteraceae;g__Qipengyuania;s__Qipengyuania_sp_XHP0207;;0.0;0.00222;0.02435;0.0;0.0
k__Bacteria;p__Firmicutes;c__Bacilli;o__Bacillales;f__Bacillaceae;g__Fictibacillus;s__Fictibacillus_phosphorivorans;;0.0;0.00217;0.00165;0.0;0.0
k__Bacteria;p__Firmicutes;c__Bacilli;o__Bacillales;f__Bacillaceae;g__Pseudalkalibacillus;s__Pseudalkalibacillus_spartinae;;0.0;0.00212;0.0;0.0;0.0
k__Bacteria;p__Firmicutes;c__Bacilli;o__Bacillales;f__Bacillaceae;g__Bacillus;s__Bacillus_altitudinis;;0.0;0.00194;0.0;0.0;0.0
k__Bacteria;p__Bacteroidota;c__Flavobacteriia;o__Flavobacteriales;f__Flavobacteriaceae;g__Winogradskyella;s__Winogradskyella_epiphytica;;0.0;0.00178;0.01562;0.0;0.0
k__Bacteria;p__Actinomycetota;c__Actinomycetes;o__Micrococcales;f__Microbacteriaceae;g__Agromyces;s__Agromyces_indicus;;0.0;0.00168;0.00588;0.0;0.0
k__Bacteria;p__Firmicutes;c__Bacilli;o__Bacillales;f__Bacillales_unclassified;g__Exiguobacterium;s__Exiguobacterium_chiriqhucha;;0.0;0.00153;0.0;0.0;0.0
k__Bacteria;p__Actinomycetota;c__Actinomycetes;o__Mycobacteriales;f__Mycobacteriaceae;g__Mycolicibacterium;s__Mycolicibacterium_duvalii;;0.0;0.00145;0.00145;0.0;0.0
k__Bacteria;p__Bacteroidota;c__Flavobacteriia;o__Flavobacteriales;f__Flavobacteriaceae;g__Nonlabens;s__Nonlabens_tegetincola;;0.0;0.00126;0.00098;0.0;0.0
k__Bacteria;p__Thermodesulfobacteriota;c__Desulfarculia;o__Desulfarculales;f__Desulfarculaceae;g__GGB39200;s__GGB39200_SGB57355;;0.0;0.00121;0.0;0.0;0.0
k__Bacteria;p__Firmicutes;c__Bacilli;o__Bacillales;f__Caryophanaceae;g__Sporosarcina;s__Sporosarcina_saromensis;;0.0;0.00121;0.0;0.0;0.0
k__Bacteria;p__Pseudomonadota;c__Alphaproteobacteria;o__Sphingomonadales;f__Erythrobacteraceae;g__Altererythrobacter;s__Altererythrobacter_sp_CAU_1644;;0.0;0.00117;0.00245;0.0;0.0
k__Bacteria;p__Pseudomonadota;c__Alphaproteobacteria;o__Hyphomonadales;f__Hyphomonadaceae;g__Hyphomonas;s__Hyphomonas_sediminis;;0.0;0.00115;0.0;0.0;0.0
k__Bacteria;p__Pseudomonadota;c__Alphaproteobacteria;o__Sphingomonadales;f__Erythrobacteraceae;g__Qipengyuania;s__Qipengyuania_aurantiaca;;0.0;0.00107;0.0055;0.0;0.0
k__Bacteria;p__Bacteroidota;c__Flavobacteriia;o__Flavobacteriales;f__Flavobacteriaceae;g__Flagellimonas;s__Flagellimonas_marinaquae;;0.0;0.001;0.0;0.0;0.0
k__Bacteria;p__Firmicutes;c__Bacilli;o__Bacillales;f__Bacillaceae;g__Niallia;s__Niallia_circulans;;0.0;0.00098;0.0;0.0;0.0
k__Bacteria;p__Bacteroidota;c__Flavobacteriia;o__Flavobacteriales;f__Flavobacteriaceae;g__Allomuricauda;s__Allomuricauda_sp_M10;;0.0;0.00097;0.0;0.0;0.0
k__Bacteria;p__Bacteroidota;c__Flavobacteriia;o__Flavobacteriales;f__Flavobacteriaceae;g__Flagellimonas;s__Flagellimonas_aequoris;;0.0;0.00093;0.0;0.0;0.0
k__Bacteria;p__Firmicutes;c__Bacilli;o__Bacillales;f__Bacillaceae;g__Sutcliffiella;s__Sutcliffiella_horikoshii;;0.0;0.00093;0.0;0.0;0.0
k__Bacteria;p__Pseudomonadota;c__Alphaproteobacteria;o__Sphingomonadales;f__Erythrobacteraceae;g__Qipengyuania;s__Qipengyuania_polymorpha;;0.0;0.00084;0.00058;0.0;0.0
k__Bacteria;p__Firmicutes;c__Bacilli;o__Bacillales;f__Bacillaceae;g__Robertmurraya;s__Robertmurraya_kyonggiensis;;0.0;0.0008;0.0;0.0;0.0
k__Bacteria;p__Firmicutes;c__Bacilli;o__Bacillales;f__Bacillaceae;g__Bacillus;s__Bacillus_sp_N1_1;;0.0;0.00054;0.0;0.0;0.0
k__Bacteria;p__Bacteroidota;c__Flavobacteriia;o__Flavobacteriales;f__Flavobacteriaceae;g__Aequorivita;s__Aequorivita_iocasae;;0.0;0.00053;0.00307;0.0;0.0
k__Bacteria;p__Firmicutes;c__Bacilli;o__Bacillales;f__Bacillaceae;g__Lysinibacillus;s__Lysinibacillus_sp_SGAir0095;;0.0;0.0005;0.0;0.0;0.0
k__Bacteria;p__Pseudomonadota;c__Alphaproteobacteria;o__Rhodobacterales;f__Paracoccaceae;g__Paracoccus;s__Paracoccus_albicereus;;0.0;0.00048;0.00102;0.0;0.0
k__Bacteria;p__Firmicutes;c__Bacilli;o__Bacillales;f__Paenibacillaceae;g__Brevibacillus;s__Brevibacillus_centrosporus;;0.0;0.00041;0.0;0.0;0.0
k__Bacteria;p__Firmicutes;c__Bacilli;o__Bacillales;f__Bacillaceae;g__Metabacillus;s__Metabacillus_schmidteae;;0.0;0.00036;0.0;0.0;0.0
k__Bacteria;p__Firmicutes;c__Bacilli;o__Bacillales;f__Bacillaceae;g__Heyndrickxia;s__Heyndrickxia_oleronia;;0.0;0.00035;0.0;0.0;0.0
k__Bacteria;p__Actinomycetota;c__Actinomycetes;o__Micrococcales;f__Microbacteriaceae;g__Microbacterium;s__Microbacterium_paraoxydans;;0.0;0.00033;0.29523;0.0;0.0
k__Bacteria;p__Firmicutes;c__Bacilli;o__Bacillales;f__Bacillaceae;g__Paucisalibacillus;s__Paucisalibacillus_globulus;;0.0;0.00032;0.0;0.0;0.0
k__Bacteria;p__Actinomycetota;c__Actinomycetes;o__Micrococcales;f__Intrasporangiaceae;g__Nostocoides;s__Nostocoides_sp_F2B08;;0.0;0.0003;0.0;0.0;0.0
k__Bacteria;p__Pseudomonadota;c__Gammaproteobacteria;o__Lysobacterales;f__Lysobacteraceae;g__Marilutibacter;s__Marilutibacter_aestuarii;;0.0;0.00023;0.0;0.0;0.0
k__Bacteria;p__Pseudomonadota;c__Gammaproteobacteria;o__Cellvibrionales;f__Microbulbiferaceae;g__Microbulbifer;s__Microbulbifer_sp_ALW1;;0.0;0.00021;0.00098;0.0;0.0
k__Bacteria;p__Firmicutes;c__Bacilli;o__Bacillales;f__Bacillaceae;g__Bacillus;s__Bacillus_sinesaloumensis;;0.0;0.00016;0.0;0.0;0.0
k__Bacteria;p__Bacteroidota;c__Flavobacteriia;o__Flavobacteriales;f__Flavobacteriaceae;g__Arenibacter;s__Arenibacter_certesii;;0.0;0.0001;0.0;0.0;0.0
k__Bacteria;p__Pseudomonadota;c__Alphaproteobacteria;o__Sphingomonadales;f__Erythrobacteraceae;g__Qipengyuania;s__Qipengyuania_vulgaris;;0.0;9,00E-05;0.00014;0.0;0.0
k__Bacteria;p__Firmicutes;c__Bacilli;o__Bacillales;f__Bacillales_unclassified;g__Exiguobacterium;s__Exiguobacterium_sp_s146;t__SGB94588;0.0;0.86602;0.00251;0.0;0.0
k__Bacteria;p__Pseudomonadota;c__Alphaproteobacteria;o__Rhodobacterales;f__Paracoccaceae;g__Thioclava;s__Thioclava_nitratireducens;t__SGB10699;0.0;0.57962;0.0;0.0;0.0
k__Bacteria;p__Pseudomonadota;c__Alphaproteobacteria;o__Sphingomonadales;f__Erythrobacteraceae;g__Qipengyuania;s__Qipengyuania_aquimaris;t__SGB111660;0.0;0.52113;0.07391;0.0;0.0
k__Bacteria;p__Pseudomonadota;c__Alphaproteobacteria;o__Sphingomonadales;f__Erythrobacteraceae;g__Qipengyuania;s__Qipengyuania_aerophila;t__SGB11491;0.0;0.27143;0.58611;0.0;0.0
k__Bacteria;p__Actinomycetota;c__Actinomycetes;o__Micrococcales;f__Microbacteriaceae;g__Microbacterium;s__Microbacterium_esteraromaticum;t__SGB87888;0.0;0.17588;0.00085;0.0;0.0
k__Bacteria;p__Bacteroidota;c__Flavobacteriia;o__Flavobacteriales;f__Flavobacteriaceae;g__Xanthomarina;s__Xanthomarina_gelatinilytica;t__SGB2856;0.0;0.17481;0.0226;0.0;0.0
k__Bacteria;p__Pseudomonadota;c__Gammaproteobacteria;o__Lysobacterales;f__Lysobacteraceae;g__Marilutibacter;s__Marilutibacter_spongiae;t__SGB88889;0.0;0.15175;0.0433;0.0;0.0
k__Bacteria;p__Firmicutes;c__Bacilli;o__Bacillales;f__Bacillaceae;g__Priestia;s__Priestia_megaterium;t__SGB7678;0.0;0.14874;0.0;0.0;0.0
k__Bacteria;p__Pseudomonadota;c__Alphaproteobacteria;o__Sphingomonadales;f__Erythrobacteraceae;g__Qipengyuania;s__Qipengyuania_flava;t__SGB11494;0.0;0.148;0.40314;0.0;0.0
k__Bacteria;p__Firmicutes;c__Bacilli;o__Bacillales;f__Bacillaceae;g__Bacillus;s__Bacillus_paranthracis;t__SGB7703_group;0.0;0.11942;0.0;0.0;0.0
k__Bacteria;p__Bacteroidota;c__Flavobacteriia;o__Flavobacteriales;f__Flavobacteriaceae;g__Flagellimonas;s__Flagellimonas_beolgyonensis;t__SGB27927;0.0;0.11751;0.0;0.0;0.0
k__Bacteria;p__Bacteroidota;c__Flavobacteriia;o__Flavobacteriales;f__Flavobacteriaceae;g__Leeuwenhoekiella;s__Leeuwenhoekiella_nanhaiensis;t__SGB2741;0.0;0.09032;0.10888;0.0;0.0
k__Bacteria;p__Firmicutes;c__Bacilli;o__Bacillales;f__Bacillaceae;g__Fictibacillus;s__Fictibacillus_halophilus;t__SGB30111;0.0;0.08426;0.0;0.0;0.0
k__Bacteria;p__Firmicutes;c__Bacilli;o__Bacillales;f__Bacillaceae;g__Lysinibacillus;s__Lysinibacillus_fusiformis;t__SGB154060;0.0;0.07893;0.0;0.0;0.0
k__Bacteria;p__Pseudomonadota;c__Alphaproteobacteria;o__Rhodobacterales;f__Paracoccaceae;g__Paracoccus;s__Paracoccus_maritimus;t__SGB56711;0.0;0.06606;0.0738;0.0;0.0
k__Bacteria;p__Bacteroidota;c__Flavobacteriia;o__Flavobacteriales;f__Flavobacteriaceae;g__Arenibacter;s__Arenibacter_latericius;t__SGB27931;0.0;0.05701;0.00085;0.0;0.0
k__Bacteria;p__Pseudomonadota;c__Alphaproteobacteria;o__Sphingomonadales;f__Erythrobacteraceae;g__Erythrobacter;s__Erythrobacter_sp_SD_21;t__SGB11497;0.0;0.05454;0.05783;0.0;0.0
k__Bacteria;p__Firmicutes;c__Bacilli;o__Bacillales;f__Bacillaceae;g__Bacillus;s__Bacillus_sp_NTK034;t__SGB94617;0.0;0.05447;0.0;0.0;0.0
k__Bacteria;p__Pseudomonadota;c__Alphaproteobacteria;o__Rhodobacterales;f__Roseobacteraceae;g__Heliomarina;s__Heliomarina_baculiformis;t__SGB93810;0.0;0.05114;0.0;0.0;0.0
k__Bacteria;p__Bacteroidota;c__Flavobacteriia;o__Flavobacteriales;f__Flavobacteriaceae;g__Aequorivita;s__Aequorivita_sinensis;t__SGB79035;0.0;0.04929;0.24668;0.0;0.0
k__Bacteria;p__Bacteroidota;c__Flavobacteriia;o__Flavobacteriales;f__Flavobacteriaceae;g__Winogradskyella;s__Winogradskyella_sp_SYSU_M77433;t__SGB50077;0.0;0.04859;0.0;0.0;0.0
k__Bacteria;p__Bacteroidota;c__Flavobacteriia;o__Flavobacteriales;f__Flavobacteriaceae;g__Zeaxanthinibacter;s__Zeaxanthinibacter_enoshimensis;t__SGB27911;0.0;0.04418;0.00089;0.0;0.0
k__Bacteria;p__Pseudomonadota;c__Alphaproteobacteria;o__Rhodobacterales;f__Roseobacteraceae;g__Roseovarius;s__Roseovarius_pacificus;t__SGB111363;0.0;0.04367;0.0;0.0;0.0
k__Bacteria;p__Pseudomonadota;c__Alphaproteobacteria;o__Hyphomicrobiales;f__Devosiaceae;g__Youhaiella;s__Youhaiella_tibetensis;t__SGB10981;0.0;0.04263;0.0;0.0;0.0
k__Bacteria;p__Pseudomonadota;c__Alphaproteobacteria;o__Sphingomonadales;f__Erythrobacteraceae;g__Qipengyuania;s__Qipengyuania_oceanensis;t__SGB90058;0.0;0.04214;0.00621;0.0;0.0
k__Bacteria;p__Pseudomonadota;c__Alphaproteobacteria;o__Sphingomonadales;f__Erythrobacteraceae;g__Qipengyuania;s__Qipengyuania_xiamenensis;t__SGB111662;0.0;0.04181;0.01214;0.0;0.0
k__Bacteria;p__Bacteroidota;c__Flavobacteriia;o__Flavobacteriales;f__Flavobacteriaceae;g__Leeuwenhoekiella;s__Leeuwenhoekiella_palythoae;t__SGB2739;0.0;0.04173;0.0244;0.0;0.0
k__Bacteria;p__Pseudomonadota;c__Alphaproteobacteria;o__Rhodobacterales;f__Roseobacteraceae;g__Salipiger;s__Salipiger_thiooxidans;t__SGB10806;0.0;0.04114;0.00159;0.0;0.0
k__Bacteria;p__Firmicutes;c__Bacilli;o__Bacillales;f__Bacillaceae;g__Niallia;s__Niallia_taxi;t__SGB30277;0.0;0.03995;0.01769;0.0;0.0
k__Bacteria;p__Pseudomonadota;c__Alphaproteobacteria;o__Sphingomonadales;f__Erythrobacteraceae;g__Qipengyuania;s__Qipengyuania_aquimaris;t__SGB206462;0.0;0.03627;0.04592;0.0;0.0
k__Bacteria;p__Actinomycetota;c__Actinomycetes;o__Mycobacteriales;f__Nocardiaceae;g__Rhodococcus;s__Rhodococcus_ruber;t__SGB15836;0.0;0.03377;0.01646;0.0;0.0
k__Bacteria;p__Firmicutes;c__Bacilli;o__Bacillales;f__Bacillaceae;g__Pseudalkalibacillus;s__Pseudalkalibacillus_hwajinpoensis;t__SGB206131;0.0;0.03196;0.0;0.0;0.0
k__Bacteria;p__Actinomycetota;c__Actinomycetes;o__Micrococcales;f__Cellulomonadaceae;g__Cellulomonas;s__Cellulomonas_sp_APG4;t__SGB87526;0.0;0.02958;0.0;0.0;0.0
k__Bacteria;p__Pseudomonadota;c__Alphaproteobacteria;o__Sphingomonadales;f__Erythrobacteraceae;g__Qipengyuania;s__Qipengyuania_soli;t__SGB94159;0.0;0.02743;0.0002;0.0;0.0
k__Bacteria;p__Firmicutes;c__Bacilli;o__Bacillales;f__Bacillaceae;g__Priestia;s__Priestia_flexa;t__SGB25213;0.0;0.02614;0.0;0.0;0.0
k__Bacteria;p__Pseudomonadota;c__Alphaproteobacteria;o__Sphingomonadales;f__Erythrobacteraceae;g__Erythrobacter;s__Erythrobacter_sp_HKB08;t__SGB31606;0.0;0.02579;0.00242;0.0;0.0
k__Bacteria;p__Pseudomonadota;c__Alphaproteobacteria;o__Hyphomicrobiales;f__Rhizobiaceae;g__Pseudorhizobium;s__Pseudorhizobium_flavum;t__SGB11111;0.0;0.02402;0.0;0.0;0.0
k__Bacteria;p__Firmicutes;c__Bacilli;o__Bacillales;f__Bacillaceae;g__Bacillus;s__Bacillus_sp_Marseille_Q1617;t__SGB66476;0.0;0.02384;0.00202;0.0;0.0
k__Bacteria;p__Firmicutes;c__Bacilli;o__Bacillales;f__Caryophanaceae;g__Jeotgalibacillus;s__Jeotgalibacillus_malaysiensis;t__SGB154195;0.0;0.02276;0.00275;0.0;0.0
k__Bacteria;p__Pseudomonadota;c__Alphaproteobacteria;o__Rhodobacterales;f__Roseobacteraceae;g__Alloyangia;s__Alloyangia_pacifica;t__SGB10803;0.0;0.02215;0.0;0.0;0.0
k__Bacteria;p__Actinomycetota;c__Actinomycetes;o__Micrococcales;f__Microbacteriaceae;g__Leucobacter;s__Leucobacter_muris;t__SGB16936;0.0;0.02188;0.0;0.0;0.0
k__Bacteria;p__Bacteroidota;c__Flavobacteriia;o__Flavobacteriales;f__Flavobacteriaceae;g__Aequorivita;s__Aequorivita_vladivostokensis;t__SGB2714;0.0;0.0213;0.0405;0.0;0.0
k__Bacteria;p__Pseudomonadota;c__Alphaproteobacteria;o__Sphingomonadales;f__Erythrobacteraceae;g__Qipengyuania;s__Qipengyuania_nanhaisediminis;t__SGB11503;0.0;0.02104;0.03754;0.0;0.0
k__Bacteria;p__Firmicutes;c__Bacilli;o__Bacillales;f__Bacillaceae;g__Cytobacillus;s__Cytobacillus_oceanisediminis;t__SGB7569;0.0;0.01914;0.00122;0.0;0.0
k__Bacteria;p__Firmicutes;c__Bacilli;o__Bacillales;f__Bacillaceae;g__Fredinandcohnia;s__Fredinandcohnia_onubensis;t__SGB30195;0.0;0.01784;0.0;0.0;0.0
k__Bacteria;p__Pseudomonadota;c__Alphaproteobacteria;o__Sphingomonadales;f__Erythrobacteraceae;g__Qipengyuania;s__Qipengyuania_gaetbuli;t__SGB90062;0.0;0.01755;0.00403;0.0;0.0
k__Bacteria;p__Bacteroidota;c__Flavobacteriia;o__Flavobacteriales;f__Flavobacteriaceae;g__Arenibacter;s__Arenibacter_palladensis;t__SGB2769;0.0;0.01669;0.0;0.0;0.0
k__Bacteria;p__Pseudomonadota;c__Alphaproteobacteria;o__Sphingomonadales;f__Erythrobacteraceae;g__Altererythrobacter;s__Altererythrobacter_xiamenensis;t__SGB11490;0.0;0.01661;0.00575;0.0;0.0
k__Bacteria;p__Firmicutes;c__Bacilli;o__Bacillales;f__Bacillaceae;g__Bacillus;s__Bacillus_tianshenii;t__SGB94586;0.0;0.01577;0.0;0.0;0.0
k__Bacteria;p__Bacteroidota;c__Flavobacteriia;o__Flavobacteriales;f__Flavobacteriaceae;g__Maribacter;s__Maribacter_cobaltidurans;t__SGB2780;0.0;0.01509;0.0;0.0;0.0
k__Bacteria;p__Bacteroidota;c__Flavobacteriia;o__Flavobacteriales;f__Flavobacteriaceae;g__Flagellimonas;s__Flagellimonas_olearia;t__SGB27926;0.0;0.01473;0.0;0.0;0.0
k__Bacteria;p__Firmicutes;c__Bacilli;o__Bacillales;f__Bacillaceae;g__Rossellomorea;s__Rossellomorea_aquimaris;t__SGB30147;0.0;0.01418;0.0;0.0;0.0
k__Bacteria;p__Pseudomonadota;c__Alphaproteobacteria;o__Hyphomonadales;f__Hyphomonadaceae;g__Hyphomonas;s__Hyphomonas_jannaschiana;t__SGB10521;0.0;0.01264;0.07027;0.0;0.0
k__Bacteria;p__Pseudomonadota;c__Gammaproteobacteria;o__Lysobacterales;f__Lysobacteraceae;g__Stenotrophomonas;s__Stenotrophomonas_acidaminiphila;t__SGB32936;0.0;0.01246;0.0;0.0;0.0
k__Bacteria;p__Firmicutes;c__Bacilli;o__Bacillales;f__Bacillaceae;g__Bacillus;s__Bacillus_infantis;t__SGB7567;0.0;0.01082;0.0;0.0;0.0
k__Bacteria;p__Pseudomonadota;c__Alphaproteobacteria;o__Sphingomonadales;f__Erythrobacteraceae;g__Alteriqipengyuania;s__Alteriqipengyuania_abyssalis;t__SGB111670;0.0;0.00985;0.01056;0.0;0.0
k__Bacteria;p__Pseudomonadota;c__Alphaproteobacteria;o__Sphingomonadales;f__Erythrobacteraceae;g__Qipengyuania;s__Qipengyuania_gaetbuli;t__SGB111665;0.0;0.00965;0.00058;0.0;0.0
k__Bacteria;p__Pseudomonadota;c__Alphaproteobacteria;o__Rhodobacterales;f__Roseobacteraceae;g__Donghicola;s__Donghicola_tyrosinivorans;t__SGB24315;0.0;0.00943;0.00515;0.0;0.0
k__Bacteria;p__Pseudomonadota;c__Alphaproteobacteria;o__Hyphomicrobiales;f__Phyllobacteriaceae;g__Nitratireductor;s__Nitratireductor_aquimarinus;t__SGB32179;0.0;0.0087;0.0;0.0;0.0
k__Bacteria;p__Pseudomonadota;c__Gammaproteobacteria;o__Oceanospirillales;f__Halomonadaceae;g__Salinicola;s__Salinicola_salarius;t__SGB32429;0.0;0.00832;0.02102;0.0;0.0
k__Bacteria;p__Actinomycetota;c__Actinomycetes;o__Micrococcales;f__Micrococcaceae;g__Glutamicibacter;s__Glutamicibacter_soli;t__SGB16748;0.0;0.00804;0.0;0.0;0.0
k__Bacteria;p__Actinomycetota;c__Actinomycetes;o__Micrococcales;f__Microbacteriaceae;g__Agromyces;s__Agromyces_mediolanus;t__SGB87822;0.0;0.00793;0.0;0.0;0.0
k__Bacteria;p__Firmicutes;c__Bacilli;o__Bacillales;f__Bacillaceae;g__Rossellomorea;s__Rossellomorea_marisflavi;t__SGB7720;0.0;0.0079;0.03202;0.0;0.0
k__Bacteria;p__Bacteroidota;c__Flavobacteriia;o__Flavobacteriales;f__Flavobacteriaceae;g__Subsaxibacter;s__Subsaxibacter_sp_CAU_1640;t__SGB109425;0.0;0.00714;0.0;0.0;0.0
k__Bacteria;p__Bacteroidota;c__Flavobacteriia;o__Flavobacteriales;f__Flavobacteriaceae;g__Arenibacter;s__Arenibacter_troitsensis;t__SGB2770;0.0;0.00692;0.0;0.0;0.0
k__Bacteria;p__Pseudomonadota;c__Alphaproteobacteria;o__Rhodobacterales;f__Paracoccaceae;g__Pseudooceanicola;s__Pseudooceanicola_nanhaiensis;t__SGB31548;0.0;0.00684;0.0;0.0;0.0
k__Bacteria;p__Pseudomonadota;c__Alphaproteobacteria;o__Rhodobacterales;f__Paracoccaceae;g__Gemmobacter;s__Gemmobacter_lutimaris;t__SGB31462;0.0;0.00679;0.0;0.0;0.0
k__Bacteria;p__Firmicutes;c__Bacilli;o__Bacillales;f__Bacillaceae;g__Rossellomorea;s__Rossellomorea_marisflavi;t__SGB7719;0.0;0.00676;0.0;0.0;0.0
k__Bacteria;p__Firmicutes;c__Bacilli;o__Bacillales;f__Paenibacillaceae;g__Paenibacillus;s__Paenibacillus_camelliae;t__SGB82381;0.0;0.00676;0.0;0.0;0.0
k__Bacteria;p__Firmicutes;c__Bacilli;o__Bacillales;f__Bacillaceae;g__Cytobacillus;s__Cytobacillus_kochii;t__SGB7554;0.0;0.00649;0.00166;0.0;0.0
k__Bacteria;p__Firmicutes;c__Bacilli;o__Bacillales;f__Bacillaceae;g__Metabacillus;s__Metabacillus_indicus;t__SGB7794;0.0;0.00638;0.00107;0.0;0.0
k__Bacteria;p__Pseudomonadota;c__Alphaproteobacteria;o__Sphingomonadales;f__Erythrobacteraceae;g__Erythrobacter;s__Erythrobacter_sp_YJ_T3_07;t__SGB94151;0.0;0.00635;0.00247;0.0;0.0
k__Bacteria;p__Firmicutes;c__Bacilli;o__Bacillales;f__Bacillaceae;g__Metabacillus;s__Metabacillus_halosaccharovorans;t__SGB109830;0.0;0.00593;0.0;0.0;0.0
k__Bacteria;p__Actinomycetota;c__Actinomycetes;o__Micrococcales;f__Ornithinimicrobiaceae;g__Ornithinimicrobium;s__Ornithinimicrobium_flavum;t__SGB34105;0.0;0.00593;0.11145;0.0;0.0
k__Bacteria;p__Bacteroidota;c__Flavobacteriia;o__Flavobacteriales;f__Flavobacteriaceae;g__Flagellimonas;s__Flagellimonas_alvinocaridis;t__SGB50115;0.0;0.00575;0.0;0.0;0.0
k__Bacteria;p__Actinomycetota;c__Actinomycetes;o__Micrococcales;f__Microbacteriaceae;g__Microbacterium;s__Microbacterium_SGB87885;t__SGB87885;0.0;0.00573;0.08905;0.0;0.0
k__Bacteria;p__Pseudomonadota;c__Alphaproteobacteria;o__Sphingomonadales;f__Erythrobacteraceae;g__Tsuneonella;s__Tsuneonella_suprasediminis;t__SGB31592;0.0;0.00566;0.00337;0.0;0.0
k__Bacteria;p__Actinomycetota;c__Actinomycetes;o__Mycobacteriales;f__Mycobacteriaceae;g__Mycobacterium;s__Mycobacterium_sp_PO1;t__SGB93247;0.0;0.00566;0.01367;0.0;0.0
k__Bacteria;p__Pseudomonadota;c__Alphaproteobacteria;o__Rhodobacterales;f__Paracoccaceae;g__Aliiroseovarius;s__Aliiroseovarius_zhejiangensis;t__SGB90363;0.0;0.00525;0.0;0.0;0.0
k__Bacteria;p__Bacteroidota;c__Flavobacteriia;o__Flavobacteriales;f__Flavobacteriaceae;g__Salegentibacter;s__Salegentibacter_mishustinae;t__SGB2758;0.0;0.00513;0.07784;0.0;0.0
k__Bacteria;p__Pseudomonadota;c__Alphaproteobacteria;o__Sphingomonadales;f__Erythrobacteraceae;g__Qipengyuania;s__Qipengyuania_vesicularis;t__SGB111663;0.0;0.00472;0.01941;0.0;0.0
k__Bacteria;p__Bacteroidota;c__Flavobacteriia;o__Flavobacteriales;f__Flavobacteriaceae;g__Allomuricauda;s__Allomuricauda_sp_ARW1Y1;t__SGB79220;0.0;0.00426;0.0;0.0;0.0
k__Bacteria;p__Actinomycetota;c__Actinomycetes;o__Mycobacteriales;f__Mycobacteriaceae;g__Mycolicibacterium;s__Mycolicibacterium_poriferae;t__SGB61375;0.0;0.00417;0.01326;0.0;0.0
k__Bacteria;p__Pseudomonadota;c__Betaproteobacteria;o__Burkholderiales;f__Alcaligenaceae;g__Pusillimonas;s__Pusillimonas_caeni;t__SGB32661;0.0;0.00406;0.0;0.0;0.0
k__Bacteria;p__Firmicutes;c__Bacilli;o__Bacillales;f__Bacillaceae;g__Cytobacillus;s__Cytobacillus_gottheilii;t__SGB30268;0.0;0.00402;0.0;0.0;0.0
k__Bacteria;p__Actinomycetota;c__Actinomycetes;o__Pseudonocardiales;f__Pseudonocardiaceae;g__Saccharopolyspora;s__Saccharopolyspora_sp_HNM0983;t__SGB87400;0.0;0.00372;0.0;0.0;0.0
k__Bacteria;p__Actinomycetota;c__Actinomycetes;o__Mycobacteriales;f__Gordoniaceae;g__Gordonia;s__Gordonia_alkanivorans;t__SGB15791;0.0;0.00341;0.01969;0.0;0.0
k__Bacteria;p__Actinomycetota;c__Actinomycetes;o__Mycobacteriales;f__Gordoniaceae;g__Gordonia;s__Gordonia_amicalis;t__SGB15794;0.0;0.00339;0.0;0.0;0.0
k__Bacteria;p__Bacteroidota;c__Flavobacteriia;o__Flavobacteriales;f__Flavobacteriaceae;g__Marixanthomonas;s__Marixanthomonas_sp_SCSIO_43207;t__SGB109379;0.0;0.00338;0.0078;0.0;0.0
k__Bacteria;p__Pseudomonadota;c__Alphaproteobacteria;o__Caulobacterales;f__Caulobacteraceae;g__Brevundimonas;s__Brevundimonas_diminuta;t__SGB11731;0.0;0.00332;0.00994;0.0;0.0
k__Bacteria;p__Pseudomonadota;c__Gammaproteobacteria;o__Cellvibrionales;f__Microbulbiferaceae;g__Microbulbifer;s__Microbulbifer_pacificus;t__SGB177591;0.0;0.00302;0.01542;0.0;0.0
k__Bacteria;p__Pseudomonadota;c__Alphaproteobacteria;o__Sphingomonadales;f__Erythrobacteraceae;g__Erythrobacter;s__Erythrobacter_fulvus;t__SGB183023;0.0;0.00257;0.0;0.0;0.0
k__Bacteria;p__Firmicutes;c__Bacilli;o__Bacillales;f__Caryophanaceae;g__Solibacillus;s__Solibacillus_daqui;t__SGB109768;0.0;0.00247;0.0;0.0;0.0
k__Bacteria;p__Bacteroidota;c__Cytophagia;o__Cytophagales;f__Cyclobacteriaceae;g__Cyclobacterium;s__Cyclobacterium_sp_1_MG_2023;t__SGB196690;0.0;0.00242;0.0;0.0;0.0
k__Bacteria;p__Firmicutes;c__Bacilli;o__Bacillales;f__Bacillaceae;g__Bacillus;s__Bacillus_safensis;t__SGB7774;0.0;0.0024;0.00751;0.0;0.0
k__Bacteria;p__Actinomycetota;c__Actinomycetes;o__Micrococcales;f__Demequinaceae;g__Demequina;s__Demequina_sp_NBRC_110052;t__SGB34270;0.0;0.00227;0.00186;0.0;0.0
k__Bacteria;p__Pseudomonadota;c__Alphaproteobacteria;o__Sphingomonadales;f__Erythrobacteraceae;g__Qipengyuania;s__Qipengyuania_sp_XHP0207;t__SGB183064;0.0;0.00222;0.02435;0.0;0.0
k__Bacteria;p__Firmicutes;c__Bacilli;o__Bacillales;f__Bacillaceae;g__Fictibacillus;s__Fictibacillus_phosphorivorans;t__SGB82793;0.0;0.00217;0.00165;0.0;0.0
k__Bacteria;p__Firmicutes;c__Bacilli;o__Bacillales;f__Bacillaceae;g__Pseudalkalibacillus;s__Pseudalkalibacillus_spartinae;t__SGB154153;0.0;0.00212;0.0;0.0;0.0
k__Bacteria;p__Firmicutes;c__Bacilli;o__Bacillales;f__Bacillaceae;g__Bacillus;s__Bacillus_altitudinis;t__SGB7770;0.0;0.00194;0.0;0.0;0.0
k__Bacteria;p__Pseudomonadota;c__Alphaproteobacteria;o__Sphingomonadales;f__Erythrobacteraceae;g__Qipengyuania;s__Qipengyuania_flava;t__SGB111654;0.0;0.00192;0.00741;0.0;0.0
k__Bacteria;p__Bacteroidota;c__Flavobacteriia;o__Flavobacteriales;f__Flavobacteriaceae;g__Winogradskyella;s__Winogradskyella_epiphytica;t__SGB21777;0.0;0.00178;0.01562;0.0;0.0
k__Bacteria;p__Actinomycetota;c__Actinomycetes;o__Micrococcales;f__Microbacteriaceae;g__Agromyces;s__Agromyces_indicus;t__SGB16850;0.0;0.00168;0.00588;0.0;0.0
k__Bacteria;p__Firmicutes;c__Bacilli;o__Bacillales;f__Bacillaceae;g__Rossellomorea;s__Rossellomorea_aquimaris;t__SGB109820;0.0;0.00161;0.00062;0.0;0.0
k__Bacteria;p__Firmicutes;c__Bacilli;o__Bacillales;f__Bacillales_unclassified;g__Exiguobacterium;s__Exiguobacterium_chiriqhucha;t__SGB8322;0.0;0.00153;0.0;0.0;0.0
k__Bacteria;p__Actinomycetota;c__Actinomycetes;o__Mycobacteriales;f__Mycobacteriaceae;g__Mycolicibacterium;s__Mycolicibacterium_duvalii;t__SGB15682;0.0;0.00145;0.00145;0.0;0.0
k__Bacteria;p__Firmicutes;c__Bacilli;o__Bacillales;f__Caryophanaceae;g__Solibacillus;s__Solibacillus_isronensis;t__SGB109769;0.0;0.00134;0.0;0.0;0.0
k__Bacteria;p__Bacteroidota;c__Flavobacteriia;o__Flavobacteriales;f__Flavobacteriaceae;g__Nonlabens;s__Nonlabens_tegetincola;t__SGB2900;0.0;0.00126;0.00098;0.0;0.0
k__Bacteria;p__Firmicutes;c__Bacilli;o__Bacillales;f__Caryophanaceae;g__Sporosarcina;s__Sporosarcina_saromensis;t__SGB154050;0.0;0.00121;0.0;0.0;0.0
k__Bacteria;p__Thermodesulfobacteriota;c__Desulfarculia;o__Desulfarculales;f__Desulfarculaceae;g__GGB39200;s__GGB39200_SGB57355;t__SGB57355;0.0;0.00121;0.0;0.0;0.0
k__Bacteria;p__Pseudomonadota;c__Alphaproteobacteria;o__Sphingomonadales;f__Erythrobacteraceae;g__Altererythrobacter;s__Altererythrobacter_sp_CAU_1644;t__SGB183053;0.0;0.00117;0.00245;0.0;0.0
k__Bacteria;p__Pseudomonadota;c__Alphaproteobacteria;o__Hyphomonadales;f__Hyphomonadaceae;g__Hyphomonas;s__Hyphomonas_sediminis;t__SGB111403;0.0;0.00115;0.0;0.0;0.0
k__Bacteria;p__Pseudomonadota;c__Alphaproteobacteria;o__Sphingomonadales;f__Erythrobacteraceae;g__Qipengyuania;s__Qipengyuania_aurantiaca;t__SGB111657;0.0;0.00107;0.0055;0.0;0.0
k__Bacteria;p__Pseudomonadota;c__Alphaproteobacteria;o__Sphingomonadales;f__Erythrobacteraceae;g__Qipengyuania;s__Qipengyuania_gaetbuli;t__SGB140628;0.0;0.00101;0.0;0.0;0.0
k__Bacteria;p__Bacteroidota;c__Flavobacteriia;o__Flavobacteriales;f__Flavobacteriaceae;g__Flagellimonas;s__Flagellimonas_marinaquae;t__SGB109303;0.0;0.001;0.0;0.0;0.0
k__Bacteria;p__Firmicutes;c__Bacilli;o__Bacillales;f__Bacillaceae;g__Niallia;s__Niallia_circulans;t__SGB30275;0.0;0.00098;0.0;0.0;0.0
k__Bacteria;p__Bacteroidota;c__Flavobacteriia;o__Flavobacteriales;f__Flavobacteriaceae;g__Allomuricauda;s__Allomuricauda_sp_M10;t__SGB79215;0.0;0.00097;0.0;0.0;0.0
k__Bacteria;p__Firmicutes;c__Bacilli;o__Bacillales;f__Bacillaceae;g__Sutcliffiella;s__Sutcliffiella_horikoshii;t__SGB109826;0.0;0.00093;0.0;0.0;0.0
k__Bacteria;p__Bacteroidota;c__Flavobacteriia;o__Flavobacteriales;f__Flavobacteriaceae;g__Flagellimonas;s__Flagellimonas_aequoris;t__SGB27922;0.0;0.00093;0.0;0.0;0.0
k__Bacteria;p__Pseudomonadota;c__Alphaproteobacteria;o__Sphingomonadales;f__Erythrobacteraceae;g__Qipengyuania;s__Qipengyuania_polymorpha;t__SGB111658;0.0;0.00084;0.00058;0.0;0.0
k__Bacteria;p__Firmicutes;c__Bacilli;o__Bacillales;f__Bacillaceae;g__Robertmurraya;s__Robertmurraya_kyonggiensis;t__SGB49046;0.0;0.0008;0.0;0.0;0.0
k__Bacteria;p__Firmicutes;c__Bacilli;o__Bacillales;f__Bacillaceae;g__Rossellomorea;s__Rossellomorea_aquimaris;t__SGB7722;0.0;0.00075;0.0;0.0;0.0
k__Bacteria;p__Firmicutes;c__Bacilli;o__Bacillales;f__Bacillaceae;g__Lysinibacillus;s__Lysinibacillus_fusiformis;t__SGB7491;0.0;0.00067;0.0;0.0;0.0
k__Bacteria;p__Firmicutes;c__Bacilli;o__Bacillales;f__Bacillaceae;g__Bacillus;s__Bacillus_sp_N1_1;t__SGB101186;0.0;0.00054;0.0;0.0;0.0
k__Bacteria;p__Bacteroidota;c__Flavobacteriia;o__Flavobacteriales;f__Flavobacteriaceae;g__Aequorivita;s__Aequorivita_iocasae;t__SGB79037;0.0;0.00053;0.00307;0.0;0.0
k__Bacteria;p__Firmicutes;c__Bacilli;o__Bacillales;f__Bacillaceae;g__Lysinibacillus;s__Lysinibacillus_sp_SGAir0095;t__SGB49061;0.0;0.0005;0.0;0.0;0.0
k__Bacteria;p__Pseudomonadota;c__Alphaproteobacteria;o__Rhodobacterales;f__Paracoccaceae;g__Paracoccus;s__Paracoccus_albicereus;t__SGB111340;0.0;0.00048;0.00102;0.0;0.0
k__Bacteria;p__Firmicutes;c__Bacilli;o__Bacillales;f__Paenibacillaceae;g__Brevibacillus;s__Brevibacillus_centrosporus;t__SGB7324;0.0;0.00041;0.0;0.0;0.0
k__Bacteria;p__Firmicutes;c__Bacilli;o__Bacillales;f__Bacillaceae;g__Metabacillus;s__Metabacillus_schmidteae;t__SGB7743;0.0;0.00036;0.0;0.0;0.0
k__Bacteria;p__Firmicutes;c__Bacilli;o__Bacillales;f__Bacillaceae;g__Heyndrickxia;s__Heyndrickxia_oleronia;t__SGB7732;0.0;0.00035;0.0;0.0;0.0
k__Bacteria;p__Actinomycetota;c__Actinomycetes;o__Micrococcales;f__Microbacteriaceae;g__Microbacterium;s__Microbacterium_paraoxydans;t__SGB16869;0.0;0.00033;0.29523;0.0;0.0
k__Bacteria;p__Firmicutes;c__Bacilli;o__Bacillales;f__Bacillaceae;g__Paucisalibacillus;s__Paucisalibacillus_globulus;t__SGB30058;0.0;0.00032;0.0;0.0;0.0
k__Bacteria;p__Actinomycetota;c__Actinomycetes;o__Micrococcales;f__Intrasporangiaceae;g__Nostocoides;s__Nostocoides_sp_F2B08;t__SGB87588;0.0;0.0003;0.0;0.0;0.0
k__Bacteria;p__Pseudomonadota;c__Gammaproteobacteria;o__Lysobacterales;f__Lysobacteraceae;g__Marilutibacter;s__Marilutibacter_aestuarii;t__SGB88888;0.0;0.00023;0.0;0.0;0.0
k__Bacteria;p__Pseudomonadota;c__Gammaproteobacteria;o__Cellvibrionales;f__Microbulbiferaceae;g__Microbulbifer;s__Microbulbifer_sp_ALW1;t__SGB88976;0.0;0.00021;0.00098;0.0;0.0
k__Bacteria;p__Firmicutes;c__Bacilli;o__Bacillales;f__Bacillaceae;g__Bacillus;s__Bacillus_sinesaloumensis;t__SGB30200;0.0;0.00016;0.0;0.0;0.0
k__Bacteria;p__Bacteroidota;c__Flavobacteriia;o__Flavobacteriales;f__Flavobacteriaceae;g__Arenibacter;s__Arenibacter_certesii;t__SGB27930;0.0;0.0001;0.0;0.0;0.0
k__Bacteria;p__Pseudomonadota;c__Alphaproteobacteria;o__Sphingomonadales;f__Erythrobacteraceae;g__Qipengyuania;s__Qipengyuania_vulgaris;t__SGB31603;0.0;9,00E-05;0.00014;0.0;0.0
k__Archaea;;;;;;;;0.0;0.0;0.00424;0.06156;0.0488
k__Eukaryota;;;;;;;;0.0;0.0;0.0029;0.0;0.0
k__Bacteria;p__Cyanobacteriota;;;;;;;0.0;0.0;0.01194;0.0;0.0
k__Bacteria;p__Verrucomicrobiota;;;;;;;0.0;0.0;0.01149;1.69309;0.0
k__Archaea;p__Methanobacteriota;;;;;;;0.0;0.0;0.00424;0.06156;0.0488
k__Eukaryota;p__Ascomycota;;;;;;;0.0;0.0;0.0029;0.0;0.0
k__Bacteria;p__Deinococcota;;;;;;;0.0;0.0;0.00079;0.0;0.17936
k__Bacteria;p__Actinomycetota;c__CFGB13567;;;;;;0.0;0.0;1.77844;0.0;0.0
k__Bacteria;p__Actinomycetota;c__CFGB36511;;;;;;0.0;0.0;0.09148;0.0;0.0
k__Bacteria;p__Bacteroidota;c__CFGB83599;;;;;;0.0;0.0;0.01233;0.0;0.0
k__Bacteria;p__Cyanobacteriota;c__Cyanophyceae;;;;;;0.0;0.0;0.01194;0.0;0.0
k__Bacteria;p__Verrucomicrobiota;c__Opitutia;;;;;;0.0;0.0;0.01149;0.0;0.0
k__Bacteria;p__Bacteroidota;c__CFGB24306;;;;;;0.0;0.0;0.0102;0.0;0.0
k__Bacteria;p__Planctomycetota;c__CFGB46181;;;;;;0.0;0.0;0.00793;0.0;0.0
k__Bacteria;p__Pseudomonadota;c__CFGB72964;;;;;;0.0;0.0;0.00733;0.0;0.0
k__Bacteria;p__Pseudomonadota;c__CFGB83885;;;;;;0.0;0.0;0.00528;0.0;0.0
k__Bacteria;p__Firmicutes;c__Negativicutes;;;;;;0.0;0.0;0.00488;0.0;0.0
k__Bacteria;p__Firmicutes;c__CFGB40002;;;;;;0.0;0.0;0.00467;0.0;0.0
k__Bacteria;p__Bacteroidota;c__CFGB24175;;;;;;0.0;0.0;0.00443;0.0;0.0
k__Archaea;p__Methanobacteriota;c__Methanobacteria;;;;;;0.0;0.0;0.00424;0.0;0.0
k__Bacteria;p__Pseudomonadota;c__CFGB2312;;;;;;0.0;0.0;0.00334;0.0;0.0
k__Bacteria;p__Bacteroidota;c__CFGB463;;;;;;0.0;0.0;0.00301;0.0;0.0
k__Eukaryota;p__Ascomycota;c__Saccharomycetes;;;;;;0.0;0.0;0.0029;0.0;0.0
k__Bacteria;p__Bacteroidota;c__CFGB42410;;;;;;0.0;0.0;0.00233;0.0;0.0
k__Bacteria;p__Bacteroidota;c__Saprospiria;;;;;;0.0;0.0;0.00162;0.0;0.0
k__Bacteria;p__Actinomycetota;c__Coriobacteriia;;;;;;0.0;0.0;0.00155;0.0;0.0
k__Bacteria;p__Actinomycetota;c__CFGB31980;;;;;;0.0;0.0;0.00117;0.0;0.0
k__Bacteria;p__Deinococcota;c__Deinococci;;;;;;0.0;0.0;0.00079;0.0;0.17936
k__Bacteria;p__Pseudomonadota;c__CFGB41017;;;;;;0.0;0.0;0.00036;0.0;0.0
k__Bacteria;p__Planctomycetota;c__CFGB45719;;;;;;0.0;0.0;0.00036;0.0;0.0
k__Bacteria;p__Actinomycetota;c__CFGB13567;o__OFGB13567;;;;;0.0;0.0;1.77844;0.0;0.0
k__Bacteria;p__Actinomycetota;c__CFGB36511;o__OFGB36511;;;;;0.0;0.0;0.09148;0.0;0.0
k__Bacteria;p__Pseudomonadota;c__Gammaproteobacteria;o__Alteromonadales;;;;;0.0;0.0;0.06269;0.0;0.0
k__Bacteria;p__Pseudomonadota;c__Alphaproteobacteria;o__Candidatus_Pelagibacterales;;;;;0.0;0.0;0.04212;0.0;0.0
k__Bacteria;p__Pseudomonadota;c__Gammaproteobacteria;o__Thiotrichales;;;;;0.0;0.0;0.02042;0.0;0.0
k__Bacteria;p__Pseudomonadota;c__Betaproteobacteria;o__Nitrosomonadales;;;;;0.0;0.0;0.01742;0.0;0.0
k__Bacteria;p__Bacteroidota;c__CFGB83599;o__OFGB83599;;;;;0.0;0.0;0.01233;0.0;0.0
k__Bacteria;p__Cyanobacteriota;c__Cyanophyceae;o__Synechococcales;;;;;0.0;0.0;0.01194;0.0;0.0
k__Bacteria;p__Verrucomicrobiota;c__Opitutia;o__Puniceicoccales;;;;;0.0;0.0;0.01149;0.0;0.0
k__Bacteria;p__Actinomycetota;c__Actinomycetes;o__Kitasatosporales;;;;;0.0;0.0;0.0104;0.0;0.43868
k__Bacteria;p__Bacteroidota;c__CFGB24306;o__OFGB24306;;;;;0.0;0.0;0.0102;0.0;0.0
k__Bacteria;p__Bacteroidota;c__Bacteroidia;o__Bacteroidales;;;;;0.0;0.0;0.009;0.0;0.0
k__Bacteria;p__Actinomycetota;c__Actinomycetes;o__Catenulisporales;;;;;0.0;0.0;0.00848;0.0074;0.0
k__Bacteria;p__Planctomycetota;c__CFGB46181;o__OFGB46181;;;;;0.0;0.0;0.00793;0.0;0.0
k__Bacteria;p__Pseudomonadota;c__CFGB72964;o__OFGB72964;;;;;0.0;0.0;0.00733;0.0;0.0
k__Bacteria;p__Actinomycetota;c__Actinomycetes;o__Streptosporangiales;;;;;0.0;0.0;0.00721;1.37345;0.0
k__Bacteria;p__Pseudomonadota;c__CFGB83885;o__OFGB83885;;;;;0.0;0.0;0.00528;0.0;0.0
k__Bacteria;p__Firmicutes;c__Negativicutes;o__Selenomonadales;;;;;0.0;0.0;0.00488;0.0;0.0
k__Bacteria;p__Firmicutes;c__CFGB40002;o__OFGB40002;;;;;0.0;0.0;0.00467;0.0;0.0
k__Bacteria;p__Bacteroidota;c__CFGB24175;o__OFGB24175;;;;;0.0;0.0;0.00443;0.0;0.0
k__Archaea;p__Methanobacteriota;c__Methanobacteria;o__Methanobacteriales;;;;;0.0;0.0;0.00424;0.0;0.0
k__Bacteria;p__Pseudomonadota;c__CFGB2312;o__OFGB2312;;;;;0.0;0.0;0.00334;0.0;0.0
k__Bacteria;p__Pseudomonadota;c__Gammaproteobacteria;o__Enterobacterales;;;;;0.0;0.0;0.00328;0.0;0.82057
k__Bacteria;p__Bacteroidota;c__CFGB463;o__OFGB463;;;;;0.0;0.0;0.00301;0.0;0.0
k__Eukaryota;p__Ascomycota;c__Saccharomycetes;o__Saccharomycetales;;;;;0.0;0.0;0.0029;0.0;0.0
k__Bacteria;p__Actinomycetota;c__Actinomycetes;o__Bifidobacteriales;;;;;0.0;0.0;0.00263;0.0;0.0
k__Bacteria;p__Bacteroidota;c__CFGB42410;o__OFGB42410;;;;;0.0;0.0;0.00233;0.0;0.0
k__Bacteria;p__Actinomycetota;c__Actinomycetes;o__Actinomycetales;;;;;0.0;0.0;0.00175;0.0;0.0
k__Bacteria;p__Bacteroidota;c__Saprospiria;o__Saprospirales;;;;;0.0;0.0;0.00162;0.0;0.0
k__Bacteria;p__Actinomycetota;c__Coriobacteriia;o__Coriobacteriales;;;;;0.0;0.0;0.00155;0.0;0.0
k__Bacteria;p__Actinomycetota;c__CFGB31980;o__OFGB31980;;;;;0.0;0.0;0.00117;0.0;0.0
k__Bacteria;p__Deinococcota;c__Deinococci;o__Deinococcales;;;;;0.0;0.0;0.00079;0.0;0.17936
k__Bacteria;p__Pseudomonadota;c__Alphaproteobacteria;o__Rickettsiales;;;;;0.0;0.0;0.00045;0.0;0.0
k__Bacteria;p__Pseudomonadota;c__CFGB41017;o__OFGB41017;;;;;0.0;0.0;0.00036;0.0;0.0
k__Bacteria;p__Planctomycetota;c__CFGB45719;o__OFGB45719;;;;;0.0;0.0;0.00036;0.0;0.0
k__Bacteria;p__Actinomycetota;c__CFGB13567;o__OFGB13567;f__FGB13567;;;;0.0;0.0;1.77844;0.0;0.0
k__Bacteria;p__Actinomycetota;c__CFGB36511;o__OFGB36511;f__FGB36511;;;;0.0;0.0;0.09148;0.0;0.0
k__Bacteria;p__Actinomycetota;c__Actinomycetes;o__Micrococcales;f__Kytococcaceae;;;;0.0;0.0;0.08518;0.0;0.0
k__Bacteria;p__Pseudomonadota;c__Gammaproteobacteria;o__Alteromonadales;f__Pseudoalteromonadaceae;;;;0.0;0.0;0.05614;0.0;0.0
k__Bacteria;p__Actinomycetota;c__Actinomycetes;o__Micrococcales;f__Promicromonosporaceae;;;;0.0;0.0;0.03327;0.0;0.0
k__Bacteria;p__Bacteroidota;c__Flavobacteriia;o__Flavobacteriales;f__Weeksellaceae;;;;0.0;0.0;0.03076;0.0;0.0086
k__Bacteria;p__Actinomycetota;c__Actinomycetes;o__Micrococcales;f__Jonesiaceae;;;;0.0;0.0;0.02856;0.0;0.0
k__Bacteria;p__Bacteroidota;c__Flavobacteriia;o__Flavobacteriales;f__Cryomorphaceae;;;;0.0;0.0;0.02536;0.0;0.0
k__Bacteria;p__Pseudomonadota;c__Alphaproteobacteria;o__Candidatus_Pelagibacterales;f__Candidatus_Pelagibacteraceae;;;;0.0;0.0;0.02199;0.0;0.0
k__Bacteria;p__Pseudomonadota;c__Alphaproteobacteria;o__Candidatus_Pelagibacterales;f__Candidatus_Pelagibacterales_unclassified;;;;0.0;0.0;0.02013;0.0;0.0
k__Bacteria;p__Pseudomonadota;c__Gammaproteobacteria;o__Thiotrichales;f__Thiotrichaceae;;;;0.0;0.0;0.0189;0.0;0.0
k__Bacteria;p__Pseudomonadota;c__Betaproteobacteria;o__Nitrosomonadales;f__Methylophilaceae;;;;0.0;0.0;0.01673;0.0;0.0
k__Bacteria;p__Firmicutes;c__Bacilli;o__Lactobacillales;f__Lactobacillaceae;;;;0.0;0.0;0.0154;0.0;0.0
k__Bacteria;p__Actinomycetota;c__Actinomycetes;o__Propionibacteriales;f__Nocardioidaceae;;;;0.0;0.0;0.01276;0.0;0.00299
k__Bacteria;p__Bacteroidota;c__CFGB83599;o__OFGB83599;f__FGB83599;;;;0.0;0.0;0.01233;0.0;0.0
k__Bacteria;p__Cyanobacteriota;c__Cyanophyceae;o__Synechococcales;f__Synechococcaceae;;;;0.0;0.0;0.01194;0.0;0.0
k__Bacteria;p__Verrucomicrobiota;c__Opitutia;o__Puniceicoccales;f__Coraliomargaritaceae;;;;0.0;0.0;0.01149;0.0;0.0
k__Bacteria;p__Actinomycetota;c__Actinomycetes;o__Micrococcales;f__Brevibacteriaceae;;;;0.0;0.0;0.01139;0.0;0.0
k__Bacteria;p__Pseudomonadota;c__Gammaproteobacteria;o__Oceanospirillales;f__Alcanivoracaceae;;;;0.0;0.0;0.01069;0.0;0.0
k__Bacteria;p__Actinomycetota;c__Actinomycetes;o__Kitasatosporales;f__Streptomycetaceae;;;;0.0;0.0;0.0104;0.0;0.43868
k__Bacteria;p__Bacteroidota;c__CFGB24306;o__OFGB24306;f__FGB24306;;;;0.0;0.0;0.0102;0.0;0.0
k__Bacteria;p__Actinomycetota;c__Actinomycetes;o__Catenulisporales;f__Actinospicaceae;;;;0.0;0.0;0.00848;0.0074;0.0
k__Bacteria;p__Planctomycetota;c__CFGB46181;o__OFGB46181;f__FGB46181;;;;0.0;0.0;0.00793;0.0;0.0
k__Bacteria;p__Bacteroidota;c__Bacteroidia;o__Bacteroidales;f__Bacteroidales_unclassified;;;;0.0;0.0;0.00786;0.0;0.0
k__Bacteria;p__Pseudomonadota;c__CFGB72964;o__OFGB72964;f__FGB72964;;;;0.0;0.0;0.00733;0.0;0.0
k__Bacteria;p__Actinomycetota;c__Actinomycetes;o__Streptosporangiales;f__Nocardiopsidaceae;;;;0.0;0.0;0.00721;0.0;0.0
k__Bacteria;p__Pseudomonadota;c__Alphaproteobacteria;o__Sphingomonadales;f__Sphingomonadaceae;;;;0.0;0.0;0.00683;0.0;8.25939
k__Bacteria;p__Pseudomonadota;c__CFGB83885;o__OFGB83885;f__FGB83885;;;;0.0;0.0;0.00528;0.0;0.0
k__Bacteria;p__Firmicutes;c__Clostridia;o__Eubacteriales;f__Oscillospiraceae;;;;0.0;0.0;0.00512;0.0;0.0
k__Bacteria;p__Firmicutes;c__Negativicutes;o__Selenomonadales;f__Selenomonadaceae;;;;0.0;0.0;0.00488;0.0;0.0
k__Bacteria;p__Firmicutes;c__CFGB40002;o__OFGB40002;f__FGB40002;;;;0.0;0.0;0.00467;0.0;0.0
k__Bacteria;p__Bacteroidota;c__CFGB24175;o__OFGB24175;f__FGB24175;;;;0.0;0.0;0.00443;0.0;0.0
k__Archaea;p__Methanobacteriota;c__Methanobacteria;o__Methanobacteriales;f__Methanobacteriaceae;;;;0.0;0.0;0.00424;0.0;0.0
k__Bacteria;p__Pseudomonadota;c__Gammaproteobacteria;o__Alteromonadales;f__Idiomarinaceae;;;;0.0;0.0;0.00381;0.0;0.0
k__Bacteria;p__Pseudomonadota;c__CFGB2312;o__OFGB2312;f__FGB2312;;;;0.0;0.0;0.00334;0.0;0.0
k__Bacteria;p__Pseudomonadota;c__Gammaproteobacteria;o__Enterobacterales;f__Enterobacteriaceae;;;;0.0;0.0;0.00328;0.0;0.49276
k__Bacteria;p__Bacteroidota;c__CFGB463;o__OFGB463;f__FGB463;;;;0.0;0.0;0.00301;0.0;0.0
k__Bacteria;p__Pseudomonadota;c__Betaproteobacteria;o__Burkholderiales;f__Comamonadaceae;;;;0.0;0.0;0.0029;0.02535;3.97611
k__Eukaryota;p__Ascomycota;c__Saccharomycetes;o__Saccharomycetales;f__Debaryomycetaceae;;;;0.0;0.0;0.0029;0.0;0.0
k__Bacteria;p__Pseudomonadota;c__Gammaproteobacteria;o__Alteromonadales;f__Alteromonadaceae;;;;0.0;0.0;0.00273;0.0;0.0
k__Bacteria;p__Actinomycetota;c__Actinomycetes;o__Bifidobacteriales;f__Bifidobacteriaceae;;;;0.0;0.0;0.00263;0.0;0.0
k__Bacteria;p__Bacteroidota;c__CFGB42410;o__OFGB42410;f__FGB42410;;;;0.0;0.0;0.00233;0.0;0.0
k__Bacteria;p__Actinomycetota;c__Actinomycetes;o__Actinomycetales;f__Actinomycetaceae;;;;0.0;0.0;0.00175;0.0;0.0
k__Bacteria;p__Bacteroidota;c__Saprospiria;o__Saprospirales;f__Saprospirales_unclassified;;;;0.0;0.0;0.00162;0.0;0.0
k__Bacteria;p__Actinomycetota;c__Coriobacteriia;o__Coriobacteriales;f__Coriobacteriaceae;;;;0.0;0.0;0.00155;0.0;0.0
k__Bacteria;p__Pseudomonadota;c__Gammaproteobacteria;o__Thiotrichales;f__Piscirickettsiaceae;;;;0.0;0.0;0.00152;0.0;0.0
k__Bacteria;p__Actinomycetota;c__CFGB31980;o__OFGB31980;f__FGB31980;;;;0.0;0.0;0.00117;0.0;0.0
k__Bacteria;p__Bacteroidota;c__Bacteroidia;o__Bacteroidales;f__Bacteroidaceae;;;;0.0;0.0;0.00114;0.0;0.0
k__Bacteria;p__Deinococcota;c__Deinococci;o__Deinococcales;f__Deinococcaceae;;;;0.0;0.0;0.00079;0.0;0.17936
k__Bacteria;p__Pseudomonadota;c__Alphaproteobacteria;o__Hyphomicrobiales;f__Stappiaceae;;;;0.0;0.0;0.00071;0.0;0.0
k__Bacteria;p__Pseudomonadota;c__Betaproteobacteria;o__Nitrosomonadales;f__Nitrosomonadales_unclassified;;;;0.0;0.0;0.00069;0.0;0.0
k__Bacteria;p__Pseudomonadota;c__Gammaproteobacteria;o__Oceanospirillales;f__Balneatrichaceae;;;;0.0;0.0;0.0005;0.0;0.0
k__Bacteria;p__Pseudomonadota;c__Alphaproteobacteria;o__Rickettsiales;f__Candidatus_Midichloriaceae;;;;0.0;0.0;0.00045;0.0;0.0
k__Bacteria;p__Pseudomonadota;c__CFGB41017;o__OFGB41017;f__FGB41017;;;;0.0;0.0;0.00036;0.0;0.0
k__Bacteria;p__Planctomycetota;c__CFGB45719;o__OFGB45719;f__FGB45719;;;;0.0;0.0;0.00036;0.0;0.0
k__Bacteria;p__Bacteroidota;c__Cytophagia;o__Cytophagales;f__Leadbetterellaceae;;;;0.0;0.0;0.00014;0.0;0.0
k__Bacteria;p__Actinomycetota;c__CFGB13567;o__OFGB13567;f__FGB13567;g__GGB136195;;;0.0;0.0;1.69608;0.0;0.0
k__Bacteria;p__Pseudomonadota;c__Alphaproteobacteria;o__Rhodobacterales;f__Paracoccaceae;g__GGB43317;;;0.0;0.0;0.29501;0.0;0.0
k__Bacteria;p__Pseudomonadota;c__Alphaproteobacteria;o__Rhodobacterales;f__Roseobacteraceae;g__Loktanella;;;0.0;0.0;0.21702;0.0;0.0
k__Bacteria;p__Pseudomonadota;c__Alphaproteobacteria;o__Rhodobacterales;f__Paracoccaceae;g__Marivivens;;;0.0;0.0;0.14304;0.0;0.0
k__Bacteria;p__Firmicutes;c__Bacilli;o__Bacillales;f__Staphylococcaceae;g__Salinicoccus;;;0.0;0.0;0.13968;0.0;0.0
k__Bacteria;p__Actinomycetota;c__Acidimicrobiia;o__Acidimicrobiales;f__Ilumatobacteraceae;g__GGB31920;;;0.0;0.0;0.12682;0.0;0.0
k__Bacteria;p__Actinomycetota;c__Actinomycetes;o__Micrococcales;f__Micrococcaceae;g__Kocuria;;;0.0;0.0;0.12204;0.0;0.0
k__Bacteria;p__Bacteroidota;c__Flavobacteriia;o__Flavobacteriales;f__Flavobacteriaceae;g__Christiangramia;;;0.0;0.0;0.10158;0.0;0.0
k__Bacteria;p__Pseudomonadota;c__Alphaproteobacteria;o__Rhodobacterales;f__Roseobacteraceae;g__Sulfitobacter;;;0.0;0.0;0.09425;0.0;0.0
k__Bacteria;p__Actinomycetota;c__CFGB36511;o__OFGB36511;f__FGB36511;g__GGB60033;;;0.0;0.0;0.09148;0.0;0.0
k__Bacteria;p__Actinomycetota;c__Actinomycetes;o__Micrococcales;f__Kytococcaceae;g__Kytococcus;;;0.0;0.0;0.08518;0.0;0.0
k__Bacteria;p__Pseudomonadota;c__Alphaproteobacteria;o__Rhodobacterales;f__Paracoccaceae;g__GGB66792;;;0.0;0.0;0.08429;0.0;0.0
k__Bacteria;p__Pseudomonadota;c__Alphaproteobacteria;o__Sphingomonadales;f__Erythrobacteraceae;g__Erythrobacteraceae_unclassified;;;0.0;0.0;0.07267;0.0;0.0
k__Bacteria;p__Pseudomonadota;c__Alphaproteobacteria;o__Rhodobacterales;f__Rhodobacterales_unclassified;g__Rhodobacterales_unclassified;;;0.0;0.0;0.0649;0.0;0.0
k__Bacteria;p__Pseudomonadota;c__Gammaproteobacteria;o__Alteromonadales;f__Pseudoalteromonadaceae;g__Pseudoalteromonas;;;0.0;0.0;0.05614;0.0;0.0
k__Bacteria;p__Actinomycetota;c__CFGB13567;o__OFGB13567;f__FGB13567;g__GGB136196;;;0.0;0.0;0.051;0.0;0.0
k__Bacteria;p__Firmicutes;c__Bacilli;o__Bacillales;f__Bacillaceae;g__Halobacillus;;;0.0;0.0;0.04978;0.0;0.0
k__Bacteria;p__Bacteroidota;c__Flavobacteriia;o__Flavobacteriales;f__Flavobacteriaceae;g__Zunongwangia;;;0.0;0.0;0.04859;0.0;0.0
k__Bacteria;p__Firmicutes;c__Bacilli;o__Bacillales;f__Caryophanaceae;g__Tetzosporium;;;0.0;0.0;0.03099;0.0;0.0
k__Bacteria;p__Pseudomonadota;c__Gammaproteobacteria;o__Lysobacterales;f__Lysobacteraceae;g__Novilysobacter;;;0.0;0.0;0.03;0.0;0.0
k__Bacteria;p__Actinomycetota;c__Actinomycetes;o__Micrococcales;f__Jonesiaceae;g__Jonesia;;;0.0;0.0;0.02856;0.0;0.0
k__Bacteria;p__Actinomycetota;c__Actinomycetes;o__Micrococcales;f__Promicromonosporaceae;g__Cellulosimicrobium;;;0.0;0.0;0.02748;0.0;0.0
k__Bacteria;p__Bacteroidota;c__Flavobacteriia;o__Flavobacteriales;f__Cryomorphaceae;g__Acidiluteibacter;;;0.0;0.0;0.02536;0.0;0.0
k__Bacteria;p__Pseudomonadota;c__Alphaproteobacteria;o__Rhodobacterales;f__Paracoccaceae;g__Nioella;;;0.0;0.0;0.0247;0.0;0.0
k__Bacteria;p__Bacteroidota;c__Flavobacteriia;o__Flavobacteriales;f__Weeksellaceae;g__Profundicola;;;0.0;0.0;0.02378;0.0;0.0
k__Bacteria;p__Planctomycetota;c__CFGB25759;o__OFGB25759;f__FGB25759;g__GGB45144;;;0.0;0.0;0.02202;0.0;0.0
k__Bacteria;p__Pseudomonadota;c__Alphaproteobacteria;o__Candidatus_Pelagibacterales;f__Candidatus_Pelagibacteraceae;g__GGB47040;;;0.0;0.0;0.02199;0.0;0.0
k__Bacteria;p__Pseudomonadota;c__Alphaproteobacteria;o__Candidatus_Pelagibacterales;f__Candidatus_Pelagibacterales_unclassified;g__GGB47034;;;0.0;0.0;0.02013;0.0;0.0
k__Bacteria;p__Actinomycetota;c__Actinomycetes;o__Mycobacteriales;f__Nocardiaceae;g__Rhodococcoides;;;0.0;0.0;0.01965;0.0;0.0
k__Bacteria;p__Pseudomonadota;c__Alphaproteobacteria;o__Rhodobacterales;f__Paracoccaceae;g__Pseudorhodobacter;;;0.0;0.0;0.01947;0.0;0.0
k__Bacteria;p__Pseudomonadota;c__Gammaproteobacteria;o__Thiotrichales;f__Thiotrichaceae;g__Leucothrix;;;0.0;0.0;0.0189;0.0;0.0
k__Bacteria;p__Pseudomonadota;c__Gammaproteobacteria;o__Lysobacterales;f__Lysobacteraceae;g__Luteimonas;;;0.0;0.0;0.01868;0.0;0.0
k__Bacteria;p__Pseudomonadota;c__Betaproteobacteria;o__Nitrosomonadales;f__Methylophilaceae;g__Methylophilaceae_unclassified;;;0.0;0.0;0.01673;0.0;0.0
k__Bacteria;p__Actinomycetota;c__CFGB13567;o__OFGB13567;f__FGB13567;g__GGB33138;;;0.0;0.0;0.01618;0.0;0.0
k__Bacteria;p__Actinomycetota;c__CFGB13567;o__OFGB13567;f__FGB13567;g__GGB44069;;;0.0;0.0;0.01518;0.0;0.0
k__Bacteria;p__Actinomycetota;c__Actinomycetes;o__Propionibacteriales;f__Nocardioidaceae;g__Nocardioides;;;0.0;0.0;0.01276;0.0;0.00299
k__Bacteria;p__Bacteroidota;c__Flavobacteriia;o__Flavobacteriales;f__Flavobacteriaceae;g__Gelidibacter;;;0.0;0.0;0.01274;0.0;0.0
k__Bacteria;p__Bacteroidota;c__CFGB83599;o__OFGB83599;f__FGB83599;g__GGB99166;;;0.0;0.0;0.01233;0.0;0.0
k__Bacteria;p__Firmicutes;c__Bacilli;o__Lactobacillales;f__Lactobacillaceae;g__Lactiplantibacillus;;;0.0;0.0;0.0122;0.0;0.0
k__Bacteria;p__Cyanobacteriota;c__Cyanophyceae;o__Synechococcales;f__Synechococcaceae;g__Synechococcus;;;0.0;0.0;0.01194;0.0;0.0
k__Bacteria;p__Verrucomicrobiota;c__Opitutia;o__Puniceicoccales;f__Coraliomargaritaceae;g__GGB25700;;;0.0;0.0;0.01149;0.0;0.0
k__Bacteria;p__Actinomycetota;c__Actinomycetes;o__Micrococcales;f__Brevibacteriaceae;g__Brevibacterium;;;0.0;0.0;0.01139;0.0;0.0
k__Bacteria;p__Pseudomonadota;c__Gammaproteobacteria;o__Oceanospirillales;f__Alcanivoracaceae;g__Alcanivorax;;;0.0;0.0;0.01069;0.0;0.0
k__Bacteria;p__Actinomycetota;c__Actinomycetes;o__Kitasatosporales;f__Streptomycetaceae;g__Streptomyces;;;0.0;0.0;0.0104;0.0;0.39925
k__Bacteria;p__Bacteroidota;c__CFGB24306;o__OFGB24306;f__FGB24306;g__GGB14202;;;0.0;0.0;0.0102;0.0;0.0
k__Bacteria;p__Actinomycetota;c__Actinomycetes;o__Propionibacteriales;f__Propionibacteriaceae;g__Tessaracoccus;;;0.0;0.0;0.0094;0.0;0.0
k__Bacteria;p__Firmicutes;c__Bacilli;o__Bacillales;f__Caryophanaceae;g__Planomicrobium;;;0.0;0.0;0.00867;0.0;0.0
k__Bacteria;p__Actinomycetota;c__Actinomycetes;o__Catenulisporales;f__Actinospicaceae;g__Actinospica;;;0.0;0.0;0.00848;0.0074;0.0
k__Bacteria;p__Planctomycetota;c__CFGB46181;o__OFGB46181;f__FGB46181;g__GGB97621;;;0.0;0.0;0.00793;0.0;0.0
k__Bacteria;p__Bacteroidota;c__Bacteroidia;o__Bacteroidales;f__Bacteroidales_unclassified;g__GGB56036;;;0.0;0.0;0.00786;0.0;0.0
k__Bacteria;p__Pseudomonadota;c__Alphaproteobacteria;o__Rhodobacterales;f__Paracoccaceae;g__GGB132915;;;0.0;0.0;0.00767;0.0;0.0
k__Bacteria;p__Bacteroidota;c__Flavobacteriia;o__Flavobacteriales;f__Flavobacteriaceae;g__Bizionia;;;0.0;0.0;0.00749;0.0;0.0
k__Bacteria;p__Pseudomonadota;c__CFGB72964;o__OFGB72964;f__FGB72964;g__GGB46913;;;0.0;0.0;0.00733;0.0;0.0
k__Bacteria;p__Pseudomonadota;c__Alphaproteobacteria;o__Sphingomonadales;f__Erythrobacteraceae;g__Alteraurantiacibacter;;;0.0;0.0;0.00732;0.0;0.0
k__Bacteria;p__Actinomycetota;c__Actinomycetes;o__Streptosporangiales;f__Nocardiopsidaceae;g__Nocardiopsis;;;0.0;0.0;0.00721;0.0;0.0
k__Bacteria;p__Bacteroidota;c__Flavobacteriia;o__Flavobacteriales;f__Weeksellaceae;g__Chryseobacterium;;;0.0;0.0;0.00698;0.0;0.0086
k__Bacteria;p__Bacteroidota;c__Flavobacteriia;o__Flavobacteriales;f__Flavobacteriaceae;g__GGB142108;;;0.0;0.0;0.00601;0.0;0.0
k__Bacteria;p__Actinomycetota;c__Actinomycetes;o__Micrococcales;f__Promicromonosporaceae;g__Isoptericola;;;0.0;0.0;0.00578;0.0;0.0
k__Bacteria;p__Pseudomonadota;c__CFGB83885;o__OFGB83885;f__FGB83885;g__GGB43144;;;0.0;0.0;0.00528;0.0;0.0
k__Bacteria;p__Actinomycetota;c__Actinomycetes;o__Micrococcales;f__Micrococcaceae;g__Zhihengliuella;;;0.0;0.0;0.00518;0.0;0.0
k__Bacteria;p__Firmicutes;c__Clostridia;o__Eubacteriales;f__Oscillospiraceae;g__GGB9634;;;0.0;0.0;0.00512;0.0;0.0
k__Bacteria;p__Firmicutes;c__Negativicutes;o__Selenomonadales;f__Selenomonadaceae;g__Pectinatus;;;0.0;0.0;0.00488;0.0;0.0
k__Bacteria;p__Pseudomonadota;c__Alphaproteobacteria;o__Sphingomonadales;f__Sphingomonadaceae;g__GGB131183;;;0.0;0.0;0.00479;0.0;0.0
k__Bacteria;p__Firmicutes;c__Bacilli;o__Bacillales;f__Caryophanaceae;g__Chryseomicrobium;;;0.0;0.0;0.00469;0.0;0.0
k__Bacteria;p__Firmicutes;c__CFGB40002;o__OFGB40002;f__FGB40002;g__GGB42066;;;0.0;0.0;0.00467;0.0;0.0
k__Bacteria;p__Pseudomonadota;c__Alphaproteobacteria;o__Rhodobacterales;f__Roseobacteraceae;g__Roseivivax;;;0.0;0.0;0.00465;0.0;0.0
k__Bacteria;p__Bacteroidota;c__Flavobacteriia;o__Flavobacteriales;f__Flavobacteriaceae;g__GGB49933;;;0.0;0.0;0.00452;0.0;0.0
k__Bacteria;p__Pseudomonadota;c__Gammaproteobacteria;o__Oceanospirillales;f__Halomonadaceae;g__Halomonas;;;0.0;0.0;0.00451;0.0;0.0
k__Bacteria;p__Bacteroidota;c__CFGB24175;o__OFGB24175;f__FGB24175;g__GGB108659;;;0.0;0.0;0.00443;0.0;0.0
k__Bacteria;p__Pseudomonadota;c__Alphaproteobacteria;o__Rhodobacterales;f__Paracoccaceae;g__GGB43300;;;0.0;0.0;0.00396;0.0;0.0
k__Bacteria;p__Pseudomonadota;c__Gammaproteobacteria;o__Alteromonadales;f__Idiomarinaceae;g__Pseudidiomarina;;;0.0;0.0;0.00381;0.0;0.0
k__Bacteria;p__Pseudomonadota;c__Gammaproteobacteria;o__Oceanospirillales;f__Halomonadaceae;g__Kushneria;;;0.0;0.0;0.00358;0.0;0.0
k__Bacteria;p__Pseudomonadota;c__Alphaproteobacteria;o__Sphingomonadales;f__Erythrobacteraceae;g__Aurantiacibacter;;;0.0;0.0;0.00335;0.0;0.0
k__Archaea;p__Methanobacteriota;c__Methanobacteria;o__Methanobacteriales;f__Methanobacteriaceae;g__Methanobrevibacter;;;0.0;0.0;0.00335;0.0;0.0
k__Bacteria;p__Pseudomonadota;c__CFGB2312;o__OFGB2312;f__FGB2312;g__GGB42957;;;0.0;0.0;0.00334;0.0;0.0
k__Bacteria;p__Firmicutes;c__Bacilli;o__Lactobacillales;f__Lactobacillaceae;g__Limosilactobacillus;;;0.0;0.0;0.00321;0.0;0.0
k__Bacteria;p__Actinomycetota;c__Actinomycetes;o__Micrococcales;f__Ornithinimicrobiaceae;g__Serinicoccus;;;0.0;0.0;0.00316;0.0;0.0
k__Bacteria;p__Pseudomonadota;c__Alphaproteobacteria;o__Rhodobacterales;f__Paracoccaceae;g__Cereibacter;;;0.0;0.0;0.00307;0.0;0.0
k__Bacteria;p__Bacteroidota;c__CFGB463;o__OFGB463;f__FGB463;g__GGB46612;;;0.0;0.0;0.00301;0.0;0.0
k__Bacteria;p__Bacteroidota;c__Flavobacteriia;o__Flavobacteriales;f__Flavobacteriaceae;g__GGB110760;;;0.0;0.0;0.00295;0.0;0.0
k__Bacteria;p__Pseudomonadota;c__Betaproteobacteria;o__Burkholderiales;f__Comamonadaceae;g__GGB98133;;;0.0;0.0;0.0029;0.0;0.0
k__Eukaryota;p__Ascomycota;c__Saccharomycetes;o__Saccharomycetales;f__Debaryomycetaceae;g__Candida;;;0.0;0.0;0.0029;0.0;0.0
k__Bacteria;p__Pseudomonadota;c__Gammaproteobacteria;o__Oceanospirillales;f__Oceanospirillaceae;g__Marinobacterium;;;0.0;0.0;0.00287;0.0;0.0
k__Bacteria;p__Pseudomonadota;c__Gammaproteobacteria;o__Alteromonadales;f__Alteromonadaceae;g__Alkalimarinus;;;0.0;0.0;0.00273;0.0;0.0
k__Bacteria;p__Actinomycetota;c__Actinomycetes;o__Bifidobacteriales;f__Bifidobacteriaceae;g__Bifidobacterium;;;0.0;0.0;0.00263;0.0;0.0
k__Bacteria;p__Pseudomonadota;c__Gammaproteobacteria;o__Oceanospirillales;f__Halomonadaceae;g__Cobetia;;;0.0;0.0;0.00258;0.0;0.0
k__Bacteria;p__Pseudomonadota;c__Gammaproteobacteria;o__Enterobacterales;f__Enterobacteriaceae;g__Enterobacter;;;0.0;0.0;0.00239;0.0;0.48507
k__Bacteria;p__Bacteroidota;c__CFGB42410;o__OFGB42410;f__FGB42410;g__GGB46774;;;0.0;0.0;0.00233;0.0;0.0
k__Bacteria;p__Actinomycetota;c__Actinomycetes;o__Micrococcales;f__Micrococcaceae;g__Arthrobacter;;;0.0;0.0;0.00219;0.0;0.0
k__Bacteria;p__Pseudomonadota;c__Alphaproteobacteria;o__Sphingomonadales;f__Sphingomonadaceae;g__Sphingomonas;;;0.0;0.0;0.00204;0.0;7.51425
k__Bacteria;p__Bacteroidota;c__Flavobacteriia;o__Flavobacteriales;f__Flavobacteriaceae;g__Polaribacter;;;0.0;0.0;0.00192;0.0;0.0
k__Bacteria;p__Actinomycetota;c__Actinomycetes;o__Actinomycetales;f__Actinomycetaceae;g__Schaalia;;;0.0;0.0;0.00175;0.0;0.0
k__Bacteria;p__Bacteroidota;c__Saprospiria;o__Saprospirales;f__Saprospirales_unclassified;g__Saprospirales_unclassified;;;0.0;0.0;0.00162;0.0;0.0
k__Bacteria;p__Actinomycetota;c__Coriobacteriia;o__Coriobacteriales;f__Coriobacteriaceae;g__Collinsella;;;0.0;0.0;0.00155;0.0;0.0
k__Bacteria;p__Pseudomonadota;c__Gammaproteobacteria;o__Thiotrichales;f__Piscirickettsiaceae;g__GGB8990;;;0.0;0.0;0.00152;0.0;0.0
k__Bacteria;p__Bacteroidota;c__Flavobacteriia;o__Flavobacteriales;f__Flavobacteriaceae;g__GGB68165;;;0.0;0.0;0.00144;0.0;0.0
k__Bacteria;p__Pseudomonadota;c__Alphaproteobacteria;o__Rhodobacterales;f__Paracoccaceae;g__Paracoccaceae_unclassified;;;0.0;0.0;0.00139;0.0;0.0
k__Bacteria;p__Firmicutes;c__Bacilli;o__Bacillales;f__Bacillaceae;g__Pontibacillus;;;0.0;0.0;0.00139;0.0;0.0
k__Bacteria;p__Actinomycetota;c__CFGB31980;o__OFGB31980;f__FGB31980;g__GGB60258;;;0.0;0.0;0.00117;0.0;0.0
k__Bacteria;p__Bacteroidota;c__Bacteroidia;o__Bacteroidales;f__Bacteroidaceae;g__Bacteroides;;;0.0;0.0;0.00114;0.0;0.0
k__Bacteria;p__Bacteroidota;c__Flavobacteriia;o__Flavobacteriales;f__Flavobacteriaceae;g__Flavobacteriaceae_unclassified;;;0.0;0.0;0.001;0.0;0.0
k__Bacteria;p__Pseudomonadota;c__Gammaproteobacteria;o__Enterobacterales;f__Enterobacteriaceae;g__Klebsiella;;;0.0;0.0;0.00089;0.0;0.0
k__Archaea;p__Methanobacteriota;c__Methanobacteria;o__Methanobacteriales;f__Methanobacteriaceae;g__GGB53691;;;0.0;0.0;0.00089;0.0;0.0
k__Bacteria;p__Deinococcota;c__Deinococci;o__Deinococcales;f__Deinococcaceae;g__Deinococcus;;;0.0;0.0;0.00079;0.0;0.17936
k__Bacteria;p__Pseudomonadota;c__Alphaproteobacteria;o__Rhodobacterales;f__Paracoccaceae;g__Pelagovum;;;0.0;0.0;0.00075;0.0;0.0
k__Bacteria;p__Pseudomonadota;c__Alphaproteobacteria;o__Rhodobacterales;f__Roseobacteraceae;g__GGB132819;;;0.0;0.0;0.00073;0.0;0.0
k__Bacteria;p__Pseudomonadota;c__Alphaproteobacteria;o__Hyphomicrobiales;f__Stappiaceae;g__Roseibium;;;0.0;0.0;0.00071;0.0;0.0
k__Bacteria;p__Pseudomonadota;c__Alphaproteobacteria;o__Rhodobacterales;f__Roseobacteraceae;g__Seohaeicola;;;0.0;0.0;0.00071;0.0;0.0
k__Bacteria;p__Pseudomonadota;c__Betaproteobacteria;o__Nitrosomonadales;f__Nitrosomonadales_unclassified;g__Nitrosomonadales_unclassified;;;0.0;0.0;0.00069;0.0;0.0
k__Bacteria;p__Actinomycetota;c__Actinomycetes;o__Propionibacteriales;f__Propionibacteriaceae;g__Propioniciclava;;;0.0;0.0;0.00065;0.0;0.0
k__Bacteria;p__Pseudomonadota;c__Alphaproteobacteria;o__Rhodobacterales;f__Paracoccaceae;g__Rhodovulum;;;0.0;0.0;0.00065;0.0;0.0
k__Bacteria;p__Actinomycetota;c__Actinomycetes;o__Micrococcales;f__Micrococcaceae;g__Nesterenkonia;;;0.0;0.0;0.00064;0.0;0.0
k__Bacteria;p__Bacteroidota;c__Flavobacteriia;o__Flavobacteriales;f__Flavobacteriaceae;g__Mesonia;;;0.0;0.0;0.00058;0.0;0.0
k__Bacteria;p__Actinomycetota;c__Actinomycetes;o__Micrococcales;f__Microbacteriaceae;g__Salinibacterium;;;0.0;0.0;0.00051;0.0;0.0
k__Bacteria;p__Pseudomonadota;c__Gammaproteobacteria;o__Oceanospirillales;f__Balneatrichaceae;g__GGB63480;;;0.0;0.0;0.0005;0.0;0.0
k__Bacteria;p__Pseudomonadota;c__Alphaproteobacteria;o__Rickettsiales;f__Candidatus_Midichloriaceae;g__Candidatus_Aquarickettsia;;;0.0;0.0;0.00045;0.0;0.0
k__Bacteria;p__Pseudomonadota;c__CFGB41017;o__OFGB41017;f__FGB41017;g__GGB43700;;;0.0;0.0;0.00036;0.0;0.0
k__Bacteria;p__Planctomycetota;c__CFGB45719;o__OFGB45719;f__FGB45719;g__GGB45720;;;0.0;0.0;0.00036;0.0;0.0
k__Bacteria;p__Bacteroidota;c__Flavobacteriia;o__Flavobacteriales;f__Flavobacteriaceae;g__GGB68272;;;0.0;0.0;0.00029;0.0;0.0
k__Bacteria;p__Actinomycetota;c__Actinomycetes;o__Micrococcales;f__Microbacteriaceae;g__Microbacteriaceae_unclassified;;;0.0;0.0;0.00025;0.0;0.0
k__Bacteria;p__Bacteroidota;c__Cytophagia;o__Cytophagales;f__Leadbetterellaceae;g__Jiulongibacter;;;0.0;0.0;0.00014;0.0;0.0
k__Bacteria;p__Pseudomonadota;c__Alphaproteobacteria;o__Hyphomonadales;f__Hyphomonadaceae;g__Henriciella;;;0.0;0.0;7,00E-05;0.0;0.0
k__Bacteria;p__Actinomycetota;c__CFGB13567;o__OFGB13567;f__FGB13567;g__GGB136195;s__GGB136195_SGB86552;;0.0;0.0;1.69608;0.0;0.0
k__Bacteria;p__Actinomycetota;c__Actinomycetes;o__Micrococcales;f__Dermabacteraceae;g__Brachybacterium;s__Brachybacterium_paraconglomeratum;;0.0;0.0;0.3639;0.0;0.0
k__Bacteria;p__Pseudomonadota;c__Alphaproteobacteria;o__Rhodobacterales;f__Paracoccaceae;g__GGB43317;s__GGB43317_SGB60623;;0.0;0.0;0.29501;0.0;0.0
k__Bacteria;p__Pseudomonadota;c__Alphaproteobacteria;o__Rhodobacterales;f__Paracoccaceae;g__Paracoccus;s__Paracoccus_sediminilitoris;;0.0;0.0;0.28307;0.0;0.0
k__Bacteria;p__Pseudomonadota;c__Alphaproteobacteria;o__Rhodobacterales;f__Roseobacteraceae;g__Loktanella;s__Loktanella_sp_3ANDIMAR09;;0.0;0.0;0.21183;0.0;0.0
k__Bacteria;p__Firmicutes;c__Bacilli;o__Bacillales;f__Staphylococcaceae;g__Salinicoccus;s__Salinicoccus_roseus;;0.0;0.0;0.13968;0.0;0.0
k__Bacteria;p__Pseudomonadota;c__Alphaproteobacteria;o__Rhodobacterales;f__Paracoccaceae;g__Marivivens;s__Marivivens_SGB10879;;0.0;0.0;0.13688;0.0;0.0
k__Bacteria;p__Actinomycetota;c__Acidimicrobiia;o__Acidimicrobiales;f__Ilumatobacteraceae;g__GGB31920;s__GGB31920_SGB55883;;0.0;0.0;0.12682;0.0;0.0
k__Bacteria;p__Actinomycetota;c__Actinomycetes;o__Micrococcales;f__Micrococcaceae;g__Kocuria;s__Kocuria_flava;;0.0;0.0;0.11647;0.0;0.0
k__Bacteria;p__Actinomycetota;c__Actinomycetes;o__Mycobacteriales;f__Nocardiaceae;g__Rhodococcus;s__Rhodococcus_pyridinivorans;;0.0;0.0;0.10714;0.0;0.0
k__Bacteria;p__Actinomycetota;c__Actinomycetes;o__Micrococcales;f__Microbacteriaceae;g__Microbacterium;s__Microbacterium_gawkjiense;;0.0;0.0;0.09518;0.0;0.0
k__Bacteria;p__Pseudomonadota;c__Alphaproteobacteria;o__Rhodobacterales;f__Roseobacteraceae;g__Sulfitobacter;s__Sulfitobacter_pontiacus;;0.0;0.0;0.09425;0.0;0.0
k__Bacteria;p__Actinomycetota;c__CFGB36511;o__OFGB36511;f__FGB36511;g__GGB60033;s__GGB60033_SGB81933;;0.0;0.0;0.09148;0.0;0.0
k__Bacteria;p__Actinomycetota;c__Actinomycetes;o__Micrococcales;f__Demequinaceae;g__Demequina;s__Demequina_litorisediminis;;0.0;0.0;0.0905;0.0;0.0
k__Bacteria;p__Bacteroidota;c__Flavobacteriia;o__Flavobacteriales;f__Flavobacteriaceae;g__Christiangramia;s__Christiangramia_gaetbulicola;;0.0;0.0;0.08712;0.0;0.0
k__Bacteria;p__Pseudomonadota;c__Gammaproteobacteria;o__Cellvibrionales;f__Microbulbiferaceae;g__Microbulbifer;s__Microbulbifer_litoralis;;0.0;0.0;0.08527;0.0;0.0
k__Bacteria;p__Actinomycetota;c__Actinomycetes;o__Micrococcales;f__Kytococcaceae;g__Kytococcus;s__Kytococcus_sedentarius;;0.0;0.0;0.08518;0.0;0.0
k__Bacteria;p__Pseudomonadota;c__Alphaproteobacteria;o__Rhodobacterales;f__Paracoccaceae;g__GGB66792;s__GGB66792_SGB90437;;0.0;0.0;0.08429;0.0;0.0
k__Bacteria;p__Actinomycetota;c__Actinomycetes;o__Micrococcales;f__Micrococcaceae;g__Micrococcus;s__Micrococcus_terreus;;0.0;0.0;0.07589;0.0;0.0
k__Bacteria;p__Actinomycetota;c__Actinomycetes;o__Mycobacteriales;f__Nocardiaceae;g__Rhodococcus;s__Rhodococcus_qingshengii;;0.0;0.0;0.0711;0.0;0.0
k__Bacteria;p__Actinomycetota;c__Actinomycetes;o__Micrococcales;f__Microbacteriaceae;g__Microbacterium;s__Microbacterium_aurantiacum;;0.0;0.0;0.0685;0.0;0.0
k__Bacteria;p__Pseudomonadota;c__Alphaproteobacteria;o__Rhodobacterales;f__Rhodobacterales_unclassified;g__Rhodobacterales_unclassified;s__Rhodobacterales_bacterium_FZCC0069;;0.0;0.0;0.0649;0.0;0.0
k__Bacteria;p__Actinomycetota;c__Actinomycetes;o__Micrococcales;f__Microbacteriaceae;g__Microbacterium;s__Microbacterium_sp_WCS2018Hpa_9;;0.0;0.0;0.0606;0.0;0.0
k__Bacteria;p__Pseudomonadota;c__Alphaproteobacteria;o__Sphingomonadales;f__Erythrobacteraceae;g__Erythrobacteraceae_unclassified;s__Erythrobacteraceae_bacterium_E2_1_Yellow_Sea;;0.0;0.0;0.05869;0.0;0.0
k__Bacteria;p__Actinomycetota;c__Thermoleophilia;o__Miltoncostaeales;f__Miltoncostaeaceae;g__GGB64250;s__GGB64250_SGB86668;;0.0;0.0;0.05728;0.0;0.0
k__Bacteria;p__Pseudomonadota;c__Gammaproteobacteria;o__Cellvibrionales;f__Microbulbiferaceae;g__Microbulbifer;s__Microbulbifer_harenosus;;0.0;0.0;0.05523;0.0;0.0
k__Bacteria;p__Pseudomonadota;c__Alphaproteobacteria;o__Sphingomonadales;f__Erythrobacteraceae;g__Qipengyuania;s__Qipengyuania_SGB138215;;0.0;0.0;0.05522;0.0;0.0
k__Bacteria;p__Pseudomonadota;c__Alphaproteobacteria;o__Rhodobacterales;f__Paracoccaceae;g__Paracoccus;s__Paracoccus_marcusii;;0.0;0.0;0.05336;0.0;0.0
k__Bacteria;p__Actinomycetota;c__CFGB13567;o__OFGB13567;f__FGB13567;g__GGB136196;s__GGB136196_SGB176986;;0.0;0.0;0.051;0.0;0.0
k__Bacteria;p__Actinomycetota;c__Actinomycetes;o__Mycobacteriales;f__Gordoniaceae;g__Gordonia;s__Gordonia_hongkongensis;;0.0;0.0;0.04875;0.0;0.0
k__Bacteria;p__Bacteroidota;c__Flavobacteriia;o__Flavobacteriales;f__Flavobacteriaceae;g__Zunongwangia;s__Zunongwangia_profunda;;0.0;0.0;0.04758;0.0;0.0
k__Bacteria;p__Pseudomonadota;c__Gammaproteobacteria;o__Alteromonadales;f__Pseudoalteromonadaceae;g__Pseudoalteromonas;s__Pseudoalteromonas_nigrifaciens;;0.0;0.0;0.04452;0.0;0.0
k__Bacteria;p__Pseudomonadota;c__Alphaproteobacteria;o__Sphingomonadales;f__Erythrobacteraceae;g__Qipengyuania;s__Qipengyuania_SGB38253;;0.0;0.0;0.04389;0.0;0.0
k__Bacteria;p__Actinomycetota;c__Actinomycetes;o__Micrococcales;f__Demequinaceae;g__Demequina;s__Demequina_sediminis;;0.0;0.0;0.04215;0.0;0.0
k__Bacteria;p__Pseudomonadota;c__Alphaproteobacteria;o__Rhodobacterales;f__Roseobacteraceae;g__Celeribacter;s__Celeribacter_halophilus;;0.0;0.0;0.03876;0.0;0.0
k__Bacteria;p__Pseudomonadota;c__Gammaproteobacteria;o__Cellvibrionales;f__Microbulbiferaceae;g__Microbulbifer;s__Microbulbifer_variabilis;;0.0;0.0;0.0381;0.0;0.0
k__Bacteria;p__Firmicutes;c__Bacilli;o__Bacillales;f__Bacillaceae;g__Halobacillus;s__Halobacillus_salinus;;0.0;0.0;0.03398;0.0;0.0
k__Bacteria;p__Pseudomonadota;c__Gammaproteobacteria;o__Cellvibrionales;f__Microbulbiferaceae;g__Microbulbifer;s__Microbulbifer_sp_THAF38;;0.0;0.0;0.03224;0.0;0.0
k__Bacteria;p__Firmicutes;c__Bacilli;o__Bacillales;f__Caryophanaceae;g__Tetzosporium;s__Tetzosporium_hominis;;0.0;0.0;0.03099;0.0;0.0
k__Bacteria;p__Pseudomonadota;c__Alphaproteobacteria;o__Caulobacterales;f__Caulobacteraceae;g__Brevundimonas;s__Brevundimonas_aurantiaca;;0.0;0.0;0.03007;0.0;0.0
k__Bacteria;p__Actinomycetota;c__Actinomycetes;o__Micrococcales;f__Jonesiaceae;g__Jonesia;s__Jonesia_denitrificans;;0.0;0.0;0.02856;0.0;0.0
k__Bacteria;p__Actinomycetota;c__Actinomycetes;o__Micrococcales;f__Promicromonosporaceae;g__Cellulosimicrobium;s__Cellulosimicrobium_cellulans;;0.0;0.0;0.02748;0.0;0.0
k__Bacteria;p__Bacteroidota;c__Flavobacteriia;o__Flavobacteriales;f__Cryomorphaceae;g__Acidiluteibacter;s__Acidiluteibacter_ferrifornacis;;0.0;0.0;0.02536;0.0;0.0
k__Bacteria;p__Pseudomonadota;c__Alphaproteobacteria;o__Rhodobacterales;f__Paracoccaceae;g__Nioella;s__Nioella_SGB138072;;0.0;0.0;0.0247;0.0;0.0
k__Bacteria;p__Pseudomonadota;c__Alphaproteobacteria;o__Rhodobacterales;f__Roseobacteraceae;g__Marivita;s__Marivita_SGB181916;;0.0;0.0;0.02453;0.0;0.0
k__Bacteria;p__Bacteroidota;c__Flavobacteriia;o__Flavobacteriales;f__Weeksellaceae;g__Profundicola;s__Profundicola_chukchiensis;;0.0;0.0;0.02378;0.0;0.0
k__Bacteria;p__Planctomycetota;c__CFGB25759;o__OFGB25759;f__FGB25759;g__GGB45144;s__GGB45144_SGB62657;;0.0;0.0;0.02202;0.0;0.0
k__Bacteria;p__Pseudomonadota;c__Alphaproteobacteria;o__Candidatus_Pelagibacterales;f__Candidatus_Pelagibacteraceae;g__GGB47040;s__GGB47040_SGB64963;;0.0;0.0;0.02199;0.0;0.0
k__Bacteria;p__Pseudomonadota;c__Gammaproteobacteria;o__Moraxellales;f__Moraxellaceae;g__Psychrobacter;s__Psychrobacter_aquimaris;;0.0;0.0;0.02153;0.0;0.0
k__Bacteria;p__Pseudomonadota;c__Gammaproteobacteria;o__Oceanospirillales;f__Halomonadaceae;g__Salinicola;s__Salinicola_lusitanus;;0.0;0.0;0.02138;0.0;0.0
k__Bacteria;p__Pseudomonadota;c__Alphaproteobacteria;o__Candidatus_Pelagibacterales;f__Candidatus_Pelagibacterales_unclassified;g__GGB47034;s__GGB47034_SGB64954;;0.0;0.0;0.02013;0.0;0.0
k__Bacteria;p__Pseudomonadota;c__Alphaproteobacteria;o__Rhodobacterales;f__Paracoccaceae;g__Pseudorhodobacter;s__Pseudorhodobacter_sp_E13;;0.0;0.0;0.01947;0.0;0.0
k__Bacteria;p__Actinomycetota;c__Actinomycetes;o__Micrococcales;f__Micrococcaceae;g__Micrococcus;s__Micrococcus_flavus;;0.0;0.0;0.01926;0.0;0.0
k__Bacteria;p__Pseudomonadota;c__Gammaproteobacteria;o__Thiotrichales;f__Thiotrichaceae;g__Leucothrix;s__Leucothrix_mucor;;0.0;0.0;0.0189;0.0;0.0
k__Bacteria;p__Actinomycetota;c__Actinomycetes;o__Mycobacteriales;f__Nocardiaceae;g__Rhodococcoides;s__Rhodococcoides_fascians;;0.0;0.0;0.01813;0.0;0.0
k__Bacteria;p__Pseudomonadota;c__Gammaproteobacteria;o__Lysobacterales;f__Lysobacteraceae;g__Luteimonas;s__Luteimonas_colneyensis;;0.0;0.0;0.01767;0.0;0.0
k__Bacteria;p__Pseudomonadota;c__Betaproteobacteria;o__Nitrosomonadales;f__Methylophilaceae;g__Methylophilaceae_unclassified;s__Methylophilaceae_unclassified_SGB91728;;0.0;0.0;0.01673;0.0;0.0
k__Bacteria;p__Actinomycetota;c__CFGB13567;o__OFGB13567;f__FGB13567;g__GGB33138;s__GGB33138_SGB86553;;0.0;0.0;0.01618;0.0;0.0
k__Bacteria;p__Pseudomonadota;c__Alphaproteobacteria;o__Rhodobacterales;f__Paracoccaceae;g__Thioclava;s__Thioclava_sp_A2;;0.0;0.0;0.016;0.0;0.0
k__Bacteria;p__Firmicutes;c__Bacilli;o__Bacillales;f__Bacillaceae;g__Halobacillus;s__Halobacillus_litoralis;;0.0;0.0;0.0158;0.0;0.0
k__Bacteria;p__Actinomycetota;c__CFGB13567;o__OFGB13567;f__FGB13567;g__GGB44069;s__GGB44069_SGB61447;;0.0;0.0;0.01518;0.0;0.0
k__Bacteria;p__Actinomycetota;c__Actinomycetes;o__Micrococcales;f__Micrococcaceae;g__Micrococcus;s__Micrococcus_luteus;;0.0;0.0;0.01482;0.0;0.0
k__Bacteria;p__Bacteroidota;c__Flavobacteriia;o__Flavobacteriales;f__Flavobacteriaceae;g__Christiangramia;s__Christiangramia_portivictoriae;;0.0;0.0;0.01446;0.0;0.0
k__Bacteria;p__Actinomycetota;c__Actinomycetes;o__Micrococcales;f__Microbacteriaceae;g__Microbacterium;s__Microbacterium_kunmingense;;0.0;0.0;0.01437;0.0;0.0
k__Bacteria;p__Pseudomonadota;c__Gammaproteobacteria;o__Lysobacterales;f__Lysobacteraceae;g__Novilysobacter;s__Novilysobacter_defluvii;;0.0;0.0;0.01417;0.0;0.0
k__Bacteria;p__Pseudomonadota;c__Alphaproteobacteria;o__Sphingomonadales;f__Erythrobacteraceae;g__Erythrobacteraceae_unclassified;s__Erythrobacteraceae_bacterium_WH01K;;0.0;0.0;0.01398;0.0;0.0
k__Bacteria;p__Actinomycetota;c__Actinomycetes;o__Micrococcales;f__Microbacteriaceae;g__Microbacterium;s__Microbacterium_marinum;;0.0;0.0;0.01326;0.0;0.0
k__Bacteria;p__Actinomycetota;c__Actinomycetes;o__Mycobacteriales;f__Corynebacteriaceae;g__Corynebacterium;s__Corynebacterium_variabile;;0.0;0.0;0.01322;0.0;0.0
k__Bacteria;p__Pseudomonadota;c__Gammaproteobacteria;o__Lysobacterales;f__Lysobacteraceae;g__Novilysobacter;s__Novilysobacter_spongiicola;;0.0;0.0;0.01277;0.0;0.0
k__Bacteria;p__Bacteroidota;c__Flavobacteriia;o__Flavobacteriales;f__Flavobacteriaceae;g__Gelidibacter;s__Gelidibacter_japonicus;;0.0;0.0;0.01274;0.0;0.0
k__Bacteria;p__Bacteroidota;c__CFGB83599;o__OFGB83599;f__FGB83599;g__GGB99166;s__GGB99166_SGB140305;;0.0;0.0;0.01233;0.0;0.0
k__Bacteria;p__Firmicutes;c__Bacilli;o__Lactobacillales;f__Lactobacillaceae;g__Lactiplantibacillus;s__Lactiplantibacillus_plantarum;;0.0;0.0;0.0122;0.0;0.0
k__Bacteria;p__Cyanobacteriota;c__Cyanophyceae;o__Synechococcales;f__Synechococcaceae;g__Synechococcus;s__Synechococcus_sp_LTW_R;;0.0;0.0;0.01194;0.0;0.0
k__Bacteria;p__Pseudomonadota;c__Gammaproteobacteria;o__Alteromonadales;f__Pseudoalteromonadaceae;g__Pseudoalteromonas;s__Pseudoalteromonas_tetraodonis;;0.0;0.0;0.01163;0.0;0.0
k__Bacteria;p__Verrucomicrobiota;c__Opitutia;o__Puniceicoccales;f__Coraliomargaritaceae;g__GGB25700;s__GGB25700_SGB37674;;0.0;0.0;0.01149;0.0;0.0
k__Bacteria;p__Actinomycetota;c__Actinomycetes;o__Micrococcales;f__Brevibacteriaceae;g__Brevibacterium;s__Brevibacterium_linens;;0.0;0.0;0.01139;0.0;0.0
k__Bacteria;p__Actinomycetota;c__Actinomycetes;o__Propionibacteriales;f__Nocardioidaceae;g__Nocardioides;s__Nocardioides_SGB107694;;0.0;0.0;0.01125;0.0;0.0
k__Bacteria;p__Firmicutes;c__Bacilli;o__Bacillales;f__Bacillales_unclassified;g__Exiguobacterium;s__Exiguobacterium_aurantiacum;;0.0;0.0;0.01105;0.0;0.0
k__Bacteria;p__Pseudomonadota;c__Gammaproteobacteria;o__Oceanospirillales;f__Alcanivoracaceae;g__Alcanivorax;s__Alcanivorax_borkumensis;;0.0;0.0;0.01069;0.0;0.0
k__Bacteria;p__Actinomycetota;c__Actinomycetes;o__Kitasatosporales;f__Streptomycetaceae;g__Streptomyces;s__Streptomyces_albidoflavus;;0.0;0.0;0.0104;0.0;0.0
k__Bacteria;p__Bacteroidota;c__CFGB24306;o__OFGB24306;f__FGB24306;g__GGB14202;s__GGB14202_SGB36131;;0.0;0.0;0.0102;0.0;0.0
k__Bacteria;p__Pseudomonadota;c__Gammaproteobacteria;o__Moraxellales;f__Moraxellaceae;g__Acinetobacter;s__Acinetobacter_pittii;;0.0;0.0;0.01013;0.0;28.56588
k__Bacteria;p__Actinomycetota;c__Actinomycetes;o__Micrococcales;f__Dermabacteraceae;g__Brachybacterium;s__Brachybacterium_massiliense;;0.0;0.0;0.00925;0.0;0.0
k__Bacteria;p__Actinomycetota;c__Actinomycetes;o__Propionibacteriales;f__Propionibacteriaceae;g__Tessaracoccus;s__Tessaracoccus_flavus;;0.0;0.0;0.00908;0.0;0.0
k__Bacteria;p__Pseudomonadota;c__Alphaproteobacteria;o__Sphingomonadales;f__Erythrobacteraceae;g__Qipengyuania;s__Qipengyuania_profundimaris;;0.0;0.0;0.00882;0.0;0.0
k__Bacteria;p__Firmicutes;c__Bacilli;o__Bacillales;f__Caryophanaceae;g__Planomicrobium;s__Planomicrobium_okeanokoites;;0.0;0.0;0.00867;0.0;0.0
k__Bacteria;p__Pseudomonadota;c__Gammaproteobacteria;o__Oceanospirillales;f__Halomonadaceae;g__Vreelandella;s__Vreelandella_venusta;;0.0;0.0;0.00861;0.0;0.0
k__Bacteria;p__Actinomycetota;c__Actinomycetes;o__Catenulisporales;f__Actinospicaceae;g__Actinospica;s__Actinospica_acidiphila;;0.0;0.0;0.00848;0.0;0.0
k__Bacteria;p__Actinomycetota;c__Actinomycetes;o__Micrococcales;f__Microbacteriaceae;g__Microbacterium;s__Microbacterium_maritypicum;;0.0;0.0;0.0081;0.0;0.0
k__Bacteria;p__Actinomycetota;c__Actinomycetes;o__Micrococcales;f__Microbacteriaceae;g__Microbacterium;s__Microbacterium_algeriense;;0.0;0.0;0.00809;0.0;0.0
k__Bacteria;p__Firmicutes;c__Bacilli;o__Bacillales;f__Bacillaceae;g__Bacillus;s__Bacillus_sp_SB49;;0.0;0.0;0.00796;0.0;0.0
k__Bacteria;p__Planctomycetota;c__CFGB46181;o__OFGB46181;f__FGB46181;g__GGB97621;s__GGB97621_SGB137707;;0.0;0.0;0.00793;0.0;0.0
k__Bacteria;p__Bacteroidota;c__Bacteroidia;o__Bacteroidales;f__Bacteroidales_unclassified;g__GGB56036;s__GGB56036_SGB208952;;0.0;0.0;0.00786;0.0;0.0
k__Bacteria;p__Pseudomonadota;c__Alphaproteobacteria;o__Sphingomonadales;f__Erythrobacteraceae;g__Qipengyuania;s__Qipengyuania_sp_XHP0211;;0.0;0.0;0.00777;0.0;0.0
k__Bacteria;p__Pseudomonadota;c__Alphaproteobacteria;o__Rhodobacterales;f__Paracoccaceae;g__GGB132915;s__GGB132915_SGB181538;;0.0;0.0;0.00767;0.0;0.0
k__Bacteria;p__Actinomycetota;c__Actinomycetes;o__Micrococcales;f__Microbacteriaceae;g__Microbacterium;s__Microbacterium_paludicola;;0.0;0.0;0.00761;0.0;0.0
k__Bacteria;p__Bacteroidota;c__Flavobacteriia;o__Flavobacteriales;f__Flavobacteriaceae;g__Bizionia;s__Bizionia_paragorgiae;;0.0;0.0;0.00749;0.0;0.0
k__Bacteria;p__Actinomycetota;c__Actinomycetes;o__Micrococcales;f__Dermabacteraceae;g__Brachybacterium;s__Brachybacterium_squillarum;;0.0;0.0;0.00747;0.0;0.0
k__Bacteria;p__Actinomycetota;c__Actinomycetes;o__Micrococcales;f__Demequinaceae;g__Demequina;s__Demequina_sp_NBRC_110055;;0.0;0.0;0.00739;0.0;0.0
k__Bacteria;p__Pseudomonadota;c__CFGB72964;o__OFGB72964;f__FGB72964;g__GGB46913;s__GGB46913_SGB64825;;0.0;0.0;0.00733;0.0;0.0
k__Bacteria;p__Pseudomonadota;c__Alphaproteobacteria;o__Sphingomonadales;f__Erythrobacteraceae;g__Alteraurantiacibacter;s__Alteraurantiacibacter_aquimixticola;;0.0;0.0;0.00732;0.0;0.0
k__Bacteria;p__Actinomycetota;c__Actinomycetes;o__Micrococcales;f__Microbacteriaceae;g__Microbacterium;s__Microbacterium_sp_5K110;;0.0;0.0;0.00723;0.0;0.0
k__Bacteria;p__Actinomycetota;c__Actinomycetes;o__Streptosporangiales;f__Nocardiopsidaceae;g__Nocardiopsis;s__Nocardiopsis_alba;;0.0;0.0;0.00721;0.0;0.0
k__Bacteria;p__Bacteroidota;c__Flavobacteriia;o__Flavobacteriales;f__Weeksellaceae;g__Chryseobacterium;s__Planobacterium_oryzisoli;;0.0;0.0;0.00698;0.0;0.0
k__Bacteria;p__Bacteroidota;c__Flavobacteriia;o__Flavobacteriales;f__Flavobacteriaceae;g__Aequorivita;s__Aequorivita_viscosa;;0.0;0.0;0.00664;0.0;0.0
k__Bacteria;p__Actinomycetota;c__Actinomycetes;o__Micrococcales;f__Microbacteriaceae;g__Microbacterium;s__Microbacterium_ihumii;;0.0;0.0;0.00652;0.0;0.0
k__Bacteria;p__Pseudomonadota;c__Alphaproteobacteria;o__Rhodobacterales;f__Paracoccaceae;g__Aliiroseovarius;s__Aliiroseovarius_crassostreae;;0.0;0.0;0.00635;0.0;0.0
k__Bacteria;p__Bacteroidota;c__Flavobacteriia;o__Flavobacteriales;f__Flavobacteriaceae;g__Salegentibacter;s__Salegentibacter_maritimus;;0.0;0.0;0.00608;0.0;0.0
k__Bacteria;p__Bacteroidota;c__Flavobacteriia;o__Flavobacteriales;f__Flavobacteriaceae;g__GGB142108;s__GGB142108_SGB213955;;0.0;0.0;0.00601;0.0;0.0
k__Bacteria;p__Pseudomonadota;c__Alphaproteobacteria;o__Rhodobacterales;f__Paracoccaceae;g__Paracoccus;s__Paracoccus_sp_C2R09;;0.0;0.0;0.0059;0.0;0.0
k__Bacteria;p__Pseudomonadota;c__Alphaproteobacteria;o__Rhodobacterales;f__Paracoccaceae;g__Pseudooceanicola;s__Pseudooceanicola_nitratireducens;;0.0;0.0;0.00582;0.0;0.0
k__Bacteria;p__Pseudomonadota;c__Gammaproteobacteria;o__Moraxellales;f__Moraxellaceae;g__Acinetobacter;s__Acinetobacter_towneri;;0.0;0.0;0.00557;0.0;0.0
k__Bacteria;p__Pseudomonadota;c__Alphaproteobacteria;o__Rhodobacterales;f__Paracoccaceae;g__Paracoccus;s__Paracoccus_xiamenensis;;0.0;0.0;0.00545;0.0;0.0
k__Bacteria;p__Pseudomonadota;c__CFGB83885;o__OFGB83885;f__FGB83885;g__GGB43144;s__GGB43144_SGB60398;;0.0;0.0;0.00528;0.0;0.0
k__Bacteria;p__Actinomycetota;c__Actinomycetes;o__Micrococcales;f__Ornithinimicrobiaceae;g__Ornithinimicrobium;s__Ornithinimicrobium_pekingense;;0.0;0.0;0.00528;0.0;0.0
k__Bacteria;p__Pseudomonadota;c__Alphaproteobacteria;o__Sphingomonadales;f__Erythrobacteraceae;g__Erythrobacter;s__Erythrobacter_aurantius;;0.0;0.0;0.00523;0.0;0.0
k__Bacteria;p__Actinomycetota;c__Actinomycetes;o__Micrococcales;f__Micrococcaceae;g__Zhihengliuella;s__Zhihengliuella_sp_ISTPL4;;0.0;0.0;0.00518;0.0;0.0
k__Bacteria;p__Firmicutes;c__Clostridia;o__Eubacteriales;f__Oscillospiraceae;g__GGB9634;s__GGB9634_SGB15095;;0.0;0.0;0.00512;0.0;0.0
k__Bacteria;p__Actinomycetota;c__Actinomycetes;o__Micrococcales;f__Micrococcaceae;g__Kocuria;s__Kocuria_oceani;;0.0;0.0;0.00499;0.0;0.0
k__Bacteria;p__Firmicutes;c__Negativicutes;o__Selenomonadales;f__Selenomonadaceae;g__Pectinatus;s__Pectinatus_brassicae;;0.0;0.0;0.00488;0.0;0.0
k__Bacteria;p__Pseudomonadota;c__Alphaproteobacteria;o__Sphingomonadales;f__Sphingomonadaceae;g__GGB131183;s__GGB131183_SGB183046;;0.0;0.0;0.00479;0.0;0.0
k__Bacteria;p__Actinomycetota;c__Actinomycetes;o__Micrococcales;f__Microbacteriaceae;g__Microbacterium;s__Microbacterium_sp_nov_GSS16;;0.0;0.0;0.00471;0.0;0.0
k__Bacteria;p__Firmicutes;c__CFGB40002;o__OFGB40002;f__FGB40002;g__GGB42066;s__GGB42066_SGB59206;;0.0;0.0;0.00467;0.0;0.0
k__Bacteria;p__Bacteroidota;c__Flavobacteriia;o__Flavobacteriales;f__Flavobacteriaceae;g__GGB49933;s__GGB49933_SGB69928;;0.0;0.0;0.00452;0.0;0.0
k__Bacteria;p__Pseudomonadota;c__Gammaproteobacteria;o__Oceanospirillales;f__Halomonadaceae;g__Halomonas;s__Halomonas_campaniensis;;0.0;0.0;0.00451;0.0;0.0
k__Bacteria;p__Actinomycetota;c__Actinomycetes;o__Mycobacteriales;f__Dietziaceae;g__Dietzia;s__Dietzia_aerolata;;0.0;0.0;0.00447;0.0;0.0
k__Bacteria;p__Bacteroidota;c__CFGB24175;o__OFGB24175;f__FGB24175;g__GGB108659;s__GGB108659_SGB193402;;0.0;0.0;0.00443;0.0;0.0
k__Bacteria;p__Pseudomonadota;c__Alphaproteobacteria;o__Rhodobacterales;f__Roseobacteraceae;g__Loktanella;s__Loktanella_sp_PT4BL;;0.0;0.0;0.00414;0.0;0.0
k__Bacteria;p__Pseudomonadota;c__Alphaproteobacteria;o__Rhodobacterales;f__Paracoccaceae;g__GGB43300;s__GGB43300_SGB90439;;0.0;0.0;0.00396;0.0;0.0
k__Bacteria;p__Firmicutes;c__Bacilli;o__Bacillales;f__Caryophanaceae;g__Chryseomicrobium;s__Chryseomicrobium_excrementi;;0.0;0.0;0.00386;0.0;0.0
k__Bacteria;p__Pseudomonadota;c__Gammaproteobacteria;o__Alteromonadales;f__Idiomarinaceae;g__Pseudidiomarina;s__Pseudidiomarina_taiwanensis;;0.0;0.0;0.00381;0.0;0.0
k__Bacteria;p__Pseudomonadota;c__Gammaproteobacteria;o__Oceanospirillales;f__Halomonadaceae;g__Kushneria;s__Kushneria_konosiri;;0.0;0.0;0.00358;0.0;0.0
k__Bacteria;p__Actinomycetota;c__Actinomycetes;o__Mycobacteriales;f__Dietziaceae;g__Dietzia;s__Dietzia_cinnamea;;0.0;0.0;0.00342;0.0;0.0
k__Bacteria;p__Pseudomonadota;c__Alphaproteobacteria;o__Sphingomonadales;f__Erythrobacteraceae;g__Qipengyuania;s__Qipengyuania_huizhouensis;;0.0;0.0;0.00335;0.0;0.0
k__Archaea;p__Methanobacteriota;c__Methanobacteria;o__Methanobacteriales;f__Methanobacteriaceae;g__Methanobrevibacter;s__Methanobrevibacter_smithii;;0.0;0.0;0.00335;0.0;0.0
k__Bacteria;p__Pseudomonadota;c__CFGB2312;o__OFGB2312;f__FGB2312;g__GGB42957;s__GGB42957_SGB57748;;0.0;0.0;0.00334;0.0;0.0
k__Bacteria;p__Pseudomonadota;c__Alphaproteobacteria;o__Rhodobacterales;f__Roseobacteraceae;g__Roseivivax;s__Roseivivax_marinus;;0.0;0.0;0.00329;0.0;0.0
k__Bacteria;p__Firmicutes;c__Bacilli;o__Lactobacillales;f__Lactobacillaceae;g__Limosilactobacillus;s__Limosilactobacillus_fermentum;;0.0;0.0;0.00321;0.0;0.0
k__Bacteria;p__Actinomycetota;c__Actinomycetes;o__Micrococcales;f__Ornithinimicrobiaceae;g__Serinicoccus;s__Serinicoccus_sediminis;;0.0;0.0;0.00316;0.0;0.0
k__Bacteria;p__Pseudomonadota;c__Alphaproteobacteria;o__Rhodobacterales;f__Paracoccaceae;g__Marivivens;s__Marivivens_donghaensis;;0.0;0.0;0.00312;0.0;0.0
k__Bacteria;p__Actinomycetota;c__Actinomycetes;o__Micrococcales;f__Promicromonosporaceae;g__Isoptericola;s__Isoptericola_chiayiensis;;0.0;0.0;0.00309;0.0;0.0
k__Bacteria;p__Actinomycetota;c__Actinomycetes;o__Micrococcales;f__Microbacteriaceae;g__Microbacterium;s__Microbacterium_luteum;;0.0;0.0;0.00309;0.0;0.0
k__Bacteria;p__Pseudomonadota;c__Alphaproteobacteria;o__Rhodobacterales;f__Paracoccaceae;g__Cereibacter;s__Cereibacter_sphaeroides;;0.0;0.0;0.00307;0.0;0.0
k__Bacteria;p__Pseudomonadota;c__Gammaproteobacteria;o__Lysobacterales;f__Lysobacteraceae;g__Novilysobacter;s__Novilysobacter_arseniciresistens;;0.0;0.0;0.00306;0.0;0.0
k__Bacteria;p__Pseudomonadota;c__Alphaproteobacteria;o__Rhodobacterales;f__Paracoccaceae;g__Marivivens;s__Marivivens_niveibacter;;0.0;0.0;0.00304;0.0;0.0
k__Bacteria;p__Pseudomonadota;c__Alphaproteobacteria;o__Sphingomonadales;f__Erythrobacteraceae;g__Tsuneonella;s__Tsuneonella_flava;;0.0;0.0;0.00304;0.0;0.0
k__Bacteria;p__Bacteroidota;c__CFGB463;o__OFGB463;f__FGB463;g__GGB46612;s__GGB46612_SGB64482;;0.0;0.0;0.00301;0.0;0.0
k__Bacteria;p__Firmicutes;c__Clostridia;o__Eubacteriales;f__Clostridiaceae;g__Clostridiaceae_unclassified;s__Clostridiaceae_bacterium_HFYG_1003;;0.0;0.0;0.00298;0.0;0.0
k__Bacteria;p__Bacteroidota;c__Flavobacteriia;o__Flavobacteriales;f__Flavobacteriaceae;g__GGB110760;s__GGB110760_SGB195771;;0.0;0.0;0.00295;0.0;0.0
k__Bacteria;p__Pseudomonadota;c__Betaproteobacteria;o__Burkholderiales;f__Comamonadaceae;g__GGB98133;s__GGB98133_SGB138700;;0.0;0.0;0.0029;0.0;0.0
k__Eukaryota;p__Ascomycota;c__Saccharomycetes;o__Saccharomycetales;f__Debaryomycetaceae;g__Candida;s__Candida_tropicalis;;0.0;0.0;0.0029;0.0;0.0
k__Bacteria;p__Pseudomonadota;c__Gammaproteobacteria;o__Oceanospirillales;f__Oceanospirillaceae;g__Marinobacterium;s__Marinobacterium_sp_LSUCC0821;;0.0;0.0;0.00287;0.0;0.0
k__Bacteria;p__Actinomycetota;c__Actinomycetes;o__Micrococcales;f__Ornithinimicrobiaceae;g__Ornithinimicrobium;s__Ornithinimicrobium_humiphilum;;0.0;0.0;0.00284;0.0;0.0
k__Bacteria;p__Pseudomonadota;c__Gammaproteobacteria;o__Moraxellales;f__Moraxellaceae;g__Psychrobacter;s__Psychrobacter_coccoides;;0.0;0.0;0.00283;0.0;0.0
k__Bacteria;p__Pseudomonadota;c__Gammaproteobacteria;o__Alteromonadales;f__Alteromonadaceae;g__Alkalimarinus;s__Alkalimarinus_sediminis;;0.0;0.0;0.00273;0.0;0.0
k__Bacteria;p__Bacteroidota;c__Flavobacteriia;o__Flavobacteriales;f__Flavobacteriaceae;g__Aequorivita;s__Aequorivita_xiaoshiensis;;0.0;0.0;0.0027;0.0;0.0
k__Bacteria;p__Pseudomonadota;c__Alphaproteobacteria;o__Sphingomonadales;f__Erythrobacteraceae;g__Aurantiacibacter;s__Aurantiacibacter_xanthus;;0.0;0.0;0.0027;0.0;0.0
k__Bacteria;p__Pseudomonadota;c__Gammaproteobacteria;o__Oceanospirillales;f__Halomonadaceae;g__Cobetia;s__Cobetia_marina;;0.0;0.0;0.00258;0.0;0.0
k__Bacteria;p__Pseudomonadota;c__Gammaproteobacteria;o__Enterobacterales;f__Enterobacteriaceae;g__Enterobacter;s__Enterobacter_hormaechei;;0.0;0.0;0.00239;0.0;0.03928
k__Bacteria;p__Bacteroidota;c__CFGB42410;o__OFGB42410;f__FGB42410;g__GGB46774;s__GGB46774_SGB64663;;0.0;0.0;0.00233;0.0;0.0
k__Bacteria;p__Actinomycetota;c__Actinomycetes;o__Micrococcales;f__Intrasporangiaceae;g__Janibacter;s__Janibacter_anophelis;;0.0;0.0;0.00231;0.0;0.0
k__Bacteria;p__Actinomycetota;c__Actinomycetes;o__Mycobacteriales;f__Corynebacteriaceae;g__Corynebacterium;s__Corynebacterium_phoceense;;0.0;0.0;0.00222;0.0;0.0
k__Bacteria;p__Actinomycetota;c__Actinomycetes;o__Micrococcales;f__Micrococcaceae;g__Arthrobacter;s__Arthrobacter_koreensis;;0.0;0.0;0.00219;0.0;0.0
k__Bacteria;p__Actinomycetota;c__Actinomycetes;o__Mycobacteriales;f__Corynebacteriaceae;g__Corynebacterium;s__Corynebacterium_dentalis;;0.0;0.0;0.00216;0.0;0.0
k__Bacteria;p__Pseudomonadota;c__Alphaproteobacteria;o__Rhodobacterales;f__Paracoccaceae;g__Paracoccus;s__Paracoccus_sp_MBLB3053;;0.0;0.0;0.00204;0.0;0.0
k__Bacteria;p__Pseudomonadota;c__Alphaproteobacteria;o__Caulobacterales;f__Caulobacteraceae;g__Brevundimonas;s__Brevundimonas_poindexterae;;0.0;0.0;0.00203;0.0;0.0
k__Bacteria;p__Actinomycetota;c__Actinomycetes;o__Micrococcales;f__Dermabacteraceae;g__Brachybacterium;s__Brachybacterium_saurashtrense;;0.0;0.0;0.00195;0.0;0.0
k__Bacteria;p__Bacteroidota;c__Flavobacteriia;o__Flavobacteriales;f__Flavobacteriaceae;g__Polaribacter;s__Polaribacter_gangjinensis;;0.0;0.0;0.00192;0.0;0.0
k__Bacteria;p__Actinomycetota;c__Actinomycetes;o__Micrococcales;f__Microbacteriaceae;g__Microbacterium;s__Microbacterium_sp_p3_SID336;;0.0;0.0;0.00175;0.0;0.0
k__Bacteria;p__Actinomycetota;c__Actinomycetes;o__Actinomycetales;f__Actinomycetaceae;g__Schaalia;s__Schaalia_sp_JY_X169;;0.0;0.0;0.00175;0.0;0.0
k__Bacteria;p__Pseudomonadota;c__Alphaproteobacteria;o__Caulobacterales;f__Caulobacteraceae;g__Brevundimonas;s__Brevundimonas_vesicularis;;0.0;0.0;0.00173;0.0;0.0
k__Bacteria;p__Actinomycetota;c__Actinomycetes;o__Micrococcales;f__Promicromonosporaceae;g__Isoptericola;s__Isoptericola_SGB129906;;0.0;0.0;0.00171;0.0;0.0
k__Bacteria;p__Pseudomonadota;c__Alphaproteobacteria;o__Sphingomonadales;f__Sphingomonadaceae;g__Sphingomonas;s__Sphingomonas_koreensis;;0.0;0.0;0.00166;0.0;0.0
k__Bacteria;p__Bacteroidota;c__Saprospiria;o__Saprospirales;f__Saprospirales_unclassified;g__Saprospirales_unclassified;s__Saprospirales_bacterium_GYS_P2D;;0.0;0.0;0.00162;0.0;0.0
k__Bacteria;p__Actinomycetota;c__Coriobacteriia;o__Coriobacteriales;f__Coriobacteriaceae;g__Collinsella;s__Collinsella_aerofaciens;;0.0;0.0;0.00155;0.0;0.0
k__Bacteria;p__Actinomycetota;c__Actinomycetes;o__Mycobacteriales;f__Nocardiaceae;g__Rhodococcoides;s__Rhodococcoides_kroppenstedtii;;0.0;0.0;0.00153;0.0;0.0
k__Bacteria;p__Firmicutes;c__Bacilli;o__Bacillales;f__Bacillales_unclassified;g__Exiguobacterium;s__Exiguobacterium_sp_AM39_5BH;;0.0;0.0;0.00152;0.0;0.0
k__Bacteria;p__Pseudomonadota;c__Gammaproteobacteria;o__Thiotrichales;f__Piscirickettsiaceae;g__GGB8990;s__GGB8990_SGB13861;;0.0;0.0;0.00152;0.0;0.0
k__Bacteria;p__Actinomycetota;c__Actinomycetes;o__Propionibacteriales;f__Nocardioidaceae;g__Nocardioides;s__Nocardioides_malaquae;;0.0;0.0;0.00151;0.0;0.0
k__Bacteria;p__Actinomycetota;c__Actinomycetes;o__Micrococcales;f__Microbacteriaceae;g__Microbacterium;s__Microbacterium_arborescens;;0.0;0.0;0.00149;0.0;0.0
k__Bacteria;p__Actinomycetota;c__Actinomycetes;o__Bifidobacteriales;f__Bifidobacteriaceae;g__Bifidobacterium;s__Bifidobacterium_minimum;;0.0;0.0;0.00147;0.0;0.0
k__Bacteria;p__Firmicutes;c__Clostridia;o__Peptostreptococcales;f__Peptostreptococcaceae;g__Romboutsia;s__Romboutsia_timonensis;;0.0;0.0;0.00147;0.0;0.0
k__Bacteria;p__Firmicutes;c__Bacilli;o__Bacillales;f__Bacillales_unclassified;g__Exiguobacterium;s__Exiguobacterium_acetylicum;;0.0;0.0;0.00145;0.0;0.0
k__Bacteria;p__Bacteroidota;c__Flavobacteriia;o__Flavobacteriales;f__Flavobacteriaceae;g__GGB68165;s__GGB68165_SGB140159;;0.0;0.0;0.00144;0.0;0.0
k__Bacteria;p__Actinomycetota;c__Actinomycetes;o__Micrococcales;f__Microbacteriaceae;g__Microbacterium;s__Microbacterium_telephonicum;;0.0;0.0;0.00141;0.0;0.0
k__Bacteria;p__Firmicutes;c__Bacilli;o__Bacillales;f__Bacillaceae;g__Pontibacillus;s__Pontibacillus_sp_HN14;;0.0;0.0;0.00139;0.0;0.0
k__Bacteria;p__Pseudomonadota;c__Alphaproteobacteria;o__Rhodobacterales;f__Paracoccaceae;g__Paracoccaceae_unclassified;s__Rhodobacteraceae_bacterium_EhC02;;0.0;0.0;0.00139;0.0;0.0
k__Bacteria;p__Pseudomonadota;c__Alphaproteobacteria;o__Rhodobacterales;f__Roseobacteraceae;g__Roseivivax;s__Roseivivax_halodurans;;0.0;0.0;0.00137;0.0;0.0
k__Bacteria;p__Actinomycetota;c__Actinomycetes;o__Micrococcales;f__Microbacteriaceae;g__Microbacterium;s__Microbacterium_binotii;;0.0;0.0;0.00129;0.0;0.0
k__Bacteria;p__Actinomycetota;c__CFGB31980;o__OFGB31980;f__FGB31980;g__GGB60258;s__GGB60258_SGB82204;;0.0;0.0;0.00117;0.0;0.0
k__Bacteria;p__Actinomycetota;c__Actinomycetes;o__Bifidobacteriales;f__Bifidobacteriaceae;g__Bifidobacterium;s__Bifidobacterium_longum;;0.0;0.0;0.00116;0.0;0.0
k__Bacteria;p__Bacteroidota;c__Bacteroidia;o__Bacteroidales;f__Bacteroidaceae;g__Bacteroides;s__Bacteroides_graminisolvens;;0.0;0.0;0.00114;0.0;0.0
k__Bacteria;p__Actinomycetota;c__Actinomycetes;o__Micrococcales;f__Microbacteriaceae;g__Microbacterium;s__Microbacterium_sufflavum;;0.0;0.0;0.00114;0.0;0.0
k__Bacteria;p__Actinomycetota;c__Actinomycetes;o__Micrococcales;f__Microbacteriaceae;g__Microbacterium;s__Microbacterium_sp_C7_2022;;0.0;0.0;0.00106;0.0;0.0
k__Bacteria;p__Pseudomonadota;c__Alphaproteobacteria;o__Rhodobacterales;f__Roseobacteraceae;g__Loktanella;s__Loktanella_gaetbuli;;0.0;0.0;0.00105;0.0;0.0
k__Bacteria;p__Actinomycetota;c__Actinomycetes;o__Micrococcales;f__Microbacteriaceae;g__Leucobacter;s__Leucobacter_sp_Psy1;;0.0;0.0;0.00104;0.0;0.0
k__Bacteria;p__Bacteroidota;c__Flavobacteriia;o__Flavobacteriales;f__Flavobacteriaceae;g__Flavobacteriaceae_unclassified;s__Flavobacteriaceae_bacterium_NBU2977;;0.0;0.0;0.001;0.0;0.0
k__Bacteria;p__Actinomycetota;c__Actinomycetes;o__Micrococcales;f__Promicromonosporaceae;g__Isoptericola;s__Isoptericola_jiangsuensis;;0.0;0.0;0.00097;0.0;0.0
k__Bacteria;p__Bacteroidota;c__Flavobacteriia;o__Flavobacteriales;f__Flavobacteriaceae;g__Aequorivita;s__Aequorivita_SGB2713;;0.0;0.0;0.00093;0.0;0.0
k__Bacteria;p__Pseudomonadota;c__Gammaproteobacteria;o__Enterobacterales;f__Enterobacteriaceae;g__Klebsiella;s__Klebsiella_pneumoniae;;0.0;0.0;0.00089;0.0;0.0
k__Archaea;p__Methanobacteriota;c__Methanobacteria;o__Methanobacteriales;f__Methanobacteriaceae;g__GGB53691;s__GGB53691_SGB74832;;0.0;0.0;0.00089;0.0;0.0
k__Bacteria;p__Firmicutes;c__Bacilli;o__Bacillales;f__Caryophanaceae;g__Chryseomicrobium;s__Chryseomicrobium_aureum;;0.0;0.0;0.00083;0.0;0.0
k__Bacteria;p__Deinococcota;c__Deinococci;o__Deinococcales;f__Deinococcaceae;g__Deinococcus;s__Deinococcus_soli_ex_Cha_et_al_2016;;0.0;0.0;0.00079;0.0;0.0
k__Bacteria;p__Pseudomonadota;c__Alphaproteobacteria;o__Rhodobacterales;f__Paracoccaceae;g__Pelagovum;s__Pelagovum_pacificum;;0.0;0.0;0.00075;0.0;0.0
k__Bacteria;p__Firmicutes;c__Bacilli;o__Lactobacillales;f__Streptococcaceae;g__Lactococcus;s__Lactococcus_lactis;;0.0;0.0;0.00074;0.0;0.0
k__Bacteria;p__Pseudomonadota;c__Alphaproteobacteria;o__Rhodobacterales;f__Roseobacteraceae;g__GGB132819;s__GGB132819_SGB182059;;0.0;0.0;0.00073;0.0;0.0
k__Bacteria;p__Actinomycetota;c__Actinomycetes;o__Mycobacteriales;f__Corynebacteriaceae;g__Corynebacterium;s__Corynebacterium_sp_SCR221107;;0.0;0.0;0.00072;0.0;0.0
k__Bacteria;p__Pseudomonadota;c__Alphaproteobacteria;o__Hyphomicrobiales;f__Stappiaceae;g__Roseibium;s__Roseibium_aestuarii;;0.0;0.0;0.00071;0.0;0.0
k__Bacteria;p__Pseudomonadota;c__Alphaproteobacteria;o__Rhodobacterales;f__Roseobacteraceae;g__Seohaeicola;s__Seohaeicola_sp_4SK31;;0.0;0.0;0.00071;0.0;0.0
k__Bacteria;p__Pseudomonadota;c__Betaproteobacteria;o__Nitrosomonadales;f__Nitrosomonadales_unclassified;g__Nitrosomonadales_unclassified;s__beta_proteobacterium_KB13;;0.0;0.0;0.00069;0.0;0.0
k__Bacteria;p__Actinomycetota;c__Actinomycetes;o__Propionibacteriales;f__Propionibacteriaceae;g__Propioniciclava;s__Propioniciclava_sp_MC1595;;0.0;0.0;0.00065;0.0;0.0
k__Bacteria;p__Pseudomonadota;c__Alphaproteobacteria;o__Rhodobacterales;f__Paracoccaceae;g__Rhodovulum;s__Rhodovulum_sp_FJ3;;0.0;0.0;0.00065;0.0;0.0
k__Bacteria;p__Actinomycetota;c__Actinomycetes;o__Micrococcales;f__Micrococcaceae;g__Nesterenkonia;s__Nesterenkonia_massiliensis;;0.0;0.0;0.00064;0.0;0.0
k__Bacteria;p__Pseudomonadota;c__Gammaproteobacteria;o__Lysobacterales;f__Lysobacteraceae;g__Luteimonas;s__Luteimonas_sp_JM171;;0.0;0.0;0.00061;0.0;0.0
k__Bacteria;p__Bacteroidota;c__Flavobacteriia;o__Flavobacteriales;f__Flavobacteriaceae;g__Zunongwangia;s__Zunongwangia_pacifica;;0.0;0.0;0.0006;0.0;0.0
k__Bacteria;p__Actinomycetota;c__Actinomycetes;o__Micrococcales;f__Micrococcaceae;g__Kocuria;s__Kocuria_SGB98773;;0.0;0.0;0.00058;0.0;0.0
k__Bacteria;p__Pseudomonadota;c__Alphaproteobacteria;o__Rhodobacterales;f__Paracoccaceae;g__Paracoccus;s__Paracoccus_yeei;;0.0;0.0;0.00057;0.0;0.0
k__Bacteria;p__Actinomycetota;c__Actinomycetes;o__Micrococcales;f__Microbacteriaceae;g__Salinibacterium;s__Salinibacterium_amurskyense;;0.0;0.0;0.00051;0.0;0.0
k__Bacteria;p__Pseudomonadota;c__Gammaproteobacteria;o__Oceanospirillales;f__Balneatrichaceae;g__GGB63480;s__GGB63480_SGB85789;;0.0;0.0;0.0005;0.0;0.0
k__Bacteria;p__Pseudomonadota;c__Gammaproteobacteria;o__Cellvibrionales;f__Microbulbiferaceae;g__Microbulbifer;s__Microbulbifer_sp_HZ11;;0.0;0.0;0.00049;0.0;0.0
k__Bacteria;p__Pseudomonadota;c__Gammaproteobacteria;o__Pseudomonadales;f__Pseudomonadaceae;g__Halopseudomonas;s__Halopseudomonas_pachastrellae;;0.0;0.0;0.00048;0.0;0.0
k__Bacteria;p__Pseudomonadota;c__Alphaproteobacteria;o__Rickettsiales;f__Candidatus_Midichloriaceae;g__Candidatus_Aquarickettsia;s__Candidatus_Aquarickettsia_rohweri;;0.0;0.0;0.00045;0.0;0.0
k__Bacteria;p__Pseudomonadota;c__Alphaproteobacteria;o__Sphingomonadales;f__Erythrobacteraceae;g__Altererythrobacter;s__Altererythrobacter_sp_C41;;0.0;0.0;0.00044;0.0;0.0
k__Bacteria;p__Actinomycetota;c__Actinomycetes;o__Micrococcales;f__Microbacteriaceae;g__Microbacterium;s__Microbacterium_hydrocarbonoxydans;;0.0;0.0;0.00044;0.0;0.0
k__Bacteria;p__Bacteroidota;c__Flavobacteriia;o__Flavobacteriales;f__Flavobacteriaceae;g__Mesonia;s__Mesonia_maritima;;0.0;0.0;0.00041;0.0;0.0
k__Bacteria;p__Bacteroidota;c__Flavobacteriia;o__Flavobacteriales;f__Flavobacteriaceae;g__Zunongwangia;s__Zunongwangia_sp_HGR_M22;;0.0;0.0;0.00041;0.0;0.0
k__Bacteria;p__Pseudomonadota;c__Alphaproteobacteria;o__Sphingomonadales;f__Erythrobacteraceae;g__Aurantiacibacter;s__Aurantiacibacter_SGB38248;;0.0;0.0;0.0004;0.0;0.0
k__Bacteria;p__Pseudomonadota;c__Gammaproteobacteria;o__Lysobacterales;f__Lysobacteraceae;g__Luteimonas;s__Luteimonas_padinae;;0.0;0.0;0.00039;0.0;0.0
k__Bacteria;p__Pseudomonadota;c__Alphaproteobacteria;o__Sphingomonadales;f__Erythrobacteraceae;g__Qipengyuania;s__Qipengyuania_algicida;;0.0;0.0;0.00038;0.0;0.0
k__Bacteria;p__Pseudomonadota;c__Alphaproteobacteria;o__Sphingomonadales;f__Sphingomonadaceae;g__Sphingomonas;s__Sphingomonas_dokdonensis;;0.0;0.0;0.00037;0.0;0.0
k__Bacteria;p__Pseudomonadota;c__CFGB41017;o__OFGB41017;f__FGB41017;g__GGB43700;s__GGB43700_SGB177887;;0.0;0.0;0.00036;0.0;0.0
k__Bacteria;p__Planctomycetota;c__CFGB45719;o__OFGB45719;f__FGB45719;g__GGB45720;s__GGB45720_SGB63440;;0.0;0.0;0.00036;0.0;0.0
k__Bacteria;p__Pseudomonadota;c__Alphaproteobacteria;o__Rhodobacterales;f__Paracoccaceae;g__Pseudooceanicola;s__Pseudooceanicola_onchidii;;0.0;0.0;0.00036;0.0;0.0
k__Bacteria;p__Actinomycetota;c__Actinomycetes;o__Micrococcales;f__Microbacteriaceae;g__Microbacterium;s__Microbacterium_foliorum;;0.0;0.0;0.00035;0.0;0.0
k__Bacteria;p__Actinomycetota;c__Actinomycetes;o__Mycobacteriales;f__Gordoniaceae;g__Gordonia;s__Gordonia_namibiensis;;0.0;0.0;0.00032;0.0;0.0
k__Bacteria;p__Actinomycetota;c__Actinomycetes;o__Propionibacteriales;f__Propionibacteriaceae;g__Tessaracoccus;s__Tessaracoccus_lapidicaptus;;0.0;0.0;0.00031;0.0;0.0
k__Bacteria;p__Bacteroidota;c__Flavobacteriia;o__Flavobacteriales;f__Flavobacteriaceae;g__GGB68272;s__GGB68272_SGB92186;;0.0;0.0;0.00029;0.0;0.0
k__Bacteria;p__Actinomycetota;c__Actinomycetes;o__Micrococcales;f__Microbacteriaceae;g__Microbacteriaceae_unclassified;s__Microbacteriaceae_bacterium_PS02066;;0.0;0.0;0.00025;0.0;0.0
k__Bacteria;p__Pseudomonadota;c__Alphaproteobacteria;o__Sphingomonadales;f__Erythrobacteraceae;g__Qipengyuania;s__Qipengyuania_mesophila;;0.0;0.0;0.00022;0.0;0.0
k__Bacteria;p__Actinomycetota;c__Actinomycetes;o__Micrococcales;f__Microbacteriaceae;g__Microbacterium;s__Microbacterium_sp_1_5R;;0.0;0.0;0.00021;0.0;0.0
k__Bacteria;p__Actinomycetota;c__Actinomycetes;o__Micrococcales;f__Microbacteriaceae;g__Microbacterium;s__Microbacterium_oleivorans;;0.0;0.0;0.0002;0.0;0.0
k__Bacteria;p__Pseudomonadota;c__Alphaproteobacteria;o__Sphingomonadales;f__Erythrobacteraceae;g__Aurantiacibacter;s__Aurantiacibacter_odishensis;;0.0;0.0;0.00019;0.0;0.0
k__Bacteria;p__Bacteroidota;c__Flavobacteriia;o__Flavobacteriales;f__Flavobacteriaceae;g__Mesonia;s__Mesonia_mobilis;;0.0;0.0;0.00017;0.0;0.0
k__Bacteria;p__Bacteroidota;c__Cytophagia;o__Cytophagales;f__Leadbetterellaceae;g__Jiulongibacter;s__Jiulongibacter_sediminis;;0.0;0.0;0.00014;0.0;0.0
k__Bacteria;p__Actinomycetota;c__Actinomycetes;o__Mycobacteriales;f__Nocardiaceae;g__Rhodococcus;s__Rhodococcus_sp_HNM0569;;0.0;0.0;0.00014;0.0;0.0
k__Bacteria;p__Actinomycetota;c__Actinomycetes;o__Micrococcales;f__Microbacteriaceae;g__Microbacterium;s__Microbacterium_testaceum;;0.0;0.0;0.00013;0.0;0.03569
k__Bacteria;p__Pseudomonadota;c__Alphaproteobacteria;o__Rhodobacterales;f__Paracoccaceae;g__Paracoccus;s__Paracoccus_aerius;;0.0;0.0;8,00E-05;0.0;0.0
k__Bacteria;p__Pseudomonadota;c__Alphaproteobacteria;o__Hyphomonadales;f__Hyphomonadaceae;g__Henriciella;s__Henriciella_algicola;;0.0;0.0;7,00E-05;0.0;0.0
k__Bacteria;p__Pseudomonadota;c__Alphaproteobacteria;o__Sphingomonadales;f__Erythrobacteraceae;g__Aurantiacibacter;s__Aurantiacibacter_suaedae;;0.0;0.0;5,00E-05;0.0;0.0
k__Bacteria;p__Actinomycetota;c__CFGB13567;o__OFGB13567;f__FGB13567;g__GGB136195;s__GGB136195_SGB86552;t__SGB86552;0.0;0.0;1.69608;0.0;0.0
k__Bacteria;p__Actinomycetota;c__Actinomycetes;o__Micrococcales;f__Dermabacteraceae;g__Brachybacterium;s__Brachybacterium_paraconglomeratum;t__SGB16648;0.0;0.0;0.3639;0.0;0.0
k__Bacteria;p__Pseudomonadota;c__Alphaproteobacteria;o__Rhodobacterales;f__Paracoccaceae;g__GGB43317;s__GGB43317_SGB60623;t__SGB60623;0.0;0.0;0.29501;0.0;0.0
k__Bacteria;p__Pseudomonadota;c__Alphaproteobacteria;o__Rhodobacterales;f__Paracoccaceae;g__Paracoccus;s__Paracoccus_sediminilitoris;t__SGB100090;0.0;0.0;0.28307;0.0;0.0
k__Bacteria;p__Pseudomonadota;c__Alphaproteobacteria;o__Rhodobacterales;f__Roseobacteraceae;g__Loktanella;s__Loktanella_sp_3ANDIMAR09;t__SGB10549;0.0;0.0;0.21183;0.0;0.0
k__Bacteria;p__Firmicutes;c__Bacilli;o__Bacillales;f__Staphylococcaceae;g__Salinicoccus;s__Salinicoccus_roseus;t__SGB7804;0.0;0.0;0.13968;0.0;0.0
k__Bacteria;p__Pseudomonadota;c__Alphaproteobacteria;o__Rhodobacterales;f__Paracoccaceae;g__Marivivens;s__Marivivens_SGB10879;t__SGB10879;0.0;0.0;0.13688;0.0;0.0
k__Bacteria;p__Actinomycetota;c__Acidimicrobiia;o__Acidimicrobiales;f__Ilumatobacteraceae;g__GGB31920;s__GGB31920_SGB55883;t__SGB55883;0.0;0.0;0.12682;0.0;0.0
k__Bacteria;p__Actinomycetota;c__Actinomycetes;o__Micrococcales;f__Micrococcaceae;g__Kocuria;s__Kocuria_flava;t__SGB16664;0.0;0.0;0.11647;0.0;0.0
k__Bacteria;p__Actinomycetota;c__Actinomycetes;o__Mycobacteriales;f__Nocardiaceae;g__Rhodococcus;s__Rhodococcus_pyridinivorans;t__SGB15834;0.0;0.0;0.10714;0.0;0.0
k__Bacteria;p__Actinomycetota;c__Actinomycetes;o__Micrococcales;f__Microbacteriaceae;g__Microbacterium;s__Microbacterium_gawkjiense;t__SGB16908;0.0;0.0;0.09518;0.0;0.0
k__Bacteria;p__Pseudomonadota;c__Alphaproteobacteria;o__Rhodobacterales;f__Roseobacteraceae;g__Sulfitobacter;s__Sulfitobacter_pontiacus;t__SGB10649;0.0;0.0;0.09425;0.0;0.0
k__Bacteria;p__Actinomycetota;c__CFGB36511;o__OFGB36511;f__FGB36511;g__GGB60033;s__GGB60033_SGB81933;t__SGB81933;0.0;0.0;0.09148;0.0;0.0
k__Bacteria;p__Actinomycetota;c__Actinomycetes;o__Micrococcales;f__Demequinaceae;g__Demequina;s__Demequina_litorisediminis;t__SGB175152;0.0;0.0;0.0905;0.0;0.0
k__Bacteria;p__Bacteroidota;c__Flavobacteriia;o__Flavobacteriales;f__Flavobacteriaceae;g__Christiangramia;s__Christiangramia_gaetbulicola;t__SGB21808;0.0;0.0;0.08712;0.0;0.0
k__Bacteria;p__Pseudomonadota;c__Gammaproteobacteria;o__Cellvibrionales;f__Microbulbiferaceae;g__Microbulbifer;s__Microbulbifer_litoralis;t__SGB110380;0.0;0.0;0.08527;0.0;0.0
k__Bacteria;p__Actinomycetota;c__Actinomycetes;o__Micrococcales;f__Kytococcaceae;g__Kytococcus;s__Kytococcus_sedentarius;t__SGB16000;0.0;0.0;0.08518;0.0;0.0
k__Bacteria;p__Pseudomonadota;c__Alphaproteobacteria;o__Rhodobacterales;f__Paracoccaceae;g__GGB66792;s__GGB66792_SGB90437;t__SGB90437;0.0;0.0;0.08429;0.0;0.0
k__Bacteria;p__Actinomycetota;c__Actinomycetes;o__Micrococcales;f__Micrococcaceae;g__Micrococcus;s__Micrococcus_terreus;t__SGB16678;0.0;0.0;0.07589;0.0;0.0
k__Bacteria;p__Actinomycetota;c__Actinomycetes;o__Mycobacteriales;f__Nocardiaceae;g__Rhodococcus;s__Rhodococcus_qingshengii;t__SGB15824;0.0;0.0;0.0711;0.0;0.0
k__Bacteria;p__Actinomycetota;c__Actinomycetes;o__Micrococcales;f__Microbacteriaceae;g__Microbacterium;s__Microbacterium_aurantiacum;t__SGB16918;0.0;0.0;0.0685;0.0;0.0
k__Bacteria;p__Pseudomonadota;c__Alphaproteobacteria;o__Rhodobacterales;f__Rhodobacterales_unclassified;g__Rhodobacterales_unclassified;s__Rhodobacterales_bacterium_FZCC0069;t__SGB90314;0.0;0.0;0.0649;0.0;0.0
k__Bacteria;p__Actinomycetota;c__Actinomycetes;o__Micrococcales;f__Microbacteriaceae;g__Microbacterium;s__Microbacterium_sp_WCS2018Hpa_9;t__SGB175327;0.0;0.0;0.0606;0.0;0.0
k__Bacteria;p__Pseudomonadota;c__Alphaproteobacteria;o__Sphingomonadales;f__Erythrobacteraceae;g__Erythrobacteraceae_unclassified;s__Erythrobacteraceae_bacterium_E2_1_Yellow_Sea;t__SGB90029;0.0;0.0;0.05869;0.0;0.0
k__Bacteria;p__Actinomycetota;c__Thermoleophilia;o__Miltoncostaeales;f__Miltoncostaeaceae;g__GGB64250;s__GGB64250_SGB86668;t__SGB86668;0.0;0.0;0.05728;0.0;0.0
k__Bacteria;p__Pseudomonadota;c__Gammaproteobacteria;o__Cellvibrionales;f__Microbulbiferaceae;g__Microbulbifer;s__Microbulbifer_harenosus;t__SGB56879;0.0;0.0;0.05523;0.0;0.0
k__Bacteria;p__Pseudomonadota;c__Alphaproteobacteria;o__Sphingomonadales;f__Erythrobacteraceae;g__Qipengyuania;s__Qipengyuania_SGB138215;t__SGB138215;0.0;0.0;0.05522;0.0;0.0
k__Bacteria;p__Pseudomonadota;c__Gammaproteobacteria;o__Moraxellales;f__Moraxellaceae;g__Psychrobacter;s__Psychrobacter_immobilis;t__SGB92575;0.0;0.0;0.05354;0.0;0.0
k__Bacteria;p__Pseudomonadota;c__Alphaproteobacteria;o__Rhodobacterales;f__Paracoccaceae;g__Paracoccus;s__Paracoccus_marcusii;t__SGB10707;0.0;0.0;0.05336;0.0;0.0
k__Bacteria;p__Actinomycetota;c__CFGB13567;o__OFGB13567;f__FGB13567;g__GGB136196;s__GGB136196_SGB176986;t__SGB176986;0.0;0.0;0.051;0.0;0.0
k__Bacteria;p__Actinomycetota;c__Actinomycetes;o__Mycobacteriales;f__Gordoniaceae;g__Gordonia;s__Gordonia_hongkongensis;t__SGB15787;0.0;0.0;0.04875;0.0;0.0
k__Bacteria;p__Bacteroidota;c__Flavobacteriia;o__Flavobacteriales;f__Flavobacteriaceae;g__Zunongwangia;s__Zunongwangia_profunda;t__SGB2750;0.0;0.0;0.04758;0.0;0.0
k__Bacteria;p__Pseudomonadota;c__Gammaproteobacteria;o__Alteromonadales;f__Pseudoalteromonadaceae;g__Pseudoalteromonas;s__Pseudoalteromonas_nigrifaciens;t__SGB13904;0.0;0.0;0.04452;0.0;0.0
k__Bacteria;p__Pseudomonadota;c__Alphaproteobacteria;o__Sphingomonadales;f__Erythrobacteraceae;g__Qipengyuania;s__Qipengyuania_SGB38253;t__SGB38253;0.0;0.0;0.04389;0.0;0.0
k__Bacteria;p__Actinomycetota;c__Actinomycetes;o__Micrococcales;f__Demequinaceae;g__Demequina;s__Demequina_sediminis;t__SGB175147;0.0;0.0;0.04215;0.0;0.0
k__Bacteria;p__Pseudomonadota;c__Alphaproteobacteria;o__Rhodobacterales;f__Roseobacteraceae;g__Celeribacter;s__Celeribacter_halophilus;t__SGB10878;0.0;0.0;0.03854;0.0;0.0
k__Bacteria;p__Pseudomonadota;c__Gammaproteobacteria;o__Cellvibrionales;f__Microbulbiferaceae;g__Microbulbifer;s__Microbulbifer_variabilis;t__SGB110375;0.0;0.0;0.0381;0.0;0.0
k__Bacteria;p__Firmicutes;c__Bacilli;o__Bacillales;f__Bacillaceae;g__Halobacillus;s__Halobacillus_salinus;t__SGB30097;0.0;0.0;0.03398;0.0;0.0
k__Bacteria;p__Pseudomonadota;c__Gammaproteobacteria;o__Cellvibrionales;f__Microbulbiferaceae;g__Microbulbifer;s__Microbulbifer_sp_THAF38;t__SGB88972;0.0;0.0;0.03224;0.0;0.0
k__Bacteria;p__Firmicutes;c__Bacilli;o__Bacillales;f__Caryophanaceae;g__Tetzosporium;s__Tetzosporium_hominis;t__SGB7504;0.0;0.0;0.03099;0.0;0.0
k__Bacteria;p__Pseudomonadota;c__Alphaproteobacteria;o__Caulobacterales;f__Caulobacteraceae;g__Brevundimonas;s__Brevundimonas_aurantiaca;t__SGB11740;0.0;0.0;0.03007;0.0;0.0
k__Bacteria;p__Actinomycetota;c__Actinomycetes;o__Micrococcales;f__Jonesiaceae;g__Jonesia;s__Jonesia_denitrificans;t__SGB17212;0.0;0.0;0.02856;0.0;0.0
k__Bacteria;p__Actinomycetota;c__Actinomycetes;o__Micrococcales;f__Promicromonosporaceae;g__Cellulosimicrobium;s__Cellulosimicrobium_cellulans;t__SGB16053;0.0;0.0;0.02748;0.0;0.0
k__Bacteria;p__Bacteroidota;c__Flavobacteriia;o__Flavobacteriales;f__Cryomorphaceae;g__Acidiluteibacter;s__Acidiluteibacter_ferrifornacis;t__SGB78761;0.0;0.0;0.02536;0.0;0.0
k__Bacteria;p__Pseudomonadota;c__Alphaproteobacteria;o__Rhodobacterales;f__Paracoccaceae;g__Nioella;s__Nioella_SGB138072;t__SGB138072;0.0;0.0;0.0247;0.0;0.0
k__Bacteria;p__Pseudomonadota;c__Alphaproteobacteria;o__Rhodobacterales;f__Roseobacteraceae;g__Marivita;s__Marivita_SGB181916;t__SGB181916;0.0;0.0;0.02453;0.0;0.0
k__Bacteria;p__Bacteroidota;c__Flavobacteriia;o__Flavobacteriales;f__Weeksellaceae;g__Profundicola;s__Profundicola_chukchiensis;t__SGB194983;0.0;0.0;0.02378;0.0;0.0
k__Bacteria;p__Planctomycetota;c__CFGB25759;o__OFGB25759;f__FGB25759;g__GGB45144;s__GGB45144_SGB62657;t__SGB62657;0.0;0.0;0.02202;0.0;0.0
k__Bacteria;p__Pseudomonadota;c__Alphaproteobacteria;o__Candidatus_Pelagibacterales;f__Candidatus_Pelagibacteraceae;g__GGB47040;s__GGB47040_SGB64963;t__SGB64963;0.0;0.0;0.02199;0.0;0.0
k__Bacteria;p__Pseudomonadota;c__Gammaproteobacteria;o__Moraxellales;f__Moraxellaceae;g__Psychrobacter;s__Psychrobacter_aquimaris;t__SGB23000;0.0;0.0;0.02153;0.0;0.0
k__Bacteria;p__Pseudomonadota;c__Gammaproteobacteria;o__Oceanospirillales;f__Halomonadaceae;g__Salinicola;s__Salinicola_lusitanus;t__SGB32421;0.0;0.0;0.02138;0.0;0.0
k__Bacteria;p__Pseudomonadota;c__Alphaproteobacteria;o__Candidatus_Pelagibacterales;f__Candidatus_Pelagibacterales_unclassified;g__GGB47034;s__GGB47034_SGB64954;t__SGB64954;0.0;0.0;0.02013;0.0;0.0
k__Bacteria;p__Pseudomonadota;c__Alphaproteobacteria;o__Rhodobacterales;f__Paracoccaceae;g__Pseudorhodobacter;s__Pseudorhodobacter_sp_E13;t__SGB31398;0.0;0.0;0.01947;0.0;0.0
k__Bacteria;p__Actinomycetota;c__Actinomycetes;o__Micrococcales;f__Micrococcaceae;g__Micrococcus;s__Micrococcus_flavus;t__SGB35106;0.0;0.0;0.01926;0.0;0.0
k__Bacteria;p__Pseudomonadota;c__Gammaproteobacteria;o__Thiotrichales;f__Thiotrichaceae;g__Leucothrix;s__Leucothrix_mucor;t__SGB30696;0.0;0.0;0.0189;0.0;0.0
k__Bacteria;p__Actinomycetota;c__Actinomycetes;o__Mycobacteriales;f__Nocardiaceae;g__Rhodococcoides;s__Rhodococcoides_fascians;t__SGB15814;0.0;0.0;0.01813;0.0;0.0
k__Bacteria;p__Pseudomonadota;c__Gammaproteobacteria;o__Lysobacterales;f__Lysobacteraceae;g__Luteimonas;s__Luteimonas_colneyensis;t__SGB88952;0.0;0.0;0.01767;0.0;0.0
k__Bacteria;p__Pseudomonadota;c__Betaproteobacteria;o__Nitrosomonadales;f__Methylophilaceae;g__Methylophilaceae_unclassified;s__Methylophilaceae_unclassified_SGB91728;t__SGB91728;0.0;0.0;0.01673;0.0;0.0
k__Bacteria;p__Pseudomonadota;c__Gammaproteobacteria;o__Cellvibrionales;f__Microbulbiferaceae;g__Microbulbifer;s__Microbulbifer_pacificus;t__SGB32409;0.0;0.0;0.01622;0.0;0.0
k__Bacteria;p__Actinomycetota;c__CFGB13567;o__OFGB13567;f__FGB13567;g__GGB33138;s__GGB33138_SGB86553;t__SGB86553;0.0;0.0;0.01618;0.0;0.0
k__Bacteria;p__Pseudomonadota;c__Alphaproteobacteria;o__Rhodobacterales;f__Paracoccaceae;g__Thioclava;s__Thioclava_sp_A2;t__SGB181712;0.0;0.0;0.016;0.0;0.0
k__Bacteria;p__Actinomycetota;c__CFGB13567;o__OFGB13567;f__FGB13567;g__GGB44069;s__GGB44069_SGB61447;t__SGB61447;0.0;0.0;0.01518;0.0;0.0
k__Bacteria;p__Actinomycetota;c__Actinomycetes;o__Micrococcales;f__Micrococcaceae;g__Micrococcus;s__Micrococcus_luteus;t__SGB16676;0.0;0.0;0.01482;0.0;0.0
k__Bacteria;p__Bacteroidota;c__Flavobacteriia;o__Flavobacteriales;f__Flavobacteriaceae;g__Christiangramia;s__Christiangramia_portivictoriae;t__SGB27969;0.0;0.0;0.01446;0.0;0.0
k__Bacteria;p__Actinomycetota;c__Actinomycetes;o__Micrococcales;f__Microbacteriaceae;g__Microbacterium;s__Microbacterium_kunmingense;t__SGB111237;0.0;0.0;0.01437;0.0;0.0
k__Bacteria;p__Pseudomonadota;c__Gammaproteobacteria;o__Lysobacterales;f__Lysobacteraceae;g__Novilysobacter;s__Novilysobacter_defluvii;t__SGB12531;0.0;0.0;0.01417;0.0;0.0
k__Bacteria;p__Pseudomonadota;c__Alphaproteobacteria;o__Sphingomonadales;f__Erythrobacteraceae;g__Erythrobacteraceae_unclassified;s__Erythrobacteraceae_bacterium_WH01K;t__SGB183051;0.0;0.0;0.01398;0.0;0.0
k__Bacteria;p__Actinomycetota;c__Actinomycetes;o__Micrococcales;f__Microbacteriaceae;g__Microbacterium;s__Microbacterium_marinum;t__SGB55576;0.0;0.0;0.01326;0.0;0.0
k__Bacteria;p__Actinomycetota;c__Actinomycetes;o__Mycobacteriales;f__Corynebacteriaceae;g__Corynebacterium;s__Corynebacterium_variabile;t__SGB17034;0.0;0.0;0.01322;0.0;0.0
k__Bacteria;p__Pseudomonadota;c__Gammaproteobacteria;o__Lysobacterales;f__Lysobacteraceae;g__Novilysobacter;s__Novilysobacter_spongiicola;t__SGB12530;0.0;0.0;0.01277;0.0;0.0
k__Bacteria;p__Bacteroidota;c__Flavobacteriia;o__Flavobacteriales;f__Flavobacteriaceae;g__Gelidibacter;s__Gelidibacter_japonicus;t__SGB79113;0.0;0.0;0.01274;0.0;0.0
k__Bacteria;p__Bacteroidota;c__CFGB83599;o__OFGB83599;f__FGB83599;g__GGB99166;s__GGB99166_SGB140305;t__SGB140305;0.0;0.0;0.01233;0.0;0.0
k__Bacteria;p__Firmicutes;c__Bacilli;o__Lactobacillales;f__Lactobacillaceae;g__Lactiplantibacillus;s__Lactiplantibacillus_plantarum;t__SGB7202;0.0;0.0;0.0122;0.0;0.0
k__Bacteria;p__Pseudomonadota;c__Gammaproteobacteria;o__Oceanospirillales;f__Halomonadaceae;g__Vreelandella;s__Vreelandella_aquamarina;t__SGB56856;0.0;0.0;0.01207;0.0;0.0
k__Bacteria;p__Cyanobacteriota;c__Cyanophyceae;o__Synechococcales;f__Synechococcaceae;g__Synechococcus;s__Synechococcus_sp_LTW_R;t__SGB83477;0.0;0.0;0.01194;0.0;0.0
k__Bacteria;p__Pseudomonadota;c__Gammaproteobacteria;o__Alteromonadales;f__Pseudoalteromonadaceae;g__Pseudoalteromonas;s__Pseudoalteromonas_tetraodonis;t__SGB13896;0.0;0.0;0.01163;0.0;0.0
k__Bacteria;p__Verrucomicrobiota;c__Opitutia;o__Puniceicoccales;f__Coraliomargaritaceae;g__GGB25700;s__GGB25700_SGB37674;t__SGB37674;0.0;0.0;0.01149;0.0;0.0
k__Bacteria;p__Actinomycetota;c__Actinomycetes;o__Micrococcales;f__Brevibacteriaceae;g__Brevibacterium;s__Brevibacterium_linens;t__SGB16634;0.0;0.0;0.01139;0.0;0.0
k__Bacteria;p__Actinomycetota;c__Actinomycetes;o__Propionibacteriales;f__Nocardioidaceae;g__Nocardioides;s__Nocardioides_SGB107694;t__SGB107694;0.0;0.0;0.01125;0.0;0.0
k__Bacteria;p__Firmicutes;c__Bacilli;o__Bacillales;f__Bacillales_unclassified;g__Exiguobacterium;s__Exiguobacterium_aurantiacum;t__SGB8323;0.0;0.0;0.01105;0.0;0.0
k__Bacteria;p__Firmicutes;c__Bacilli;o__Bacillales;f__Bacillaceae;g__Halobacillus;s__Halobacillus_litoralis;t__SGB82774;0.0;0.0;0.01101;0.0;0.0
k__Bacteria;p__Pseudomonadota;c__Gammaproteobacteria;o__Oceanospirillales;f__Alcanivoracaceae;g__Alcanivorax;s__Alcanivorax_borkumensis;t__SGB11939;0.0;0.0;0.01069;0.0;0.0
k__Bacteria;p__Actinomycetota;c__Actinomycetes;o__Kitasatosporales;f__Streptomycetaceae;g__Streptomyces;s__Streptomyces_albidoflavus;t__SGB16294;0.0;0.0;0.0104;0.0;0.0
k__Bacteria;p__Bacteroidota;c__CFGB24306;o__OFGB24306;f__FGB24306;g__GGB14202;s__GGB14202_SGB36131;t__SGB36131;0.0;0.0;0.0102;0.0;0.0
k__Bacteria;p__Pseudomonadota;c__Gammaproteobacteria;o__Moraxellales;f__Moraxellaceae;g__Acinetobacter;s__Acinetobacter_pittii;t__SGB10346;0.0;0.0;0.01013;0.0;28.56588
k__Bacteria;p__Actinomycetota;c__Actinomycetes;o__Micrococcales;f__Dermabacteraceae;g__Brachybacterium;s__Brachybacterium_massiliense;t__SGB34200;0.0;0.0;0.00925;0.0;0.0
k__Bacteria;p__Actinomycetota;c__Actinomycetes;o__Propionibacteriales;f__Propionibacteriaceae;g__Tessaracoccus;s__Tessaracoccus_flavus;t__SGB15913;0.0;0.0;0.00908;0.0;0.0
k__Bacteria;p__Pseudomonadota;c__Alphaproteobacteria;o__Sphingomonadales;f__Erythrobacteraceae;g__Qipengyuania;s__Qipengyuania_profundimaris;t__SGB183067;0.0;0.0;0.00882;0.0;0.0
k__Bacteria;p__Firmicutes;c__Bacilli;o__Bacillales;f__Caryophanaceae;g__Planomicrobium;s__Planomicrobium_okeanokoites;t__SGB25127;0.0;0.0;0.00867;0.0;0.0
k__Bacteria;p__Pseudomonadota;c__Gammaproteobacteria;o__Oceanospirillales;f__Halomonadaceae;g__Vreelandella;s__Vreelandella_venusta;t__SGB32461;0.0;0.0;0.00861;0.0;0.0
k__Bacteria;p__Actinomycetota;c__Actinomycetes;o__Catenulisporales;f__Actinospicaceae;g__Actinospica;s__Actinospica_acidiphila;t__SGB16223;0.0;0.0;0.00848;0.0;0.0
k__Bacteria;p__Actinomycetota;c__Actinomycetes;o__Micrococcales;f__Microbacteriaceae;g__Microbacterium;s__Microbacterium_algeriense;t__SGB34915;0.0;0.0;0.00809;0.0;0.0
k__Bacteria;p__Firmicutes;c__Bacilli;o__Bacillales;f__Bacillaceae;g__Bacillus;s__Bacillus_sp_SB49;t__SGB7639;0.0;0.0;0.00796;0.0;0.0
k__Bacteria;p__Planctomycetota;c__CFGB46181;o__OFGB46181;f__FGB46181;g__GGB97621;s__GGB97621_SGB137707;t__SGB137707;0.0;0.0;0.00793;0.0;0.0
k__Bacteria;p__Bacteroidota;c__Bacteroidia;o__Bacteroidales;f__Bacteroidales_unclassified;g__GGB56036;s__GGB56036_SGB208952;t__SGB208952;0.0;0.0;0.00786;0.0;0.0
k__Bacteria;p__Pseudomonadota;c__Alphaproteobacteria;o__Sphingomonadales;f__Erythrobacteraceae;g__Qipengyuania;s__Qipengyuania_sp_XHP0211;t__SGB183065;0.0;0.0;0.00777;0.0;0.0
k__Bacteria;p__Pseudomonadota;c__Alphaproteobacteria;o__Rhodobacterales;f__Paracoccaceae;g__GGB132915;s__GGB132915_SGB181538;t__SGB181538;0.0;0.0;0.00767;0.0;0.0
k__Bacteria;p__Actinomycetota;c__Actinomycetes;o__Micrococcales;f__Microbacteriaceae;g__Microbacterium;s__Microbacterium_paludicola;t__SGB16902;0.0;0.0;0.00761;0.0;0.0
k__Bacteria;p__Bacteroidota;c__Flavobacteriia;o__Flavobacteriales;f__Flavobacteriaceae;g__Bizionia;s__Bizionia_paragorgiae;t__SGB2872;0.0;0.0;0.00749;0.0;0.0
k__Bacteria;p__Actinomycetota;c__Actinomycetes;o__Micrococcales;f__Demequinaceae;g__Demequina;s__Demequina_sp_NBRC_110055;t__SGB34256;0.0;0.0;0.00739;0.0;0.0
k__Bacteria;p__Pseudomonadota;c__CFGB72964;o__OFGB72964;f__FGB72964;g__GGB46913;s__GGB46913_SGB64825;t__SGB64825;0.0;0.0;0.00733;0.0;0.0
k__Bacteria;p__Pseudomonadota;c__Alphaproteobacteria;o__Sphingomonadales;f__Erythrobacteraceae;g__Alteraurantiacibacter;s__Alteraurantiacibacter_aquimixticola;t__SGB58439;0.0;0.0;0.00732;0.0;0.0
k__Bacteria;p__Actinomycetota;c__Actinomycetes;o__Micrococcales;f__Microbacteriaceae;g__Microbacterium;s__Microbacterium_sp_5K110;t__SGB55566;0.0;0.0;0.00723;0.0;0.0
k__Bacteria;p__Actinomycetota;c__Actinomycetes;o__Streptosporangiales;f__Nocardiopsidaceae;g__Nocardiopsis;s__Nocardiopsis_alba;t__SGB16394;0.0;0.0;0.00721;0.0;0.0
k__Bacteria;p__Bacteroidota;c__Flavobacteriia;o__Flavobacteriales;f__Weeksellaceae;g__Chryseobacterium;s__Planobacterium_oryzisoli;t__SGB78870;0.0;0.0;0.00698;0.0;0.0
k__Bacteria;p__Bacteroidota;c__Flavobacteriia;o__Flavobacteriales;f__Flavobacteriaceae;g__Aequorivita;s__Aequorivita_viscosa;t__SGB2711;0.0;0.0;0.00664;0.0;0.0
k__Bacteria;p__Actinomycetota;c__Actinomycetes;o__Micrococcales;f__Microbacteriaceae;g__Microbacterium;s__Microbacterium_ihumii;t__SGB87870;0.0;0.0;0.00652;0.0;0.0
k__Bacteria;p__Pseudomonadota;c__Alphaproteobacteria;o__Rhodobacterales;f__Paracoccaceae;g__Aliiroseovarius;s__Aliiroseovarius_crassostreae;t__SGB10664;0.0;0.0;0.00635;0.0;0.0
k__Bacteria;p__Bacteroidota;c__Flavobacteriia;o__Flavobacteriales;f__Flavobacteriaceae;g__Salegentibacter;s__Salegentibacter_maritimus;t__SGB79054;0.0;0.0;0.00608;0.0;0.0
k__Bacteria;p__Bacteroidota;c__Flavobacteriia;o__Flavobacteriales;f__Flavobacteriaceae;g__GGB142108;s__GGB142108_SGB213955;t__SGB213955;0.0;0.0;0.00601;0.0;0.0
k__Bacteria;p__Pseudomonadota;c__Alphaproteobacteria;o__Rhodobacterales;f__Paracoccaceae;g__Paracoccus;s__Paracoccus_sp_C2R09;t__SGB111337;0.0;0.0;0.0059;0.0;0.0
k__Bacteria;p__Pseudomonadota;c__Alphaproteobacteria;o__Rhodobacterales;f__Paracoccaceae;g__Pseudooceanicola;s__Pseudooceanicola_nitratireducens;t__SGB10769;0.0;0.0;0.00582;0.0;0.0
k__Bacteria;p__Pseudomonadota;c__Gammaproteobacteria;o__Moraxellales;f__Moraxellaceae;g__Acinetobacter;s__Acinetobacter_towneri;t__SGB10412;0.0;0.0;0.00557;0.0;0.0
k__Bacteria;p__Actinomycetota;c__Actinomycetes;o__Micrococcales;f__Microbacteriaceae;g__Microbacterium;s__Microbacterium_maritypicum;t__SGB16874;0.0;0.0;0.00548;0.0;0.0
k__Bacteria;p__Pseudomonadota;c__Alphaproteobacteria;o__Rhodobacterales;f__Paracoccaceae;g__Paracoccus;s__Paracoccus_xiamenensis;t__SGB90441;0.0;0.0;0.00545;0.0;0.0
k__Bacteria;p__Actinomycetota;c__Actinomycetes;o__Micrococcales;f__Ornithinimicrobiaceae;g__Ornithinimicrobium;s__Ornithinimicrobium_pekingense;t__SGB34104;0.0;0.0;0.00528;0.0;0.0
k__Bacteria;p__Pseudomonadota;c__CFGB83885;o__OFGB83885;f__FGB83885;g__GGB43144;s__GGB43144_SGB60398;t__SGB60398;0.0;0.0;0.00528;0.0;0.0
k__Bacteria;p__Pseudomonadota;c__Alphaproteobacteria;o__Sphingomonadales;f__Erythrobacteraceae;g__Erythrobacter;s__Erythrobacter_aurantius;t__SGB111635;0.0;0.0;0.00523;0.0;0.0
k__Bacteria;p__Actinomycetota;c__Actinomycetes;o__Micrococcales;f__Micrococcaceae;g__Zhihengliuella;s__Zhihengliuella_sp_ISTPL4;t__SGB34914;0.0;0.0;0.00518;0.0;0.0
k__Bacteria;p__Firmicutes;c__Clostridia;o__Eubacteriales;f__Oscillospiraceae;g__GGB9634;s__GGB9634_SGB15095;t__SGB15095;0.0;0.0;0.00512;0.0;0.0
k__Bacteria;p__Actinomycetota;c__Actinomycetes;o__Micrococcales;f__Micrococcaceae;g__Kocuria;s__Kocuria_oceani;t__SGB16665;0.0;0.0;0.00499;0.0;0.0
k__Bacteria;p__Firmicutes;c__Negativicutes;o__Selenomonadales;f__Selenomonadaceae;g__Pectinatus;s__Pectinatus_brassicae;t__SGB83692;0.0;0.0;0.00488;0.0;0.0
k__Bacteria;p__Firmicutes;c__Bacilli;o__Bacillales;f__Bacillaceae;g__Halobacillus;s__Halobacillus_litoralis;t__SGB109787;0.0;0.0;0.00479;0.0;0.0
k__Bacteria;p__Pseudomonadota;c__Alphaproteobacteria;o__Sphingomonadales;f__Sphingomonadaceae;g__GGB131183;s__GGB131183_SGB183046;t__SGB183046;0.0;0.0;0.00479;0.0;0.0
k__Bacteria;p__Actinomycetota;c__Actinomycetes;o__Micrococcales;f__Microbacteriaceae;g__Microbacterium;s__Microbacterium_sp_nov_GSS16;t__SGB175342;0.0;0.0;0.00471;0.0;0.0
k__Bacteria;p__Firmicutes;c__CFGB40002;o__OFGB40002;f__FGB40002;g__GGB42066;s__GGB42066_SGB59206;t__SGB59206;0.0;0.0;0.00467;0.0;0.0
k__Bacteria;p__Actinomycetota;c__Actinomycetes;o__Micrococcales;f__Dermabacteraceae;g__Brachybacterium;s__Brachybacterium_squillarum;t__SGB34201;0.0;0.0;0.0046;0.0;0.0
k__Bacteria;p__Bacteroidota;c__Flavobacteriia;o__Flavobacteriales;f__Flavobacteriaceae;g__GGB49933;s__GGB49933_SGB69928;t__SGB69928;0.0;0.0;0.00452;0.0;0.0
k__Bacteria;p__Pseudomonadota;c__Gammaproteobacteria;o__Oceanospirillales;f__Halomonadaceae;g__Halomonas;s__Halomonas_campaniensis;t__SGB11840;0.0;0.0;0.00451;0.0;0.0
k__Bacteria;p__Actinomycetota;c__Actinomycetes;o__Mycobacteriales;f__Dietziaceae;g__Dietzia;s__Dietzia_aerolata;t__SGB66231;0.0;0.0;0.00447;0.0;0.0
k__Bacteria;p__Bacteroidota;c__CFGB24175;o__OFGB24175;f__FGB24175;g__GGB108659;s__GGB108659_SGB193402;t__SGB193402;0.0;0.0;0.00443;0.0;0.0
k__Bacteria;p__Pseudomonadota;c__Alphaproteobacteria;o__Rhodobacterales;f__Roseobacteraceae;g__Loktanella;s__Loktanella_sp_PT4BL;t__SGB24320;0.0;0.0;0.00414;0.0;0.0
k__Bacteria;p__Pseudomonadota;c__Alphaproteobacteria;o__Rhodobacterales;f__Paracoccaceae;g__GGB43300;s__GGB43300_SGB90439;t__SGB90439;0.0;0.0;0.00396;0.0;0.0
k__Bacteria;p__Firmicutes;c__Bacilli;o__Bacillales;f__Caryophanaceae;g__Chryseomicrobium;s__Chryseomicrobium_excrementi;t__SGB7505;0.0;0.0;0.00386;0.0;0.0
k__Bacteria;p__Pseudomonadota;c__Gammaproteobacteria;o__Alteromonadales;f__Idiomarinaceae;g__Pseudidiomarina;s__Pseudidiomarina_taiwanensis;t__SGB30821;0.0;0.0;0.00381;0.0;0.0
k__Bacteria;p__Pseudomonadota;c__Gammaproteobacteria;o__Oceanospirillales;f__Halomonadaceae;g__Kushneria;s__Kushneria_konosiri;t__SGB22929;0.0;0.0;0.00358;0.0;0.0
k__Bacteria;p__Actinomycetota;c__Actinomycetes;o__Mycobacteriales;f__Dietziaceae;g__Dietzia;s__Dietzia_cinnamea;t__SGB15766;0.0;0.0;0.00342;0.0;0.0
k__Bacteria;p__Pseudomonadota;c__Alphaproteobacteria;o__Sphingomonadales;f__Erythrobacteraceae;g__Qipengyuania;s__Qipengyuania_huizhouensis;t__SGB111666;0.0;0.0;0.00335;0.0;0.0
k__Archaea;p__Methanobacteriota;c__Methanobacteria;o__Methanobacteriales;f__Methanobacteriaceae;g__Methanobrevibacter;s__Methanobrevibacter_smithii;t__SGB714;0.0;0.0;0.00335;0.0;0.0
k__Bacteria;p__Pseudomonadota;c__CFGB2312;o__OFGB2312;f__FGB2312;g__GGB42957;s__GGB42957_SGB57748;t__SGB57748;0.0;0.0;0.00334;0.0;0.0
k__Bacteria;p__Pseudomonadota;c__Alphaproteobacteria;o__Rhodobacterales;f__Roseobacteraceae;g__Roseivivax;s__Roseivivax_marinus;t__SGB10825;0.0;0.0;0.00329;0.0;0.0
k__Bacteria;p__Firmicutes;c__Bacilli;o__Lactobacillales;f__Lactobacillaceae;g__Limosilactobacillus;s__Limosilactobacillus_fermentum;t__SGB7106;0.0;0.0;0.00321;0.0;0.0
k__Bacteria;p__Actinomycetota;c__Actinomycetes;o__Micrococcales;f__Ornithinimicrobiaceae;g__Serinicoccus;s__Serinicoccus_sediminis;t__SGB34101;0.0;0.0;0.00316;0.0;0.0
k__Bacteria;p__Pseudomonadota;c__Alphaproteobacteria;o__Rhodobacterales;f__Paracoccaceae;g__Marivivens;s__Marivivens_donghaensis;t__SGB10880;0.0;0.0;0.00312;0.0;0.0
k__Bacteria;p__Actinomycetota;c__Actinomycetes;o__Micrococcales;f__Microbacteriaceae;g__Microbacterium;s__Microbacterium_luteum;t__SGB16859;0.0;0.0;0.00309;0.0;0.0
k__Bacteria;p__Actinomycetota;c__Actinomycetes;o__Micrococcales;f__Promicromonosporaceae;g__Isoptericola;s__Isoptericola_chiayiensis;t__SGB87505;0.0;0.0;0.00309;0.0;0.0
k__Bacteria;p__Pseudomonadota;c__Alphaproteobacteria;o__Rhodobacterales;f__Paracoccaceae;g__Cereibacter;s__Cereibacter_sphaeroides;t__SGB31416;0.0;0.0;0.00307;0.0;0.0
k__Bacteria;p__Pseudomonadota;c__Gammaproteobacteria;o__Lysobacterales;f__Lysobacteraceae;g__Novilysobacter;s__Novilysobacter_arseniciresistens;t__SGB12528;0.0;0.0;0.00306;0.0;0.0
k__Bacteria;p__Pseudomonadota;c__Alphaproteobacteria;o__Rhodobacterales;f__Paracoccaceae;g__Marivivens;s__Marivivens_niveibacter;t__SGB182065;0.0;0.0;0.00304;0.0;0.0
k__Bacteria;p__Pseudomonadota;c__Alphaproteobacteria;o__Sphingomonadales;f__Erythrobacteraceae;g__Tsuneonella;s__Tsuneonella_flava;t__SGB31591;0.0;0.0;0.00304;0.0;0.0
k__Bacteria;p__Bacteroidota;c__CFGB463;o__OFGB463;f__FGB463;g__GGB46612;s__GGB46612_SGB64482;t__SGB64482;0.0;0.0;0.00301;0.0;0.0
k__Bacteria;p__Firmicutes;c__Clostridia;o__Eubacteriales;f__Clostridiaceae;g__Clostridiaceae_unclassified;s__Clostridiaceae_bacterium_HFYG_1003;t__SGB109643;0.0;0.0;0.00298;0.0;0.0
k__Bacteria;p__Bacteroidota;c__Flavobacteriia;o__Flavobacteriales;f__Flavobacteriaceae;g__GGB110760;s__GGB110760_SGB195771;t__SGB195771;0.0;0.0;0.00295;0.0;0.0
k__Bacteria;p__Pseudomonadota;c__Betaproteobacteria;o__Burkholderiales;f__Comamonadaceae;g__GGB98133;s__GGB98133_SGB138700;t__SGB138700;0.0;0.0;0.0029;0.0;0.0
k__Eukaryota;p__Ascomycota;c__Saccharomycetes;o__Saccharomycetales;f__Debaryomycetaceae;g__Candida;s__Candida_tropicalis;t__EUK5482;0.0;0.0;0.0029;0.0;0.0
k__Bacteria;p__Pseudomonadota;c__Gammaproteobacteria;o__Oceanospirillales;f__Oceanospirillaceae;g__Marinobacterium;s__Marinobacterium_sp_LSUCC0821;t__SGB81404;0.0;0.0;0.00287;0.0;0.0
k__Bacteria;p__Actinomycetota;c__Actinomycetes;o__Micrococcales;f__Dermabacteraceae;g__Brachybacterium;s__Brachybacterium_squillarum;t__SGB55775;0.0;0.0;0.00286;0.0;0.0
k__Bacteria;p__Actinomycetota;c__Actinomycetes;o__Micrococcales;f__Ornithinimicrobiaceae;g__Ornithinimicrobium;s__Ornithinimicrobium_humiphilum;t__SGB87592;0.0;0.0;0.00284;0.0;0.0
k__Bacteria;p__Pseudomonadota;c__Gammaproteobacteria;o__Moraxellales;f__Moraxellaceae;g__Psychrobacter;s__Psychrobacter_coccoides;t__SGB92572;0.0;0.0;0.00283;0.0;0.0
k__Bacteria;p__Pseudomonadota;c__Gammaproteobacteria;o__Alteromonadales;f__Alteromonadaceae;g__Alkalimarinus;s__Alkalimarinus_sediminis;t__SGB110530;0.0;0.0;0.00273;0.0;0.0
k__Bacteria;p__Bacteroidota;c__Flavobacteriia;o__Flavobacteriales;f__Flavobacteriaceae;g__Aequorivita;s__Aequorivita_xiaoshiensis;t__SGB208790;0.0;0.0;0.0027;0.0;0.0
k__Bacteria;p__Pseudomonadota;c__Alphaproteobacteria;o__Sphingomonadales;f__Erythrobacteraceae;g__Aurantiacibacter;s__Aurantiacibacter_xanthus;t__SGB31639;0.0;0.0;0.0027;0.0;0.0
k__Bacteria;p__Actinomycetota;c__Actinomycetes;o__Micrococcales;f__Microbacteriaceae;g__Microbacterium;s__Microbacterium_maritypicum;t__SGB16873;0.0;0.0;0.00262;0.0;0.0
k__Bacteria;p__Pseudomonadota;c__Gammaproteobacteria;o__Oceanospirillales;f__Halomonadaceae;g__Cobetia;s__Cobetia_marina;t__SGB11854;0.0;0.0;0.00258;0.0;0.0
k__Bacteria;p__Pseudomonadota;c__Gammaproteobacteria;o__Enterobacterales;f__Enterobacteriaceae;g__Enterobacter;s__Enterobacter_hormaechei;t__SGB10130;0.0;0.0;0.00239;0.0;0.03928
k__Bacteria;p__Bacteroidota;c__CFGB42410;o__OFGB42410;f__FGB42410;g__GGB46774;s__GGB46774_SGB64663;t__SGB64663;0.0;0.0;0.00233;0.0;0.0
k__Bacteria;p__Actinomycetota;c__Actinomycetes;o__Micrococcales;f__Intrasporangiaceae;g__Janibacter;s__Janibacter_anophelis;t__SGB34114;0.0;0.0;0.00231;0.0;0.0
k__Bacteria;p__Actinomycetota;c__Actinomycetes;o__Mycobacteriales;f__Corynebacteriaceae;g__Corynebacterium;s__Corynebacterium_phoceense;t__SGB17119;0.0;0.0;0.00222;0.0;0.0
k__Bacteria;p__Actinomycetota;c__Actinomycetes;o__Micrococcales;f__Micrococcaceae;g__Arthrobacter;s__Arthrobacter_koreensis;t__SGB35057;0.0;0.0;0.00219;0.0;0.0
k__Bacteria;p__Actinomycetota;c__Actinomycetes;o__Mycobacteriales;f__Corynebacteriaceae;g__Corynebacterium;s__Corynebacterium_dentalis;t__SGB17038;0.0;0.0;0.00216;0.0;0.0
k__Bacteria;p__Pseudomonadota;c__Alphaproteobacteria;o__Rhodobacterales;f__Paracoccaceae;g__Paracoccus;s__Paracoccus_sp_MBLB3053;t__SGB181691;0.0;0.0;0.00204;0.0;0.0
k__Bacteria;p__Pseudomonadota;c__Alphaproteobacteria;o__Caulobacterales;f__Caulobacteraceae;g__Brevundimonas;s__Brevundimonas_poindexterae;t__SGB206483;0.0;0.0;0.00203;0.0;0.0
k__Bacteria;p__Actinomycetota;c__Actinomycetes;o__Micrococcales;f__Dermabacteraceae;g__Brachybacterium;s__Brachybacterium_saurashtrense;t__SGB23788;0.0;0.0;0.00195;0.0;0.0
k__Bacteria;p__Bacteroidota;c__Flavobacteriia;o__Flavobacteriales;f__Flavobacteriaceae;g__Polaribacter;s__Polaribacter_gangjinensis;t__SGB21752;0.0;0.0;0.00192;0.0;0.0
k__Bacteria;p__Actinomycetota;c__Actinomycetes;o__Micrococcales;f__Microbacteriaceae;g__Microbacterium;s__Microbacterium_sp_p3_SID336;t__SGB111225;0.0;0.0;0.00175;0.0;0.0
k__Bacteria;p__Actinomycetota;c__Actinomycetes;o__Actinomycetales;f__Actinomycetaceae;g__Schaalia;s__Schaalia_sp_JY_X169;t__SGB86838;0.0;0.0;0.00175;0.0;0.0
k__Bacteria;p__Pseudomonadota;c__Alphaproteobacteria;o__Caulobacterales;f__Caulobacteraceae;g__Brevundimonas;s__Brevundimonas_vesicularis;t__SGB11742_group;0.0;0.0;0.00173;0.0;0.0
k__Bacteria;p__Actinomycetota;c__Actinomycetes;o__Micrococcales;f__Promicromonosporaceae;g__Isoptericola;s__Isoptericola_SGB129906;t__SGB129906;0.0;0.0;0.00171;0.0;0.0
k__Bacteria;p__Pseudomonadota;c__Alphaproteobacteria;o__Sphingomonadales;f__Sphingomonadaceae;g__Sphingomonas;s__Sphingomonas_koreensis;t__SGB11633;0.0;0.0;0.00166;0.0;0.0
k__Bacteria;p__Bacteroidota;c__Saprospiria;o__Saprospirales;f__Saprospirales_unclassified;g__Saprospirales_unclassified;s__Saprospirales_bacterium_GYS_P2D;t__SGB80004;0.0;0.0;0.00162;0.0;0.0
k__Bacteria;p__Actinomycetota;c__Coriobacteriia;o__Coriobacteriales;f__Coriobacteriaceae;g__Collinsella;s__Collinsella_aerofaciens;t__SGB14535_group;0.0;0.0;0.00155;0.0;0.0
k__Bacteria;p__Actinomycetota;c__Actinomycetes;o__Mycobacteriales;f__Nocardiaceae;g__Rhodococcoides;s__Rhodococcoides_kroppenstedtii;t__SGB15803;0.0;0.0;0.00153;0.0;0.0
k__Bacteria;p__Pseudomonadota;c__Gammaproteobacteria;o__Thiotrichales;f__Piscirickettsiaceae;g__GGB8990;s__GGB8990_SGB13861;t__SGB13861;0.0;0.0;0.00152;0.0;0.0
k__Bacteria;p__Firmicutes;c__Bacilli;o__Bacillales;f__Bacillales_unclassified;g__Exiguobacterium;s__Exiguobacterium_sp_AM39_5BH;t__SGB24982;0.0;0.0;0.00152;0.0;0.0
k__Bacteria;p__Actinomycetota;c__Actinomycetes;o__Propionibacteriales;f__Nocardioidaceae;g__Nocardioides;s__Nocardioides_malaquae;t__SGB87644;0.0;0.0;0.00151;0.0;0.0
k__Bacteria;p__Actinomycetota;c__Actinomycetes;o__Micrococcales;f__Microbacteriaceae;g__Microbacterium;s__Microbacterium_arborescens;t__SGB23872;0.0;0.0;0.00149;0.0;0.0
k__Bacteria;p__Actinomycetota;c__Actinomycetes;o__Bifidobacteriales;f__Bifidobacteriaceae;g__Bifidobacterium;s__Bifidobacterium_minimum;t__SGB17229;0.0;0.0;0.00147;0.0;0.0
k__Bacteria;p__Firmicutes;c__Clostridia;o__Peptostreptococcales;f__Peptostreptococcaceae;g__Romboutsia;s__Romboutsia_timonensis;t__SGB6148;0.0;0.0;0.00147;0.0;0.0
k__Bacteria;p__Firmicutes;c__Bacilli;o__Bacillales;f__Bacillales_unclassified;g__Exiguobacterium;s__Exiguobacterium_acetylicum;t__SGB8325;0.0;0.0;0.00145;0.0;0.0
k__Bacteria;p__Bacteroidota;c__Flavobacteriia;o__Flavobacteriales;f__Flavobacteriaceae;g__GGB68165;s__GGB68165_SGB140159;t__SGB140159;0.0;0.0;0.00144;0.0;0.0
k__Bacteria;p__Actinomycetota;c__Actinomycetes;o__Micrococcales;f__Microbacteriaceae;g__Microbacterium;s__Microbacterium_telephonicum;t__SGB34935;0.0;0.0;0.00141;0.0;0.0
k__Bacteria;p__Pseudomonadota;c__Alphaproteobacteria;o__Rhodobacterales;f__Paracoccaceae;g__Paracoccaceae_unclassified;s__Rhodobacteraceae_bacterium_EhC02;t__SGB10792;0.0;0.0;0.00139;0.0;0.0
k__Bacteria;p__Firmicutes;c__Bacilli;o__Bacillales;f__Bacillaceae;g__Pontibacillus;s__Pontibacillus_sp_HN14;t__SGB109794;0.0;0.0;0.00139;0.0;0.0
k__Bacteria;p__Pseudomonadota;c__Alphaproteobacteria;o__Rhodobacterales;f__Roseobacteraceae;g__Roseivivax;s__Roseivivax_halodurans;t__SGB10826;0.0;0.0;0.00137;0.0;0.0
k__Bacteria;p__Actinomycetota;c__Actinomycetes;o__Micrococcales;f__Microbacteriaceae;g__Microbacterium;s__Microbacterium_binotii;t__SGB55568;0.0;0.0;0.00129;0.0;0.0
k__Bacteria;p__Actinomycetota;c__CFGB31980;o__OFGB31980;f__FGB31980;g__GGB60258;s__GGB60258_SGB82204;t__SGB82204;0.0;0.0;0.00117;0.0;0.0
k__Bacteria;p__Actinomycetota;c__Actinomycetes;o__Bifidobacteriales;f__Bifidobacteriaceae;g__Bifidobacterium;s__Bifidobacterium_longum;t__SGB17248;0.0;0.0;0.00116;0.0;0.0
k__Bacteria;p__Bacteroidota;c__Bacteroidia;o__Bacteroidales;f__Bacteroidaceae;g__Bacteroides;s__Bacteroides_graminisolvens;t__SGB1924;0.0;0.0;0.00114;0.0;0.0
k__Bacteria;p__Actinomycetota;c__Actinomycetes;o__Micrococcales;f__Microbacteriaceae;g__Microbacterium;s__Microbacterium_sufflavum;t__SGB55569;0.0;0.0;0.00114;0.0;0.0
k__Bacteria;p__Actinomycetota;c__Actinomycetes;o__Micrococcales;f__Microbacteriaceae;g__Microbacterium;s__Microbacterium_sp_C7_2022;t__SGB175400;0.0;0.0;0.00106;0.0;0.0
k__Bacteria;p__Pseudomonadota;c__Alphaproteobacteria;o__Rhodobacterales;f__Roseobacteraceae;g__Loktanella;s__Loktanella_gaetbuli;t__SGB10550;0.0;0.0;0.00105;0.0;0.0
k__Bacteria;p__Actinomycetota;c__Actinomycetes;o__Micrococcales;f__Microbacteriaceae;g__Leucobacter;s__Leucobacter_sp_Psy1;t__SGB111210;0.0;0.0;0.00104;0.0;0.0
k__Bacteria;p__Bacteroidota;c__Flavobacteriia;o__Flavobacteriales;f__Flavobacteriaceae;g__Flavobacteriaceae_unclassified;s__Flavobacteriaceae_bacterium_NBU2977;t__SGB109301;0.0;0.0;0.001;0.0;0.0
k__Bacteria;p__Actinomycetota;c__Actinomycetes;o__Micrococcales;f__Promicromonosporaceae;g__Isoptericola;s__Isoptericola_jiangsuensis;t__SGB16060;0.0;0.0;0.00097;0.0;0.0
k__Bacteria;p__Bacteroidota;c__Flavobacteriia;o__Flavobacteriales;f__Flavobacteriaceae;g__Aequorivita;s__Aequorivita_SGB2713;t__SGB2713;0.0;0.0;0.00093;0.0;0.0
k__Bacteria;p__Pseudomonadota;c__Gammaproteobacteria;o__Enterobacterales;f__Enterobacteriaceae;g__Klebsiella;s__Klebsiella_pneumoniae;t__SGB10115_group;0.0;0.0;0.00089;0.0;0.0
k__Archaea;p__Methanobacteriota;c__Methanobacteria;o__Methanobacteriales;f__Methanobacteriaceae;g__GGB53691;s__GGB53691_SGB74832;t__SGB74832;0.0;0.0;0.00089;0.0;0.0
k__Bacteria;p__Firmicutes;c__Bacilli;o__Bacillales;f__Caryophanaceae;g__Chryseomicrobium;s__Chryseomicrobium_aureum;t__SGB94660;0.0;0.0;0.00083;0.0;0.0
k__Bacteria;p__Deinococcota;c__Deinococci;o__Deinococcales;f__Deinococcaceae;g__Deinococcus;s__Deinococcus_soli_ex_Cha_et_al_2016;t__SGB17545;0.0;0.0;0.00079;0.0;0.0
k__Bacteria;p__Pseudomonadota;c__Alphaproteobacteria;o__Rhodobacterales;f__Paracoccaceae;g__Pelagovum;s__Pelagovum_pacificum;t__SGB90542;0.0;0.0;0.00075;0.0;0.0
k__Bacteria;p__Firmicutes;c__Bacilli;o__Lactobacillales;f__Streptococcaceae;g__Lactococcus;s__Lactococcus_lactis;t__SGB7985;0.0;0.0;0.00074;0.0;0.0
k__Bacteria;p__Pseudomonadota;c__Alphaproteobacteria;o__Rhodobacterales;f__Roseobacteraceae;g__GGB132819;s__GGB132819_SGB182059;t__SGB182059;0.0;0.0;0.00073;0.0;0.0
k__Bacteria;p__Actinomycetota;c__Actinomycetes;o__Mycobacteriales;f__Corynebacteriaceae;g__Corynebacterium;s__Corynebacterium_sp_SCR221107;t__SGB152359;0.0;0.0;0.00072;0.0;0.0
k__Bacteria;p__Pseudomonadota;c__Alphaproteobacteria;o__Rhodobacterales;f__Roseobacteraceae;g__Seohaeicola;s__Seohaeicola_sp_4SK31;t__SGB60579;0.0;0.0;0.00071;0.0;0.0
k__Bacteria;p__Pseudomonadota;c__Alphaproteobacteria;o__Hyphomicrobiales;f__Stappiaceae;g__Roseibium;s__Roseibium_aestuarii;t__SGB89439;0.0;0.0;0.00071;0.0;0.0
k__Bacteria;p__Pseudomonadota;c__Betaproteobacteria;o__Nitrosomonadales;f__Nitrosomonadales_unclassified;g__Nitrosomonadales_unclassified;s__beta_proteobacterium_KB13;t__SGB205526;0.0;0.0;0.00069;0.0;0.0
k__Bacteria;p__Pseudomonadota;c__Alphaproteobacteria;o__Rhodobacterales;f__Paracoccaceae;g__Rhodovulum;s__Rhodovulum_sp_FJ3;t__SGB24300;0.0;0.0;0.00065;0.0;0.0
k__Bacteria;p__Actinomycetota;c__Actinomycetes;o__Propionibacteriales;f__Propionibacteriaceae;g__Propioniciclava;s__Propioniciclava_sp_MC1595;t__SGB87720;0.0;0.0;0.00065;0.0;0.0
k__Bacteria;p__Actinomycetota;c__Actinomycetes;o__Micrococcales;f__Micrococcaceae;g__Nesterenkonia;s__Nesterenkonia_massiliensis;t__SGB35123;0.0;0.0;0.00064;0.0;0.0
k__Bacteria;p__Pseudomonadota;c__Gammaproteobacteria;o__Lysobacterales;f__Lysobacteraceae;g__Luteimonas;s__Luteimonas_sp_JM171;t__SGB12515;0.0;0.0;0.00061;0.0;0.0
k__Bacteria;p__Bacteroidota;c__Flavobacteriia;o__Flavobacteriales;f__Flavobacteriaceae;g__Zunongwangia;s__Zunongwangia_pacifica;t__SGB109207;0.0;0.0;0.0006;0.0;0.0
k__Bacteria;p__Actinomycetota;c__Actinomycetes;o__Micrococcales;f__Micrococcaceae;g__Kocuria;s__Kocuria_SGB98773;t__SGB98773;0.0;0.0;0.00058;0.0;0.0
k__Bacteria;p__Pseudomonadota;c__Alphaproteobacteria;o__Rhodobacterales;f__Paracoccaceae;g__Paracoccus;s__Paracoccus_yeei;t__SGB10717;0.0;0.0;0.00057;0.0;0.0
k__Bacteria;p__Actinomycetota;c__Actinomycetes;o__Micrococcales;f__Microbacteriaceae;g__Salinibacterium;s__Salinibacterium_amurskyense;t__SGB16757;0.0;0.0;0.00051;0.0;0.0
k__Bacteria;p__Pseudomonadota;c__Gammaproteobacteria;o__Oceanospirillales;f__Balneatrichaceae;g__GGB63480;s__GGB63480_SGB85789;t__SGB85789;0.0;0.0;0.0005;0.0;0.0
k__Bacteria;p__Pseudomonadota;c__Gammaproteobacteria;o__Cellvibrionales;f__Microbulbiferaceae;g__Microbulbifer;s__Microbulbifer_sp_HZ11;t__SGB32408;0.0;0.0;0.00049;0.0;0.0
k__Bacteria;p__Pseudomonadota;c__Gammaproteobacteria;o__Pseudomonadales;f__Pseudomonadaceae;g__Halopseudomonas;s__Halopseudomonas_pachastrellae;t__SGB12061;0.0;0.0;0.00048;0.0;0.0
k__Bacteria;p__Pseudomonadota;c__Alphaproteobacteria;o__Rickettsiales;f__Candidatus_Midichloriaceae;g__Candidatus_Aquarickettsia;s__Candidatus_Aquarickettsia_rohweri;t__SGB28930;0.0;0.0;0.00045;0.0;0.0
k__Bacteria;p__Actinomycetota;c__Actinomycetes;o__Micrococcales;f__Microbacteriaceae;g__Microbacterium;s__Microbacterium_hydrocarbonoxydans;t__SGB16881;0.0;0.0;0.00044;0.0;0.0
k__Bacteria;p__Pseudomonadota;c__Alphaproteobacteria;o__Sphingomonadales;f__Erythrobacteraceae;g__Altererythrobacter;s__Altererythrobacter_sp_C41;t__SGB94154;0.0;0.0;0.00044;0.0;0.0
k__Bacteria;p__Bacteroidota;c__Flavobacteriia;o__Flavobacteriales;f__Flavobacteriaceae;g__Zunongwangia;s__Zunongwangia_sp_HGR_M22;t__SGB195660;0.0;0.0;0.00041;0.0;0.0
k__Bacteria;p__Bacteroidota;c__Flavobacteriia;o__Flavobacteriales;f__Flavobacteriaceae;g__Mesonia;s__Mesonia_maritima;t__SGB195674;0.0;0.0;0.00041;0.0;0.0
k__Bacteria;p__Pseudomonadota;c__Alphaproteobacteria;o__Sphingomonadales;f__Erythrobacteraceae;g__Aurantiacibacter;s__Aurantiacibacter_SGB38248;t__SGB38248;0.0;0.0;0.0004;0.0;0.0
k__Bacteria;p__Pseudomonadota;c__Gammaproteobacteria;o__Lysobacterales;f__Lysobacteraceae;g__Luteimonas;s__Luteimonas_padinae;t__SGB206647;0.0;0.0;0.00039;0.0;0.0
k__Bacteria;p__Pseudomonadota;c__Alphaproteobacteria;o__Sphingomonadales;f__Erythrobacteraceae;g__Qipengyuania;s__Qipengyuania_algicida;t__SGB90067;0.0;0.0;0.00038;0.0;0.0
k__Bacteria;p__Pseudomonadota;c__Alphaproteobacteria;o__Sphingomonadales;f__Sphingomonadaceae;g__Sphingomonas;s__Sphingomonas_dokdonensis;t__SGB11648;0.0;0.0;0.00037;0.0;0.0
k__Bacteria;p__Pseudomonadota;c__CFGB41017;o__OFGB41017;f__FGB41017;g__GGB43700;s__GGB43700_SGB177887;t__SGB177887;0.0;0.0;0.00036;0.0;0.0
k__Bacteria;p__Pseudomonadota;c__Alphaproteobacteria;o__Rhodobacterales;f__Paracoccaceae;g__Pseudooceanicola;s__Pseudooceanicola_onchidii;t__SGB56727;0.0;0.0;0.00036;0.0;0.0
k__Bacteria;p__Planctomycetota;c__CFGB45719;o__OFGB45719;f__FGB45719;g__GGB45720;s__GGB45720_SGB63440;t__SGB63440;0.0;0.0;0.00036;0.0;0.0
k__Bacteria;p__Actinomycetota;c__Actinomycetes;o__Micrococcales;f__Microbacteriaceae;g__Microbacterium;s__Microbacterium_foliorum;t__SGB16880;0.0;0.0;0.00035;0.0;0.0
k__Bacteria;p__Actinomycetota;c__Actinomycetes;o__Mycobacteriales;f__Gordoniaceae;g__Gordonia;s__Gordonia_namibiensis;t__SGB15793;0.0;0.0;0.00032;0.0;0.0
k__Bacteria;p__Actinomycetota;c__Actinomycetes;o__Propionibacteriales;f__Propionibacteriaceae;g__Tessaracoccus;s__Tessaracoccus_lapidicaptus;t__SGB15914;0.0;0.0;0.00031;0.0;0.0
k__Bacteria;p__Bacteroidota;c__Flavobacteriia;o__Flavobacteriales;f__Flavobacteriaceae;g__GGB68272;s__GGB68272_SGB92186;t__SGB92186;0.0;0.0;0.00029;0.0;0.0
k__Bacteria;p__Actinomycetota;c__Actinomycetes;o__Micrococcales;f__Microbacteriaceae;g__Microbacteriaceae_unclassified;s__Microbacteriaceae_bacterium_PS02066;t__SGB175395;0.0;0.0;0.00025;0.0;0.0
k__Bacteria;p__Pseudomonadota;c__Alphaproteobacteria;o__Sphingomonadales;f__Erythrobacteraceae;g__Qipengyuania;s__Qipengyuania_mesophila;t__SGB111652;0.0;0.0;0.00022;0.0;0.0
k__Bacteria;p__Pseudomonadota;c__Alphaproteobacteria;o__Rhodobacterales;f__Roseobacteraceae;g__Celeribacter;s__Celeribacter_halophilus;t__SGB206422;0.0;0.0;0.00022;0.0;0.0
k__Bacteria;p__Actinomycetota;c__Actinomycetes;o__Micrococcales;f__Microbacteriaceae;g__Microbacterium;s__Microbacterium_sp_1_5R;t__SGB16879;0.0;0.0;0.00021;0.0;0.0
k__Bacteria;p__Actinomycetota;c__Actinomycetes;o__Micrococcales;f__Microbacteriaceae;g__Microbacterium;s__Microbacterium_oleivorans;t__SGB111247;0.0;0.0;0.0002;0.0;0.0
k__Bacteria;p__Pseudomonadota;c__Alphaproteobacteria;o__Sphingomonadales;f__Erythrobacteraceae;g__Aurantiacibacter;s__Aurantiacibacter_odishensis;t__SGB31599;0.0;0.0;0.00019;0.0;0.0
k__Bacteria;p__Bacteroidota;c__Flavobacteriia;o__Flavobacteriales;f__Flavobacteriaceae;g__Mesonia;s__Mesonia_mobilis;t__SGB27967;0.0;0.0;0.00017;0.0;0.0
k__Bacteria;p__Bacteroidota;c__Cytophagia;o__Cytophagales;f__Leadbetterellaceae;g__Jiulongibacter;s__Jiulongibacter_sediminis;t__SGB3365;0.0;0.0;0.00014;0.0;0.0
k__Bacteria;p__Actinomycetota;c__Actinomycetes;o__Mycobacteriales;f__Nocardiaceae;g__Rhodococcus;s__Rhodococcus_sp_HNM0569;t__SGB86951;0.0;0.0;0.00014;0.0;0.0
k__Bacteria;p__Actinomycetota;c__Actinomycetes;o__Micrococcales;f__Microbacteriaceae;g__Microbacterium;s__Microbacterium_testaceum;t__SGB111235;0.0;0.0;0.00013;0.0;0.0
k__Bacteria;p__Pseudomonadota;c__Alphaproteobacteria;o__Rhodobacterales;f__Paracoccaceae;g__Paracoccus;s__Paracoccus_aerius;t__SGB90455;0.0;0.0;8,00E-05;0.0;0.0
k__Bacteria;p__Pseudomonadota;c__Alphaproteobacteria;o__Hyphomonadales;f__Hyphomonadaceae;g__Henriciella;s__Henriciella_algicola;t__SGB206406;0.0;0.0;7,00E-05;0.0;0.0
k__Bacteria;p__Pseudomonadota;c__Alphaproteobacteria;o__Sphingomonadales;f__Erythrobacteraceae;g__Aurantiacibacter;s__Aurantiacibacter_suaedae;t__SGB56299;0.0;0.0;5,00E-05;0.0;0.0
k__Bacteria;p__Acidobacteriota;;;;;;;0.0;0.0;0.0;1.56575;0.0
k__Bacteria;p__Myxococcota;;;;;;;0.0;0.0;0.0;1.33145;0.0
k__Bacteria;p__Gemmatimonadota;;;;;;;0.0;0.0;0.0;0.00735;0.0
k__Bacteria;p__Verrucomicrobiota;c__CFGB2153;;;;;;0.0;0.0;0.0;1.69309;0.0
k__Bacteria;p__Myxococcota;c__Myxococcia;;;;;;0.0;0.0;0.0;1.33145;0.0
k__Bacteria;p__Planctomycetota;c__CFGB93177;;;;;;0.0;0.0;0.0;1.14766;0.0
k__Bacteria;p__Acidobacteriota;c__CFGB15833;;;;;;0.0;0.0;0.0;1.06754;0.0
k__Bacteria;p__Acidobacteriota;c__CFGB80614;;;;;;0.0;0.0;0.0;0.40432;0.0
k__Bacteria;p__Thermodesulfobacteriota;c__CFGB8491;;;;;;0.0;0.0;0.0;0.29487;0.0
k__Bacteria;p__Thermodesulfobacteriota;c__CFGB79996;;;;;;0.0;0.0;0.0;0.1997;0.0
k__Bacteria;p__Pseudomonadota;c__CFGB77274;;;;;;0.0;0.0;0.0;0.07293;0.0
k__Archaea;p__Methanobacteriota;c__CFGB10638;;;;;;0.0;0.0;0.0;0.06156;0.0
k__Bacteria;p__Acidobacteriota;c__CFGB63353;;;;;;0.0;0.0;0.0;0.04039;0.0
k__Bacteria;p__Pseudomonadota;c__CFGB44487;;;;;;0.0;0.0;0.0;0.04001;0.0
k__Bacteria;p__Firmicutes;c__CFGB80250;;;;;;0.0;0.0;0.0;0.03211;0.0
k__Bacteria;p__Acidobacteriota;c__CFGB39337;;;;;;0.0;0.0;0.0;0.03064;0.0
k__Bacteria;p__Pseudomonadota;c__CFGB14846;;;;;;0.0;0.0;0.0;0.02354;0.0
k__Bacteria;p__Acidobacteriota;c__CFGB14958;;;;;;0.0;0.0;0.0;0.02288;0.0
k__Bacteria;p__Planctomycetota;c__CFGB93171;;;;;;0.0;0.0;0.0;0.00949;0.0
k__Bacteria;p__Gemmatimonadota;c__CFGB5367;;;;;;0.0;0.0;0.0;0.00735;0.0
k__Bacteria;p__Pseudomonadota;c__Betaproteobacteria;o__Betaproteobacteria_unclassified;;;;;0.0;0.0;0.0;6.23746;0.0
k__Bacteria;p__Verrucomicrobiota;c__CFGB2153;o__OFGB2153;;;;;0.0;0.0;0.0;1.69309;0.0
k__Bacteria;p__Myxococcota;c__Myxococcia;o__Myxococcales;;;;;0.0;0.0;0.0;1.33145;0.0
k__Bacteria;p__Planctomycetota;c__CFGB93177;o__OFGB93177;;;;;0.0;0.0;0.0;1.14766;0.0
k__Bacteria;p__Acidobacteriota;c__CFGB15833;o__OFGB15833;;;;;0.0;0.0;0.0;1.06754;0.0
k__Bacteria;p__Acidobacteriota;c__CFGB80614;o__OFGB80614;;;;;0.0;0.0;0.0;0.40432;0.0
k__Bacteria;p__Thermodesulfobacteriota;c__CFGB8491;o__OFGB8491;;;;;0.0;0.0;0.0;0.29487;0.0
k__Bacteria;p__Pseudomonadota;c__Betaproteobacteria;o__Neisseriales;;;;;0.0;0.0;0.0;0.27771;0.23951
k__Bacteria;p__Thermodesulfobacteriota;c__CFGB79996;o__OFGB79996;;;;;0.0;0.0;0.0;0.1997;0.0
k__Bacteria;p__Pseudomonadota;c__Alphaproteobacteria;o__Rhodospirillales;;;;;0.0;0.0;0.0;0.09056;0.00551
k__Bacteria;p__Pseudomonadota;c__CFGB77274;o__OFGB77274;;;;;0.0;0.0;0.0;0.07293;0.0
k__Archaea;p__Methanobacteriota;c__CFGB10638;o__OFGB10638;;;;;0.0;0.0;0.0;0.06156;0.0
k__Bacteria;p__Acidobacteriota;c__CFGB63353;o__OFGB63353;;;;;0.0;0.0;0.0;0.04039;0.0
k__Bacteria;p__Pseudomonadota;c__CFGB44487;o__OFGB44487;;;;;0.0;0.0;0.0;0.04001;0.0
k__Bacteria;p__Firmicutes;c__CFGB80250;o__OFGB80250;;;;;0.0;0.0;0.0;0.03211;0.0
k__Bacteria;p__Acidobacteriota;c__CFGB39337;o__OFGB39337;;;;;0.0;0.0;0.0;0.03064;0.0
k__Bacteria;p__Pseudomonadota;c__CFGB14846;o__OFGB14846;;;;;0.0;0.0;0.0;0.02354;0.0
k__Bacteria;p__Acidobacteriota;c__CFGB14958;o__OFGB14958;;;;;0.0;0.0;0.0;0.02288;0.0
k__Bacteria;p__Planctomycetota;c__CFGB93171;o__OFGB93171;;;;;0.0;0.0;0.0;0.00949;0.0
k__Bacteria;p__Gemmatimonadota;c__CFGB5367;o__OFGB5367;;;;;0.0;0.0;0.0;0.00735;0.0
k__Bacteria;p__Pseudomonadota;c__Alphaproteobacteria;o__Hyphomicrobiales;f__Nitrobacteraceae;;;;0.0;0.0;0.0;54.48489;0.00247
k__Bacteria;p__Pseudomonadota;c__Betaproteobacteria;o__Burkholderiales;f__Burkholderiaceae;;;;0.0;0.0;0.0;11.62808;1.93009
k__Bacteria;p__Pseudomonadota;c__Betaproteobacteria;o__Betaproteobacteria_unclassified;f__Betaproteobacteria_unclassified;;;;0.0;0.0;0.0;6.23746;0.0
k__Bacteria;p__Verrucomicrobiota;c__CFGB2153;o__OFGB2153;f__FGB2153;;;;0.0;0.0;0.0;1.69309;0.0
k__Bacteria;p__Actinomycetota;c__Actinomycetes;o__Streptosporangiales;f__Treboniaceae;;;;0.0;0.0;0.0;1.37345;0.0
k__Bacteria;p__Actinomycetota;c__Acidimicrobiia;o__Acidimicrobiales;f__Acidimicrobiaceae;;;;0.0;0.0;0.0;1.2335;0.0
k__Bacteria;p__Planctomycetota;c__CFGB93177;o__OFGB93177;f__FGB93177;;;;0.0;0.0;0.0;1.14766;0.0
k__Bacteria;p__Acidobacteriota;c__CFGB15833;o__OFGB15833;f__FGB15833;;;;0.0;0.0;0.0;1.06754;0.0
k__Bacteria;p__Myxococcota;c__Myxococcia;o__Myxococcales;f__Myxococcaceae;;;;0.0;0.0;0.0;0.86907;0.0
k__Bacteria;p__Pseudomonadota;c__Alphaproteobacteria;o__Hyphomicrobiales;f__Hyphomicrobiaceae;;;;0.0;0.0;0.0;0.68513;0.0
k__Bacteria;p__Myxococcota;c__Myxococcia;o__Myxococcales;f__Anaeromyxobacteraceae;;;;0.0;0.0;0.0;0.46238;0.0
k__Bacteria;p__Acidobacteriota;c__CFGB80614;o__OFGB80614;f__FGB80614;;;;0.0;0.0;0.0;0.40432;0.0
k__Bacteria;p__Pseudomonadota;c__Betaproteobacteria;o__Burkholderiales;f__Oxalobacteraceae;;;;0.0;0.0;0.0;0.30212;0.70728
k__Bacteria;p__Thermodesulfobacteriota;c__CFGB8491;o__OFGB8491;f__FGB8491;;;;0.0;0.0;0.0;0.29487;0.0
k__Bacteria;p__Pseudomonadota;c__Betaproteobacteria;o__Neisseriales;f__Neisseriaceae;;;;0.0;0.0;0.0;0.27771;0.0
k__Bacteria;p__Thermodesulfobacteriota;c__CFGB79996;o__OFGB79996;f__FGB79996;;;;0.0;0.0;0.0;0.1997;0.0
k__Bacteria;p__Pseudomonadota;c__Alphaproteobacteria;o__Rhodospirillales;f__Dongiaceae;;;;0.0;0.0;0.0;0.09056;0.0
k__Bacteria;p__Pseudomonadota;c__CFGB77274;o__OFGB77274;f__FGB77274;;;;0.0;0.0;0.0;0.07293;0.0
k__Archaea;p__Methanobacteriota;c__CFGB10638;o__OFGB10638;f__FGB10638;;;;0.0;0.0;0.0;0.06156;0.0
k__Bacteria;p__Pseudomonadota;c__Alphaproteobacteria;o__Hyphomicrobiales;f__Beijerinckiaceae;;;;0.0;0.0;0.0;0.05728;0.02411
k__Bacteria;p__Acidobacteriota;c__CFGB63353;o__OFGB63353;f__FGB63353;;;;0.0;0.0;0.0;0.04039;0.0
k__Bacteria;p__Pseudomonadota;c__CFGB44487;o__OFGB44487;f__FGB44487;;;;0.0;0.0;0.0;0.04001;0.0
k__Bacteria;p__Pseudomonadota;c__Alphaproteobacteria;o__Hyphomicrobiales;f__Methylocystaceae;;;;0.0;0.0;0.0;0.03257;0.0
k__Bacteria;p__Firmicutes;c__CFGB80250;o__OFGB80250;f__FGB80250;;;;0.0;0.0;0.0;0.03211;0.0
k__Bacteria;p__Pseudomonadota;c__Gammaproteobacteria;o__Lysobacterales;f__Rhodanobacteraceae;;;;0.0;0.0;0.0;0.0321;0.0
k__Bacteria;p__Acidobacteriota;c__CFGB39337;o__OFGB39337;f__FGB39337;;;;0.0;0.0;0.0;0.03064;0.0
k__Bacteria;p__Pseudomonadota;c__CFGB14846;o__OFGB14846;f__FGB14846;;;;0.0;0.0;0.0;0.02354;0.0
k__Bacteria;p__Acidobacteriota;c__CFGB14958;o__OFGB14958;f__FGB14958;;;;0.0;0.0;0.0;0.02288;0.0
k__Bacteria;p__Planctomycetota;c__CFGB93171;o__OFGB93171;f__FGB93171;;;;0.0;0.0;0.0;0.00949;0.0
k__Bacteria;p__Gemmatimonadota;c__CFGB5367;o__OFGB5367;f__FGB5367;;;;0.0;0.0;0.0;0.00735;0.0
k__Bacteria;p__Pseudomonadota;c__Alphaproteobacteria;o__Hyphomicrobiales;f__Nitrobacteraceae;g__GGB65997;;;0.0;0.0;0.0;18.19281;0.0
k__Bacteria;p__Pseudomonadota;c__Alphaproteobacteria;o__Hyphomicrobiales;f__Nitrobacteraceae;g__GGB72035;;;0.0;0.0;0.0;14.53139;0.0
k__Bacteria;p__Pseudomonadota;c__Alphaproteobacteria;o__Hyphomicrobiales;f__Nitrobacteraceae;g__GGB66000;;;0.0;0.0;0.0;12.48023;0.0
k__Bacteria;p__Pseudomonadota;c__Betaproteobacteria;o__Burkholderiales;f__Burkholderiaceae;g__Paraburkholderia;;;0.0;0.0;0.0;11.62808;0.04762
k__Bacteria;p__Actinomycetota;c__Actinomycetes;o__Mycobacteriales;f__Mycobacteriaceae;g__GGB93887;;;0.0;0.0;0.0;8.9062;0.0
k__Bacteria;p__Pseudomonadota;c__Betaproteobacteria;o__Betaproteobacteria_unclassified;f__Betaproteobacteria_unclassified;g__GGB91362;;;0.0;0.0;0.0;6.11485;0.0
k__Bacteria;p__Pseudomonadota;c__Alphaproteobacteria;o__Hyphomicrobiales;f__Nitrobacteraceae;g__GGB65999;;;0.0;0.0;0.0;5.61923;0.0
k__Bacteria;p__Pseudomonadota;c__Alphaproteobacteria;o__Hyphomicrobiales;f__Nitrobacteraceae;g__GGB66219;;;0.0;0.0;0.0;3.10965;0.0
k__Bacteria;p__Actinomycetota;c__Actinomycetes;o__Mycobacteriales;f__Mycobacteriaceae;g__GGB64396;;;0.0;0.0;0.0;2.36536;0.0
k__Bacteria;p__Actinomycetota;c__Actinomycetes;o__Micrococcales;f__Micrococcaceae;g__Sinomonas;;;0.0;0.0;0.0;2.12855;0.02644
k__Bacteria;p__Verrucomicrobiota;c__CFGB2153;o__OFGB2153;f__FGB2153;g__GGB95786;;;0.0;0.0;0.0;1.69309;0.0
k__Bacteria;p__Actinomycetota;c__Actinomycetes;o__Micrococcales;f__Microbacteriaceae;g__Leifsonia;;;0.0;0.0;0.0;1.49881;0.81317
k__Bacteria;p__Actinomycetota;c__Acidimicrobiia;o__Acidimicrobiales;f__Acidimicrobiaceae;g__GGB64188;;;0.0;0.0;0.0;1.2335;0.0
k__Bacteria;p__Planctomycetota;c__CFGB93177;o__OFGB93177;f__FGB93177;g__GGB61685;;;0.0;0.0;0.0;1.14766;0.0
k__Bacteria;p__Acidobacteriota;c__CFGB15833;o__OFGB15833;f__FGB15833;g__GGB93629;;;0.0;0.0;0.0;1.06754;0.0
k__Bacteria;p__Actinomycetota;c__Actinomycetes;o__Streptosporangiales;f__Treboniaceae;g__GGB93990;;;0.0;0.0;0.0;0.96213;0.0
k__Bacteria;p__Myxococcota;c__Myxococcia;o__Myxococcales;f__Myxococcaceae;g__GGB93454;;;0.0;0.0;0.0;0.6985;0.0
k__Bacteria;p__Pseudomonadota;c__Alphaproteobacteria;o__Hyphomicrobiales;f__Hyphomicrobiaceae;g__GGB66014;;;0.0;0.0;0.0;0.68513;0.0
k__Bacteria;p__Myxococcota;c__Myxococcia;o__Myxococcales;f__Anaeromyxobacteraceae;g__GGB93475;;;0.0;0.0;0.0;0.46238;0.0
k__Bacteria;p__Acidobacteriota;c__CFGB80614;o__OFGB80614;f__FGB80614;g__GGB89966;;;0.0;0.0;0.0;0.40432;0.0
k__Bacteria;p__Firmicutes;c__Bacilli;o__Bacillales;f__Bacillaceae;g__Neobacillus;;;0.0;0.0;0.0;0.39507;0.0
k__Bacteria;p__Pseudomonadota;c__Alphaproteobacteria;o__Hyphomicrobiales;f__Nitrobacteraceae;g__GGB37354;;;0.0;0.0;0.0;0.31051;0.0
k__Bacteria;p__Pseudomonadota;c__Betaproteobacteria;o__Burkholderiales;f__Oxalobacteraceae;g__Massilia;;;0.0;0.0;0.0;0.30212;0.42878
k__Bacteria;p__Pseudomonadota;c__Betaproteobacteria;o__Neisseriales;f__Neisseriaceae;g__Crenobacter;;;0.0;0.0;0.0;0.27771;0.0
k__Bacteria;p__Thermodesulfobacteriota;c__CFGB8491;o__OFGB8491;f__FGB8491;g__GGB90662;;;0.0;0.0;0.0;0.26776;0.0
k__Bacteria;p__Pseudomonadota;c__Alphaproteobacteria;o__Hyphomicrobiales;f__Nitrobacteraceae;g__GGB92565;;;0.0;0.0;0.0;0.22972;0.0
k__Bacteria;p__Thermodesulfobacteriota;c__CFGB79996;o__OFGB79996;f__FGB79996;g__GGB88573;;;0.0;0.0;0.0;0.1997;0.0
k__Bacteria;p__Myxococcota;c__Myxococcia;o__Myxococcales;f__Myxococcaceae;g__GGB93529;;;0.0;0.0;0.0;0.17057;0.0
k__Bacteria;p__Actinomycetota;c__Actinomycetes;o__Streptosporangiales;f__Treboniaceae;g__Trebonia;;;0.0;0.0;0.0;0.12594;0.0
k__Bacteria;p__Actinomycetota;c__Actinomycetes;o__Streptosporangiales;f__Treboniaceae;g__GGB52798;;;0.0;0.0;0.0;0.12449;0.0
k__Bacteria;p__Pseudomonadota;c__Betaproteobacteria;o__Betaproteobacteria_unclassified;f__Betaproteobacteria_unclassified;g__GGB91352;;;0.0;0.0;0.0;0.12262;0.0
k__Bacteria;p__Firmicutes;c__Bacilli;o__Bacillales;f__Paenibacillaceae;g__Aneurinibacillus;;;0.0;0.0;0.0;0.12174;0.0
k__Bacteria;p__Actinomycetota;c__Actinomycetes;o__Streptosporangiales;f__Treboniaceae;g__GGB94008;;;0.0;0.0;0.0;0.12026;0.0
k__Bacteria;p__Firmicutes;c__Bacilli;o__Bacillales;f__Bacillaceae;g__Gottfriedia;;;0.0;0.0;0.0;0.08871;0.0
k__Bacteria;p__Pseudomonadota;c__CFGB77274;o__OFGB77274;f__FGB77274;g__GGB92506;;;0.0;0.0;0.0;0.07293;0.0
k__Bacteria;p__Actinomycetota;c__Actinomycetes;o__Mycobacteriales;f__Mycobacteriaceae;g__GGB64439;;;0.0;0.0;0.0;0.07241;0.0
k__Archaea;p__Methanobacteriota;c__CFGB10638;o__OFGB10638;f__FGB10638;g__GGB54174;;;0.0;0.0;0.0;0.06156;0.0
k__Bacteria;p__Pseudomonadota;c__Alphaproteobacteria;o__Rhodospirillales;f__Dongiaceae;g__GGB66392;;;0.0;0.0;0.0;0.05789;0.0
k__Bacteria;p__Pseudomonadota;c__Alphaproteobacteria;o__Hyphomicrobiales;f__Beijerinckiaceae;g__GGB65847;;;0.0;0.0;0.0;0.05728;0.0
k__Bacteria;p__Actinomycetota;c__Actinomycetes;o__Streptosporangiales;f__Treboniaceae;g__GGB52803;;;0.0;0.0;0.0;0.04064;0.0
k__Bacteria;p__Acidobacteriota;c__CFGB63353;o__OFGB63353;f__FGB63353;g__GGB71614;;;0.0;0.0;0.0;0.04039;0.0
k__Bacteria;p__Pseudomonadota;c__CFGB44487;o__OFGB44487;f__FGB44487;g__GGB91419;;;0.0;0.0;0.0;0.04001;0.0
k__Bacteria;p__Pseudomonadota;c__Alphaproteobacteria;o__Rhodospirillales;f__Dongiaceae;g__GGB92323;;;0.0;0.0;0.0;0.03267;0.0
k__Bacteria;p__Pseudomonadota;c__Alphaproteobacteria;o__Hyphomicrobiales;f__Methylocystaceae;g__Methylocystis;;;0.0;0.0;0.0;0.03257;0.0
k__Bacteria;p__Firmicutes;c__CFGB80250;o__OFGB80250;f__FGB80250;g__GGB88569;;;0.0;0.0;0.0;0.03211;0.0
k__Bacteria;p__Pseudomonadota;c__Gammaproteobacteria;o__Lysobacterales;f__Rhodanobacteraceae;g__Dyella;;;0.0;0.0;0.0;0.0321;0.0
k__Bacteria;p__Acidobacteriota;c__CFGB39337;o__OFGB39337;f__FGB39337;g__GGB89977;;;0.0;0.0;0.0;0.03064;0.0
k__Bacteria;p__Pseudomonadota;c__Betaproteobacteria;o__Burkholderiales;f__Comamonadaceae;g__Variovorax;;;0.0;0.0;0.0;0.02535;0.02066
k__Bacteria;p__Thermodesulfobacteriota;c__CFGB8491;o__OFGB8491;f__FGB8491;g__GGB90655;;;0.0;0.0;0.0;0.02459;0.0
k__Bacteria;p__Pseudomonadota;c__CFGB14846;o__OFGB14846;f__FGB14846;g__GGB91732;;;0.0;0.0;0.0;0.02354;0.0
k__Bacteria;p__Actinomycetota;c__Actinomycetes;o__Mycobacteriales;f__Nocardiaceae;g__Prescottella;;;0.0;0.0;0.0;0.02297;0.0
k__Bacteria;p__Acidobacteriota;c__CFGB14958;o__OFGB14958;f__FGB14958;g__GGB89942;;;0.0;0.0;0.0;0.02288;0.0
k__Bacteria;p__Actinomycetota;c__Actinomycetes;o__Micrococcales;f__Intrasporangiaceae;g__Oryzihumus;;;0.0;0.0;0.0;0.01751;0.0
k__Bacteria;p__Pseudomonadota;c__Alphaproteobacteria;o__Hyphomicrobiales;f__Nitrobacteraceae;g__GGB44766;;;0.0;0.0;0.0;0.01135;0.0
k__Bacteria;p__Planctomycetota;c__CFGB93171;o__OFGB93171;f__FGB93171;g__GGB90876;;;0.0;0.0;0.0;0.00949;0.0
k__Bacteria;p__Gemmatimonadota;c__CFGB5367;o__OFGB5367;f__FGB5367;g__GGB92869;;;0.0;0.0;0.0;0.00735;0.0
k__Bacteria;p__Thermodesulfobacteriota;c__CFGB8491;o__OFGB8491;f__FGB8491;g__GGB90658;;;0.0;0.0;0.0;0.00253;0.0
k__Bacteria;p__Pseudomonadota;c__Alphaproteobacteria;o__Hyphomicrobiales;f__Nitrobacteraceae;g__GGB65997;s__GGB65997_SGB89404;;0.0;0.0;0.0;18.19281;0.0
k__Bacteria;p__Pseudomonadota;c__Alphaproteobacteria;o__Hyphomicrobiales;f__Nitrobacteraceae;g__GGB72035;s__GGB72035_SGB133334;;0.0;0.0;0.0;14.53139;0.0
k__Bacteria;p__Pseudomonadota;c__Alphaproteobacteria;o__Hyphomicrobiales;f__Nitrobacteraceae;g__GGB66000;s__GGB66000_SGB89407;;0.0;0.0;0.0;12.48023;0.0
k__Bacteria;p__Actinomycetota;c__Actinomycetes;o__Mycobacteriales;f__Mycobacteriaceae;g__GGB93887;s__GGB93887_SGB129746;;0.0;0.0;0.0;8.9062;0.0
k__Bacteria;p__Pseudomonadota;c__Betaproteobacteria;o__Betaproteobacteria_unclassified;f__Betaproteobacteria_unclassified;g__GGB91362;s__GGB91362_SGB134782;;0.0;0.0;0.0;6.11485;0.0
k__Bacteria;p__Pseudomonadota;c__Alphaproteobacteria;o__Hyphomicrobiales;f__Nitrobacteraceae;g__GGB65999;s__GGB65999_SGB89406;;0.0;0.0;0.0;5.61923;0.0
k__Bacteria;p__Pseudomonadota;c__Betaproteobacteria;o__Burkholderiales;f__Burkholderiaceae;g__Paraburkholderia;s__Paraburkholderia_tropica;;0.0;0.0;0.0;4.80433;0.02543
k__Bacteria;p__Pseudomonadota;c__Alphaproteobacteria;o__Hyphomicrobiales;f__Nitrobacteraceae;g__GGB66219;s__GGB66219_SGB89725;;0.0;0.0;0.0;3.10965;0.0
k__Bacteria;p__Pseudomonadota;c__Betaproteobacteria;o__Burkholderiales;f__Burkholderiaceae;g__Paraburkholderia;s__Paraburkholderia_mimosarum;;0.0;0.0;0.0;2.97439;0.0
k__Bacteria;p__Pseudomonadota;c__Betaproteobacteria;o__Burkholderiales;f__Burkholderiaceae;g__Paraburkholderia;s__Paraburkholderia_unamae;;0.0;0.0;0.0;2.83193;0.0
k__Bacteria;p__Actinomycetota;c__Actinomycetes;o__Mycobacteriales;f__Mycobacteriaceae;g__GGB64396;s__GGB64396_SGB129711;;0.0;0.0;0.0;2.36536;0.0
k__Bacteria;p__Actinomycetota;c__Actinomycetes;o__Micrococcales;f__Micrococcaceae;g__Sinomonas;s__Sinomonas_atrocyanea;;0.0;0.0;0.0;2.10929;0.0
k__Bacteria;p__Verrucomicrobiota;c__CFGB2153;o__OFGB2153;f__FGB2153;g__GGB95786;s__GGB95786_SGB125685;;0.0;0.0;0.0;1.69309;0.0
k__Bacteria;p__Actinomycetota;c__Actinomycetes;o__Micrococcales;f__Microbacteriaceae;g__Leifsonia;s__Leifsonia_shinshuensis;;0.0;0.0;0.0;1.40054;0.81317
k__Bacteria;p__Firmicutes;c__Bacilli;o__Bacillales;f__Bacillaceae;g__Heyndrickxia;s__Heyndrickxia_acidicola;;0.0;0.0;0.0;1.24959;0.0
k__Bacteria;p__Actinomycetota;c__Acidimicrobiia;o__Acidimicrobiales;f__Acidimicrobiaceae;g__GGB64188;s__GGB64188_SGB86601;;0.0;0.0;0.0;1.2335;0.0
k__Bacteria;p__Planctomycetota;c__CFGB93177;o__OFGB93177;f__FGB93177;g__GGB61685;s__GGB61685_SGB127484;;0.0;0.0;0.0;1.14766;0.0
k__Bacteria;p__Acidobacteriota;c__CFGB15833;o__OFGB15833;f__FGB15833;g__GGB93629;s__GGB93629_SGB173533;;0.0;0.0;0.0;1.06754;0.0
k__Bacteria;p__Actinomycetota;c__Actinomycetes;o__Streptosporangiales;f__Treboniaceae;g__GGB93990;s__GGB93990_SGB129990;;0.0;0.0;0.0;0.96213;0.0
k__Bacteria;p__Myxococcota;c__Myxococcia;o__Myxococcales;f__Myxococcaceae;g__GGB93454;s__GGB93454_SGB132005;;0.0;0.0;0.0;0.6985;0.0
k__Bacteria;p__Pseudomonadota;c__Alphaproteobacteria;o__Hyphomicrobiales;f__Hyphomicrobiaceae;g__GGB66014;s__GGB66014_SGB133091;;0.0;0.0;0.0;0.64651;0.0
k__Bacteria;p__Pseudomonadota;c__Betaproteobacteria;o__Burkholderiales;f__Burkholderiaceae;g__Paraburkholderia;s__Paraburkholderia_sp_Tr_20389;;0.0;0.0;0.0;0.55541;0.0
k__Bacteria;p__Myxococcota;c__Myxococcia;o__Myxococcales;f__Anaeromyxobacteraceae;g__GGB93475;s__GGB93475_SGB132078;;0.0;0.0;0.0;0.46238;0.0
k__Bacteria;p__Pseudomonadota;c__Betaproteobacteria;o__Burkholderiales;f__Burkholderiaceae;g__Paraburkholderia;s__Paraburkholderia_sp_HD33_4;;0.0;0.0;0.0;0.46202;0.0
k__Bacteria;p__Acidobacteriota;c__CFGB80614;o__OFGB80614;f__FGB80614;g__GGB89966;s__GGB89966_SGB126829;;0.0;0.0;0.0;0.40432;0.0
k__Bacteria;p__Firmicutes;c__Bacilli;o__Bacillales;f__Bacillaceae;g__Neobacillus;s__Neobacillus_massiliamazoniensis;;0.0;0.0;0.0;0.39507;0.0
k__Bacteria;p__Pseudomonadota;c__Alphaproteobacteria;o__Hyphomicrobiales;f__Nitrobacteraceae;g__GGB37354;s__GGB37354_SGB56640;;0.0;0.0;0.0;0.31051;0.0
k__Bacteria;p__Pseudomonadota;c__Betaproteobacteria;o__Burkholderiales;f__Oxalobacteraceae;g__Massilia;s__Massilia_terrae;;0.0;0.0;0.0;0.29398;0.0
k__Bacteria;p__Pseudomonadota;c__Betaproteobacteria;o__Neisseriales;f__Neisseriaceae;g__Crenobacter;s__Crenobacter_oryzisoli;;0.0;0.0;0.0;0.27771;0.0
k__Bacteria;p__Thermodesulfobacteriota;c__CFGB8491;o__OFGB8491;f__FGB8491;g__GGB90662;s__GGB90662_SGB127188;;0.0;0.0;0.0;0.26776;0.0
k__Bacteria;p__Pseudomonadota;c__Alphaproteobacteria;o__Hyphomicrobiales;f__Nitrobacteraceae;g__GGB92565;s__GGB92565_SGB133354;;0.0;0.0;0.0;0.22972;0.0
k__Bacteria;p__Thermodesulfobacteriota;c__CFGB79996;o__OFGB79996;f__FGB79996;g__GGB88573;s__GGB88573_SGB124808;;0.0;0.0;0.0;0.1997;0.0
k__Bacteria;p__Myxococcota;c__Myxococcia;o__Myxococcales;f__Myxococcaceae;g__GGB93529;s__GGB93529_SGB132218;;0.0;0.0;0.0;0.17057;0.0
k__Bacteria;p__Actinomycetota;c__Actinomycetes;o__Streptosporangiales;f__Treboniaceae;g__Trebonia;s__Trebonia_kvetii;;0.0;0.0;0.0;0.12594;0.0
k__Bacteria;p__Actinomycetota;c__Actinomycetes;o__Streptosporangiales;f__Treboniaceae;g__GGB52798;s__GGB52798_SGB73712;;0.0;0.0;0.0;0.12449;0.0
k__Bacteria;p__Pseudomonadota;c__Betaproteobacteria;o__Betaproteobacteria_unclassified;f__Betaproteobacteria_unclassified;g__GGB91352;s__GGB91352_SGB134892;;0.0;0.0;0.0;0.12262;0.0
k__Bacteria;p__Firmicutes;c__Bacilli;o__Bacillales;f__Paenibacillaceae;g__Aneurinibacillus;s__Aneurinibacillus_uraniidurans;;0.0;0.0;0.0;0.12174;0.0
k__Bacteria;p__Actinomycetota;c__Actinomycetes;o__Streptosporangiales;f__Treboniaceae;g__GGB94008;s__GGB94008_SGB130022;;0.0;0.0;0.0;0.12026;0.0
k__Bacteria;p__Actinomycetota;c__Actinomycetes;o__Mycobacteriales;f__Mycobacteriaceae;g__Mycobacterium;s__Mycobacterium_sp_SMC_2;;0.0;0.0;0.0;0.09973;0.0
k__Bacteria;p__Actinomycetota;c__Actinomycetes;o__Micrococcales;f__Microbacteriaceae;g__Leifsonia;s__Leifsonia_sp_TF02_11;;0.0;0.0;0.0;0.09827;0.0
k__Bacteria;p__Firmicutes;c__Bacilli;o__Bacillales;f__Bacillaceae;g__Gottfriedia;s__Gottfriedia_endophytica;;0.0;0.0;0.0;0.08871;0.0
k__Bacteria;p__Pseudomonadota;c__CFGB77274;o__OFGB77274;f__FGB77274;g__GGB92506;s__GGB92506_SGB133129;;0.0;0.0;0.0;0.07293;0.0
k__Bacteria;p__Actinomycetota;c__Actinomycetes;o__Mycobacteriales;f__Mycobacteriaceae;g__GGB64439;s__GGB64439_SGB86925;;0.0;0.0;0.0;0.07241;0.0
k__Bacteria;p__Firmicutes;c__Bacilli;o__Bacillales;f__Paenibacillaceae;g__Paenibacillus;s__Paenibacillus_sp_HW567;;0.0;0.0;0.0;0.06662;0.0
k__Archaea;p__Methanobacteriota;c__CFGB10638;o__OFGB10638;f__FGB10638;g__GGB54174;s__GGB54174_SGB75380;;0.0;0.0;0.0;0.06156;0.0
k__Bacteria;p__Pseudomonadota;c__Alphaproteobacteria;o__Rhodospirillales;f__Dongiaceae;g__GGB66392;s__GGB66392_SGB132736;;0.0;0.0;0.0;0.05789;0.0
k__Bacteria;p__Pseudomonadota;c__Alphaproteobacteria;o__Hyphomicrobiales;f__Beijerinckiaceae;g__GGB65847;s__GGB65847_SGB89195;;0.0;0.0;0.0;0.05728;0.0
k__Bacteria;p__Acidobacteriota;c__CFGB63353;o__OFGB63353;f__FGB63353;g__GGB71614;s__GGB71614_SGB126404;;0.0;0.0;0.0;0.04039;0.0
k__Bacteria;p__Pseudomonadota;c__CFGB44487;o__OFGB44487;f__FGB44487;g__GGB91419;s__GGB91419_SGB134682;;0.0;0.0;0.0;0.04001;0.0
k__Bacteria;p__Pseudomonadota;c__Alphaproteobacteria;o__Hyphomicrobiales;f__Hyphomicrobiaceae;g__GGB66014;s__GGB66014_SGB133090;;0.0;0.0;0.0;0.03861;0.0
k__Bacteria;p__Actinomycetota;c__Actinomycetes;o__Streptosporangiales;f__Treboniaceae;g__GGB52803;s__GGB52803_SGB86999;;0.0;0.0;0.0;0.03333;0.0
k__Bacteria;p__Pseudomonadota;c__Alphaproteobacteria;o__Rhodospirillales;f__Dongiaceae;g__GGB92323;s__GGB92323_SGB132845;;0.0;0.0;0.0;0.03267;0.0
k__Bacteria;p__Pseudomonadota;c__Alphaproteobacteria;o__Hyphomicrobiales;f__Methylocystaceae;g__Methylocystis;s__Methylocystis_bryophila;;0.0;0.0;0.0;0.03257;0.0
k__Bacteria;p__Firmicutes;c__CFGB80250;o__OFGB80250;f__FGB80250;g__GGB88569;s__GGB88569_SGB123343;;0.0;0.0;0.0;0.03211;0.0
k__Bacteria;p__Pseudomonadota;c__Gammaproteobacteria;o__Lysobacterales;f__Rhodanobacteraceae;g__Dyella;s__Dyella_amyloliquefaciens;;0.0;0.0;0.0;0.0321;0.0
k__Bacteria;p__Acidobacteriota;c__CFGB39337;o__OFGB39337;f__FGB39337;g__GGB89977;s__GGB89977_SGB126808;;0.0;0.0;0.0;0.03064;0.0
k__Bacteria;p__Pseudomonadota;c__Betaproteobacteria;o__Burkholderiales;f__Comamonadaceae;g__Variovorax;s__Variovorax_sp_HW608;;0.0;0.0;0.0;0.02535;0.0
k__Bacteria;p__Thermodesulfobacteriota;c__CFGB8491;o__OFGB8491;f__FGB8491;g__GGB90655;s__GGB90655_SGB127159;;0.0;0.0;0.0;0.02459;0.0
k__Bacteria;p__Pseudomonadota;c__CFGB14846;o__OFGB14846;f__FGB14846;g__GGB91732;s__GGB91732_SGB134135;;0.0;0.0;0.0;0.02354;0.0
k__Bacteria;p__Actinomycetota;c__Actinomycetes;o__Mycobacteriales;f__Nocardiaceae;g__Prescottella;s__Prescottella_agglutinans;;0.0;0.0;0.0;0.02297;0.0
k__Bacteria;p__Acidobacteriota;c__CFGB14958;o__OFGB14958;f__FGB14958;g__GGB89942;s__GGB89942_SGB126742;;0.0;0.0;0.0;0.02288;0.0
k__Bacteria;p__Actinomycetota;c__Actinomycetes;o__Mycobacteriales;f__Mycobacteriaceae;g__Mycobacterium;s__Mycobacterium_conspicuum;;0.0;0.0;0.0;0.01959;0.0
k__Bacteria;p__Actinomycetota;c__Actinomycetes;o__Micrococcales;f__Micrococcaceae;g__Sinomonas;s__Sinomonas_albida;;0.0;0.0;0.0;0.01926;0.02644
k__Bacteria;p__Actinomycetota;c__Actinomycetes;o__Micrococcales;f__Intrasporangiaceae;g__Oryzihumus;s__Oryzihumus_SGB130264;;0.0;0.0;0.0;0.01751;0.0
k__Bacteria;p__Pseudomonadota;c__Alphaproteobacteria;o__Hyphomicrobiales;f__Nitrobacteraceae;g__GGB44766;s__GGB44766_SGB133340;;0.0;0.0;0.0;0.01135;0.0
k__Bacteria;p__Planctomycetota;c__CFGB93171;o__OFGB93171;f__FGB93171;g__GGB90876;s__GGB90876_SGB127500;;0.0;0.0;0.0;0.00949;0.0
k__Bacteria;p__Pseudomonadota;c__Betaproteobacteria;o__Burkholderiales;f__Oxalobacteraceae;g__Massilia;s__Massilia_agilis;;0.0;0.0;0.0;0.00814;0.0
k__Bacteria;p__Actinomycetota;c__Actinomycetes;o__Catenulisporales;f__Actinospicaceae;g__Actinospica;s__Actinospica_acidithermotolerans;;0.0;0.0;0.0;0.0074;0.0
k__Bacteria;p__Gemmatimonadota;c__CFGB5367;o__OFGB5367;f__FGB5367;g__GGB92869;s__GGB92869_SGB131016;;0.0;0.0;0.0;0.00735;0.0
k__Bacteria;p__Actinomycetota;c__Actinomycetes;o__Streptosporangiales;f__Treboniaceae;g__GGB52803;s__GGB52803_SGB130045;;0.0;0.0;0.0;0.00731;0.0
k__Bacteria;p__Thermodesulfobacteriota;c__CFGB8491;o__OFGB8491;f__FGB8491;g__GGB90658;s__GGB90658_SGB127212;;0.0;0.0;0.0;0.00253;0.0
k__Bacteria;p__Pseudomonadota;c__Alphaproteobacteria;o__Hyphomicrobiales;f__Nitrobacteraceae;g__GGB65997;s__GGB65997_SGB89404;t__SGB89404;0.0;0.0;0.0;18.19281;0.0
k__Bacteria;p__Pseudomonadota;c__Alphaproteobacteria;o__Hyphomicrobiales;f__Nitrobacteraceae;g__GGB72035;s__GGB72035_SGB133334;t__SGB133334;0.0;0.0;0.0;14.53139;0.0
k__Bacteria;p__Pseudomonadota;c__Alphaproteobacteria;o__Hyphomicrobiales;f__Nitrobacteraceae;g__GGB66000;s__GGB66000_SGB89407;t__SGB89407;0.0;0.0;0.0;12.48023;0.0
k__Bacteria;p__Actinomycetota;c__Actinomycetes;o__Mycobacteriales;f__Mycobacteriaceae;g__GGB93887;s__GGB93887_SGB129746;t__SGB129746;0.0;0.0;0.0;8.9062;0.0
k__Bacteria;p__Pseudomonadota;c__Betaproteobacteria;o__Betaproteobacteria_unclassified;f__Betaproteobacteria_unclassified;g__GGB91362;s__GGB91362_SGB134782;t__SGB134782;0.0;0.0;0.0;6.11485;0.0
k__Bacteria;p__Pseudomonadota;c__Alphaproteobacteria;o__Hyphomicrobiales;f__Nitrobacteraceae;g__GGB65999;s__GGB65999_SGB89406;t__SGB89406;0.0;0.0;0.0;5.61923;0.0
k__Bacteria;p__Pseudomonadota;c__Betaproteobacteria;o__Burkholderiales;f__Burkholderiaceae;g__Paraburkholderia;s__Paraburkholderia_tropica;t__SGB110283;0.0;0.0;0.0;4.20649;0.0
k__Bacteria;p__Pseudomonadota;c__Alphaproteobacteria;o__Hyphomicrobiales;f__Nitrobacteraceae;g__GGB66219;s__GGB66219_SGB89725;t__SGB89725;0.0;0.0;0.0;3.10965;0.0
k__Bacteria;p__Pseudomonadota;c__Betaproteobacteria;o__Burkholderiales;f__Burkholderiaceae;g__Paraburkholderia;s__Paraburkholderia_mimosarum;t__SGB32804;0.0;0.0;0.0;2.97439;0.0
k__Bacteria;p__Pseudomonadota;c__Betaproteobacteria;o__Burkholderiales;f__Burkholderiaceae;g__Paraburkholderia;s__Paraburkholderia_unamae;t__SGB22576;0.0;0.0;0.0;2.83193;0.0
k__Bacteria;p__Actinomycetota;c__Actinomycetes;o__Mycobacteriales;f__Mycobacteriaceae;g__GGB64396;s__GGB64396_SGB129711;t__SGB129711;0.0;0.0;0.0;2.36536;0.0
k__Bacteria;p__Actinomycetota;c__Actinomycetes;o__Micrococcales;f__Micrococcaceae;g__Sinomonas;s__Sinomonas_atrocyanea;t__SGB175572;0.0;0.0;0.0;2.08949;0.0
k__Bacteria;p__Verrucomicrobiota;c__CFGB2153;o__OFGB2153;f__FGB2153;g__GGB95786;s__GGB95786_SGB125685;t__SGB125685;0.0;0.0;0.0;1.69309;0.0
k__Bacteria;p__Actinomycetota;c__Actinomycetes;o__Micrococcales;f__Microbacteriaceae;g__Leifsonia;s__Leifsonia_shinshuensis;t__SGB87840;0.0;0.0;0.0;1.38203;0.81164
k__Bacteria;p__Firmicutes;c__Bacilli;o__Bacillales;f__Bacillaceae;g__Heyndrickxia;s__Heyndrickxia_acidicola;t__SGB30280;0.0;0.0;0.0;1.24959;0.0
k__Bacteria;p__Actinomycetota;c__Acidimicrobiia;o__Acidimicrobiales;f__Acidimicrobiaceae;g__GGB64188;s__GGB64188_SGB86601;t__SGB86601;0.0;0.0;0.0;1.2335;0.0
k__Bacteria;p__Planctomycetota;c__CFGB93177;o__OFGB93177;f__FGB93177;g__GGB61685;s__GGB61685_SGB127484;t__SGB127484;0.0;0.0;0.0;1.14766;0.0
k__Bacteria;p__Acidobacteriota;c__CFGB15833;o__OFGB15833;f__FGB15833;g__GGB93629;s__GGB93629_SGB173533;t__SGB173533;0.0;0.0;0.0;1.06754;0.0
k__Bacteria;p__Actinomycetota;c__Actinomycetes;o__Streptosporangiales;f__Treboniaceae;g__GGB93990;s__GGB93990_SGB129990;t__SGB129990;0.0;0.0;0.0;0.96213;0.0
k__Bacteria;p__Myxococcota;c__Myxococcia;o__Myxococcales;f__Myxococcaceae;g__GGB93454;s__GGB93454_SGB132005;t__SGB132005;0.0;0.0;0.0;0.6985;0.0
k__Bacteria;p__Pseudomonadota;c__Alphaproteobacteria;o__Hyphomicrobiales;f__Hyphomicrobiaceae;g__GGB66014;s__GGB66014_SGB133091;t__SGB133091;0.0;0.0;0.0;0.64651;0.0
k__Bacteria;p__Pseudomonadota;c__Betaproteobacteria;o__Burkholderiales;f__Burkholderiaceae;g__Paraburkholderia;s__Paraburkholderia_tropica;t__SGB12985;0.0;0.0;0.0;0.59784;0.02543
k__Bacteria;p__Pseudomonadota;c__Betaproteobacteria;o__Burkholderiales;f__Burkholderiaceae;g__Paraburkholderia;s__Paraburkholderia_sp_Tr_20389;t__SGB93664;0.0;0.0;0.0;0.55541;0.0
k__Bacteria;p__Myxococcota;c__Myxococcia;o__Myxococcales;f__Anaeromyxobacteraceae;g__GGB93475;s__GGB93475_SGB132078;t__SGB132078;0.0;0.0;0.0;0.46238;0.0
k__Bacteria;p__Pseudomonadota;c__Betaproteobacteria;o__Burkholderiales;f__Burkholderiaceae;g__Paraburkholderia;s__Paraburkholderia_sp_HD33_4;t__SGB32734;0.0;0.0;0.0;0.46202;0.0
k__Bacteria;p__Acidobacteriota;c__CFGB80614;o__OFGB80614;f__FGB80614;g__GGB89966;s__GGB89966_SGB126829;t__SGB126829;0.0;0.0;0.0;0.40432;0.0
k__Bacteria;p__Firmicutes;c__Bacilli;o__Bacillales;f__Bacillaceae;g__Neobacillus;s__Neobacillus_massiliamazoniensis;t__SGB7574;0.0;0.0;0.0;0.39507;0.0
k__Bacteria;p__Pseudomonadota;c__Alphaproteobacteria;o__Hyphomicrobiales;f__Nitrobacteraceae;g__GGB37354;s__GGB37354_SGB56640;t__SGB56640;0.0;0.0;0.0;0.31051;0.0
k__Bacteria;p__Pseudomonadota;c__Betaproteobacteria;o__Burkholderiales;f__Oxalobacteraceae;g__Massilia;s__Massilia_terrae;t__SGB110315;0.0;0.0;0.0;0.29398;0.0
k__Bacteria;p__Pseudomonadota;c__Betaproteobacteria;o__Neisseriales;f__Neisseriaceae;g__Crenobacter;s__Crenobacter_oryzisoli;t__SGB179279;0.0;0.0;0.0;0.27771;0.0
k__Bacteria;p__Thermodesulfobacteriota;c__CFGB8491;o__OFGB8491;f__FGB8491;g__GGB90662;s__GGB90662_SGB127188;t__SGB127188;0.0;0.0;0.0;0.26776;0.0
k__Bacteria;p__Pseudomonadota;c__Alphaproteobacteria;o__Hyphomicrobiales;f__Nitrobacteraceae;g__GGB92565;s__GGB92565_SGB133354;t__SGB133354;0.0;0.0;0.0;0.22972;0.0
k__Bacteria;p__Thermodesulfobacteriota;c__CFGB79996;o__OFGB79996;f__FGB79996;g__GGB88573;s__GGB88573_SGB124808;t__SGB124808;0.0;0.0;0.0;0.1997;0.0
k__Bacteria;p__Myxococcota;c__Myxococcia;o__Myxococcales;f__Myxococcaceae;g__GGB93529;s__GGB93529_SGB132218;t__SGB132218;0.0;0.0;0.0;0.17057;0.0
k__Bacteria;p__Actinomycetota;c__Actinomycetes;o__Streptosporangiales;f__Treboniaceae;g__Trebonia;s__Trebonia_kvetii;t__SGB87004;0.0;0.0;0.0;0.12594;0.0
k__Bacteria;p__Actinomycetota;c__Actinomycetes;o__Streptosporangiales;f__Treboniaceae;g__GGB52798;s__GGB52798_SGB73712;t__SGB73712;0.0;0.0;0.0;0.12449;0.0
k__Bacteria;p__Pseudomonadota;c__Betaproteobacteria;o__Betaproteobacteria_unclassified;f__Betaproteobacteria_unclassified;g__GGB91352;s__GGB91352_SGB134892;t__SGB134892;0.0;0.0;0.0;0.12262;0.0
k__Bacteria;p__Firmicutes;c__Bacilli;o__Bacillales;f__Paenibacillaceae;g__Aneurinibacillus;s__Aneurinibacillus_uraniidurans;t__SGB154475;0.0;0.0;0.0;0.12174;0.0
k__Bacteria;p__Actinomycetota;c__Actinomycetes;o__Streptosporangiales;f__Treboniaceae;g__GGB94008;s__GGB94008_SGB130022;t__SGB130022;0.0;0.0;0.0;0.12026;0.0
k__Bacteria;p__Actinomycetota;c__Actinomycetes;o__Mycobacteriales;f__Mycobacteriaceae;g__Mycobacterium;s__Mycobacterium_sp_SMC_2;t__SGB110834;0.0;0.0;0.0;0.09973;0.0
k__Bacteria;p__Actinomycetota;c__Actinomycetes;o__Micrococcales;f__Microbacteriaceae;g__Leifsonia;s__Leifsonia_sp_TF02_11;t__SGB93187;0.0;0.0;0.0;0.09827;0.0
k__Bacteria;p__Firmicutes;c__Bacilli;o__Bacillales;f__Bacillaceae;g__Gottfriedia;s__Gottfriedia_endophytica;t__SGB94640;0.0;0.0;0.0;0.08871;0.0
k__Bacteria;p__Pseudomonadota;c__CFGB77274;o__OFGB77274;f__FGB77274;g__GGB92506;s__GGB92506_SGB133129;t__SGB133129;0.0;0.0;0.0;0.07293;0.0
k__Bacteria;p__Actinomycetota;c__Actinomycetes;o__Mycobacteriales;f__Mycobacteriaceae;g__GGB64439;s__GGB64439_SGB86925;t__SGB86925;0.0;0.0;0.0;0.07241;0.0
k__Bacteria;p__Firmicutes;c__Bacilli;o__Bacillales;f__Paenibacillaceae;g__Paenibacillus;s__Paenibacillus_sp_HW567;t__SGB29222;0.0;0.0;0.0;0.06662;0.0
k__Archaea;p__Methanobacteriota;c__CFGB10638;o__OFGB10638;f__FGB10638;g__GGB54174;s__GGB54174_SGB75380;t__SGB75380;0.0;0.0;0.0;0.06156;0.0
k__Bacteria;p__Pseudomonadota;c__Alphaproteobacteria;o__Rhodospirillales;f__Dongiaceae;g__GGB66392;s__GGB66392_SGB132736;t__SGB132736;0.0;0.0;0.0;0.05789;0.0
k__Bacteria;p__Pseudomonadota;c__Alphaproteobacteria;o__Hyphomicrobiales;f__Beijerinckiaceae;g__GGB65847;s__GGB65847_SGB89195;t__SGB89195;0.0;0.0;0.0;0.05728;0.0
k__Bacteria;p__Acidobacteriota;c__CFGB63353;o__OFGB63353;f__FGB63353;g__GGB71614;s__GGB71614_SGB126404;t__SGB126404;0.0;0.0;0.0;0.04039;0.0
k__Bacteria;p__Pseudomonadota;c__CFGB44487;o__OFGB44487;f__FGB44487;g__GGB91419;s__GGB91419_SGB134682;t__SGB134682;0.0;0.0;0.0;0.04001;0.0
k__Bacteria;p__Pseudomonadota;c__Alphaproteobacteria;o__Hyphomicrobiales;f__Hyphomicrobiaceae;g__GGB66014;s__GGB66014_SGB133090;t__SGB133090;0.0;0.0;0.0;0.03861;0.0
k__Bacteria;p__Actinomycetota;c__Actinomycetes;o__Streptosporangiales;f__Treboniaceae;g__GGB52803;s__GGB52803_SGB86999;t__SGB86999;0.0;0.0;0.0;0.03333;0.0
k__Bacteria;p__Pseudomonadota;c__Alphaproteobacteria;o__Rhodospirillales;f__Dongiaceae;g__GGB92323;s__GGB92323_SGB132845;t__SGB132845;0.0;0.0;0.0;0.03267;0.0
k__Bacteria;p__Pseudomonadota;c__Alphaproteobacteria;o__Hyphomicrobiales;f__Methylocystaceae;g__Methylocystis;s__Methylocystis_bryophila;t__SGB11222;0.0;0.0;0.0;0.03257;0.0
k__Bacteria;p__Firmicutes;c__CFGB80250;o__OFGB80250;f__FGB80250;g__GGB88569;s__GGB88569_SGB123343;t__SGB123343;0.0;0.0;0.0;0.03211;0.0
k__Bacteria;p__Pseudomonadota;c__Gammaproteobacteria;o__Lysobacterales;f__Rhodanobacteraceae;g__Dyella;s__Dyella_amyloliquefaciens;t__SGB33008;0.0;0.0;0.0;0.0321;0.0
k__Bacteria;p__Acidobacteriota;c__CFGB39337;o__OFGB39337;f__FGB39337;g__GGB89977;s__GGB89977_SGB126808;t__SGB126808;0.0;0.0;0.0;0.03064;0.0
k__Bacteria;p__Pseudomonadota;c__Betaproteobacteria;o__Burkholderiales;f__Comamonadaceae;g__Variovorax;s__Variovorax_sp_HW608;t__SGB12767;0.0;0.0;0.0;0.02535;0.0
k__Bacteria;p__Thermodesulfobacteriota;c__CFGB8491;o__OFGB8491;f__FGB8491;g__GGB90655;s__GGB90655_SGB127159;t__SGB127159;0.0;0.0;0.0;0.02459;0.0
k__Bacteria;p__Pseudomonadota;c__CFGB14846;o__OFGB14846;f__FGB14846;g__GGB91732;s__GGB91732_SGB134135;t__SGB134135;0.0;0.0;0.0;0.02354;0.0
k__Bacteria;p__Actinomycetota;c__Actinomycetes;o__Mycobacteriales;f__Nocardiaceae;g__Prescottella;s__Prescottella_agglutinans;t__SGB175811;0.0;0.0;0.0;0.02297;0.0
k__Bacteria;p__Acidobacteriota;c__CFGB14958;o__OFGB14958;f__FGB14958;g__GGB89942;s__GGB89942_SGB126742;t__SGB126742;0.0;0.0;0.0;0.02288;0.0
k__Bacteria;p__Actinomycetota;c__Actinomycetes;o__Micrococcales;f__Micrococcaceae;g__Sinomonas;s__Sinomonas_atrocyanea;t__SGB175573;0.0;0.0;0.0;0.0198;0.0
k__Bacteria;p__Actinomycetota;c__Actinomycetes;o__Mycobacteriales;f__Mycobacteriaceae;g__Mycobacterium;s__Mycobacterium_conspicuum;t__SGB15643;0.0;0.0;0.0;0.01959;0.0
k__Bacteria;p__Actinomycetota;c__Actinomycetes;o__Micrococcales;f__Micrococcaceae;g__Sinomonas;s__Sinomonas_albida;t__SGB55605;0.0;0.0;0.0;0.01926;0.02644
k__Bacteria;p__Actinomycetota;c__Actinomycetes;o__Micrococcales;f__Microbacteriaceae;g__Leifsonia;s__Leifsonia_shinshuensis;t__SGB111263;0.0;0.0;0.0;0.01851;0.0
k__Bacteria;p__Actinomycetota;c__Actinomycetes;o__Micrococcales;f__Intrasporangiaceae;g__Oryzihumus;s__Oryzihumus_SGB130264;t__SGB130264;0.0;0.0;0.0;0.01751;0.0
k__Bacteria;p__Pseudomonadota;c__Alphaproteobacteria;o__Hyphomicrobiales;f__Nitrobacteraceae;g__GGB44766;s__GGB44766_SGB133340;t__SGB133340;0.0;0.0;0.0;0.01135;0.0
k__Bacteria;p__Planctomycetota;c__CFGB93171;o__OFGB93171;f__FGB93171;g__GGB90876;s__GGB90876_SGB127500;t__SGB127500;0.0;0.0;0.0;0.00949;0.0
k__Bacteria;p__Pseudomonadota;c__Betaproteobacteria;o__Burkholderiales;f__Oxalobacteraceae;g__Massilia;s__Massilia_agilis;t__SGB110314;0.0;0.0;0.0;0.00814;0.0
k__Bacteria;p__Actinomycetota;c__Actinomycetes;o__Catenulisporales;f__Actinospicaceae;g__Actinospica;s__Actinospica_acidithermotolerans;t__SGB93414;0.0;0.0;0.0;0.0074;0.0
k__Bacteria;p__Gemmatimonadota;c__CFGB5367;o__OFGB5367;f__FGB5367;g__GGB92869;s__GGB92869_SGB131016;t__SGB131016;0.0;0.0;0.0;0.00735;0.0
k__Bacteria;p__Actinomycetota;c__Actinomycetes;o__Streptosporangiales;f__Treboniaceae;g__GGB52803;s__GGB52803_SGB130045;t__SGB130045;0.0;0.0;0.0;0.00731;0.0
k__Bacteria;p__Thermodesulfobacteriota;c__CFGB8491;o__OFGB8491;f__FGB8491;g__GGB90658;s__GGB90658_SGB127212;t__SGB127212;0.0;0.0;0.0;0.00253;0.0
k__Bacteria;p__Bacteroidota;c__Sphingobacteriia;;;;;;0.0;0.0;0.0;0.0;0.11256
k__Archaea;p__Methanobacteriota;c__Methanomicrobia;;;;;;0.0;0.0;0.0;0.0;0.0488
k__Bacteria;p__Bacteroidota;c__CFGB73567;;;;;;0.0;0.0;0.0;0.0;0.00876
k__Bacteria;p__Bacteroidota;c__Sphingobacteriia;o__Sphingobacteriales;;;;;0.0;0.0;0.0;0.0;0.11256
k__Archaea;p__Methanobacteriota;c__Methanomicrobia;o__Methanomicrobiales;;;;;0.0;0.0;0.0;0.0;0.0488
k__Bacteria;p__Bacteroidota;c__CFGB73567;o__OFGB73567;;;;;0.0;0.0;0.0;0.0;0.00876
k__Bacteria;p__Pseudomonadota;c__Gammaproteobacteria;o__Methylococcales;;;;;0.0;0.0;0.0;0.0;0.00798
k__Bacteria;p__Pseudomonadota;c__Gammaproteobacteria;o__Enterobacterales;f__Erwiniaceae;;;;0.0;0.0;0.0;0.0;0.31552
k__Bacteria;p__Pseudomonadota;c__Betaproteobacteria;o__Neisseriales;f__Chromobacteriaceae;;;;0.0;0.0;0.0;0.0;0.15514
k__Bacteria;p__Bacteroidota;c__Sphingobacteriia;o__Sphingobacteriales;f__Sphingobacteriaceae;;;;0.0;0.0;0.0;0.0;0.11256
k__Bacteria;p__Pseudomonadota;c__Betaproteobacteria;o__Neisseriales;f__Chitinibacteraceae;;;;0.0;0.0;0.0;0.0;0.08438
k__Archaea;p__Methanobacteriota;c__Methanomicrobia;o__Methanomicrobiales;f__Methanoregulaceae;;;;0.0;0.0;0.0;0.0;0.0488
k__Bacteria;p__Pseudomonadota;c__Alphaproteobacteria;o__Hyphomicrobiales;f__Roseiarcaceae;;;;0.0;0.0;0.0;0.0;0.04236
k__Bacteria;p__Pseudomonadota;c__Betaproteobacteria;o__Burkholderiales;f__Sphaerotilaceae;;;;0.0;0.0;0.0;0.0;0.03536
k__Bacteria;p__Pseudomonadota;c__Alphaproteobacteria;o__Hyphomicrobiales;f__Methylobacteriaceae;;;;0.0;0.0;0.0;0.0;0.01626
k__Bacteria;p__Pseudomonadota;c__Gammaproteobacteria;o__Enterobacterales;f__Yersiniaceae;;;;0.0;0.0;0.0;0.0;0.01229
k__Bacteria;p__Bacteroidota;c__CFGB73567;o__OFGB73567;f__FGB73567;;;;0.0;0.0;0.0;0.0;0.00876
k__Bacteria;p__Pseudomonadota;c__Gammaproteobacteria;o__Methylococcales;f__Methylococcaceae;;;;0.0;0.0;0.0;0.0;0.00798
k__Bacteria;p__Pseudomonadota;c__Alphaproteobacteria;o__Rhodospirillales;f__Azospirillaceae;;;;0.0;0.0;0.0;0.0;0.00551
k__Bacteria;p__Pseudomonadota;c__Gammaproteobacteria;o__Pseudomonadales;f__Pseudomonadaceae;g__Pseudomonas;;;0.0;0.0;0.0;0.0;33.96794
k__Bacteria;p__Pseudomonadota;c__Betaproteobacteria;o__Burkholderiales;f__Comamonadaceae;g__Curvibacter;;;0.0;0.0;0.0;0.0;3.39111
k__Bacteria;p__Pseudomonadota;c__Betaproteobacteria;o__Burkholderiales;f__Burkholderiaceae;g__Cupriavidus;;;0.0;0.0;0.0;0.0;1.12728
k__Bacteria;p__Pseudomonadota;c__Alphaproteobacteria;o__Sphingomonadales;f__Sphingomonadaceae;g__Sphingobium;;;0.0;0.0;0.0;0.0;0.59336
k__Bacteria;p__Pseudomonadota;c__Betaproteobacteria;o__Burkholderiales;f__Burkholderiaceae;g__Polynucleobacter;;;0.0;0.0;0.0;0.0;0.5853
k__Bacteria;p__Pseudomonadota;c__Betaproteobacteria;o__Burkholderiales;f__Comamonadaceae;g__Comamonas;;;0.0;0.0;0.0;0.0;0.41774
k__Bacteria;p__Pseudomonadota;c__Gammaproteobacteria;o__Enterobacterales;f__Erwiniaceae;g__Pantoea;;;0.0;0.0;0.0;0.0;0.31552
k__Bacteria;p__Pseudomonadota;c__Betaproteobacteria;o__Burkholderiales;f__Oxalobacteraceae;g__Herbaspirillum;;;0.0;0.0;0.0;0.0;0.27226
k__Bacteria;p__Actinomycetota;c__Actinomycetes;o__Micrococcales;f__Microbacteriaceae;g__Curtobacterium;;;0.0;0.0;0.0;0.0;0.18544
k__Bacteria;p__Pseudomonadota;c__Betaproteobacteria;o__Burkholderiales;f__Burkholderiaceae;g__Pandoraea;;;0.0;0.0;0.0;0.0;0.16989
k__Bacteria;p__Pseudomonadota;c__Betaproteobacteria;o__Neisseriales;f__Chromobacteriaceae;g__Aquitalea;;;0.0;0.0;0.0;0.0;0.15514
k__Bacteria;p__Pseudomonadota;c__Alphaproteobacteria;o__Sphingomonadales;f__Sphingomonadaceae;g__Novosphingobium;;;0.0;0.0;0.0;0.0;0.15178
k__Bacteria;p__Pseudomonadota;c__Betaproteobacteria;o__Burkholderiales;f__Comamonadaceae;g__Delftia;;;0.0;0.0;0.0;0.0;0.1466
k__Bacteria;p__Bacteroidota;c__Sphingobacteriia;o__Sphingobacteriales;f__Sphingobacteriaceae;g__GGB110264;;;0.0;0.0;0.0;0.0;0.11256
k__Bacteria;p__Actinomycetota;c__Actinomycetes;o__Micrococcales;f__Intrasporangiaceae;g__Lapillicoccus;;;0.0;0.0;0.0;0.0;0.09084
k__Bacteria;p__Pseudomonadota;c__Betaproteobacteria;o__Neisseriales;f__Chitinibacteraceae;g__Amantichitinum;;;0.0;0.0;0.0;0.0;0.08438
k__Bacteria;p__Pseudomonadota;c__Betaproteobacteria;o__Burkholderiales;f__Alcaligenaceae;g__Achromobacter;;;0.0;0.0;0.0;0.0;0.0647
k__Archaea;p__Methanobacteriota;c__Methanomicrobia;o__Methanomicrobiales;f__Methanoregulaceae;g__GGB54137;;;0.0;0.0;0.0;0.0;0.0488
k__Bacteria;p__Pseudomonadota;c__Alphaproteobacteria;o__Hyphomicrobiales;f__Roseiarcaceae;g__Roseiarcus;;;0.0;0.0;0.0;0.0;0.04236
k__Bacteria;p__Pseudomonadota;c__Betaproteobacteria;o__Burkholderiales;f__Sphaerotilaceae;g__Roseateles;;;0.0;0.0;0.0;0.0;0.03536
k__Bacteria;p__Pseudomonadota;c__Alphaproteobacteria;o__Caulobacterales;f__Caulobacteraceae;g__Caulobacter;;;0.0;0.0;0.0;0.0;0.02976
k__Bacteria;p__Pseudomonadota;c__Alphaproteobacteria;o__Hyphomicrobiales;f__Beijerinckiaceae;g__Beijerinckiaceae_unclassified;;;0.0;0.0;0.0;0.0;0.02411
k__Bacteria;p__Actinomycetota;c__Actinomycetes;o__Kitasatosporales;f__Streptomycetaceae;g__GGB94264;;;0.0;0.0;0.0;0.0;0.02204
k__Bacteria;p__Actinomycetota;c__Actinomycetes;o__Kitasatosporales;f__Streptomycetaceae;g__Streptacidiphilus;;;0.0;0.0;0.0;0.0;0.01739
k__Bacteria;p__Pseudomonadota;c__Alphaproteobacteria;o__Hyphomicrobiales;f__Methylobacteriaceae;g__Methylobacterium;;;0.0;0.0;0.0;0.0;0.01626
k__Bacteria;p__Pseudomonadota;c__Gammaproteobacteria;o__Moraxellales;f__Moraxellaceae;g__Moraxella;;;0.0;0.0;0.0;0.0;0.01254
k__Bacteria;p__Pseudomonadota;c__Gammaproteobacteria;o__Enterobacterales;f__Yersiniaceae;g__Serratia;;;0.0;0.0;0.0;0.0;0.01229
k__Bacteria;p__Bacteroidota;c__CFGB73567;o__OFGB73567;f__FGB73567;g__GGB24405;;;0.0;0.0;0.0;0.0;0.00876
k__Bacteria;p__Pseudomonadota;c__Alphaproteobacteria;o__Hyphomicrobiales;f__Rhizobiaceae;g__Agrobacterium;;;0.0;0.0;0.0;0.0;0.00848
k__Bacteria;p__Pseudomonadota;c__Gammaproteobacteria;o__Methylococcales;f__Methylococcaceae;g__Methylovulum;;;0.0;0.0;0.0;0.0;0.00798
k__Bacteria;p__Pseudomonadota;c__Gammaproteobacteria;o__Enterobacterales;f__Enterobacteriaceae;g__Yokenella;;;0.0;0.0;0.0;0.0;0.00769
k__Bacteria;p__Pseudomonadota;c__Betaproteobacteria;o__Burkholderiales;f__Oxalobacteraceae;g__Duganella;;;0.0;0.0;0.0;0.0;0.00624
k__Bacteria;p__Pseudomonadota;c__Alphaproteobacteria;o__Rhodospirillales;f__Azospirillaceae;g__Azospirillum;;;0.0;0.0;0.0;0.0;0.00551
k__Bacteria;p__Actinomycetota;c__Actinomycetes;o__Micrococcales;f__Intrasporangiaceae;g__Intrasporangium;;;0.0;0.0;0.0;0.0;0.00436
k__Bacteria;p__Pseudomonadota;c__Alphaproteobacteria;o__Hyphomicrobiales;f__Rhizobiaceae;g__Shinella;;;0.0;0.0;0.0;0.0;0.00392
k__Bacteria;p__Pseudomonadota;c__Alphaproteobacteria;o__Hyphomicrobiales;f__Nitrobacteraceae;g__GGB132275;;;0.0;0.0;0.0;0.0;0.00247
k__Bacteria;p__Pseudomonadota;c__Gammaproteobacteria;o__Lysobacterales;f__Lysobacteraceae;g__Pseudoxanthomonas;;;0.0;0.0;0.0;0.0;0.00204
k__Bacteria;p__Bacteroidota;c__Flavobacteriia;o__Flavobacteriales;f__Flavobacteriaceae;g__GGB57431;;;0.0;0.0;0.0;0.0;0.00065
k__Bacteria;p__Pseudomonadota;c__Gammaproteobacteria;o__Pseudomonadales;f__Pseudomonadaceae;g__Pseudomonas;s__Pseudomonas_bananamidigenes;;0.0;0.0;0.0;0.0;17.38824
k__Bacteria;p__Pseudomonadota;c__Gammaproteobacteria;o__Lysobacterales;f__Lysobacteraceae;g__Stenotrophomonas;s__Stenotrophomonas_maltophilia;;0.0;0.0;0.0;0.0;16.92399
k__Bacteria;p__Pseudomonadota;c__Gammaproteobacteria;o__Pseudomonadales;f__Pseudomonadaceae;g__Pseudomonas;s__Pseudomonas_nitroreducens;;0.0;0.0;0.0;0.0;9.69137
k__Bacteria;p__Pseudomonadota;c__Alphaproteobacteria;o__Sphingomonadales;f__Sphingomonadaceae;g__Sphingomonas;s__Sphingomonas_paucimobilis;;0.0;0.0;0.0;0.0;7.40256
k__Bacteria;p__Pseudomonadota;c__Betaproteobacteria;o__Burkholderiales;f__Comamonadaceae;g__Curvibacter;s__Curvibacter_gracilis;;0.0;0.0;0.0;0.0;3.39111
k__Bacteria;p__Pseudomonadota;c__Gammaproteobacteria;o__Pseudomonadales;f__Pseudomonadaceae;g__Pseudomonas;s__Pseudomonas_sp_GCEP_101;;0.0;0.0;0.0;0.0;2.17751
k__Bacteria;p__Pseudomonadota;c__Gammaproteobacteria;o__Pseudomonadales;f__Pseudomonadaceae;g__Pseudomonas;s__Pseudomonas_vanderleydeniana;;0.0;0.0;0.0;0.0;1.82802
k__Bacteria;p__Pseudomonadota;c__Gammaproteobacteria;o__Pseudomonadales;f__Pseudomonadaceae;g__Pseudomonas;s__Pseudomonas_asiatica;;0.0;0.0;0.0;0.0;1.46118
k__Bacteria;p__Pseudomonadota;c__Gammaproteobacteria;o__Pseudomonadales;f__Pseudomonadaceae;g__Pseudomonas;s__Pseudomonas_haemolytica;;0.0;0.0;0.0;0.0;1.33862
k__Bacteria;p__Pseudomonadota;c__Betaproteobacteria;o__Burkholderiales;f__Burkholderiaceae;g__Cupriavidus;s__Cupriavidus_pauculus;;0.0;0.0;0.0;0.0;1.12728
k__Bacteria;p__Pseudomonadota;c__Gammaproteobacteria;o__Moraxellales;f__Moraxellaceae;g__Acinetobacter;s__Acinetobacter_junii;;0.0;0.0;0.0;0.0;0.83059
k__Bacteria;p__Pseudomonadota;c__Alphaproteobacteria;o__Sphingomonadales;f__Sphingomonadaceae;g__Sphingobium;s__Sphingobium_yanoikuyae;;0.0;0.0;0.0;0.0;0.59336
k__Bacteria;p__Pseudomonadota;c__Betaproteobacteria;o__Burkholderiales;f__Comamonadaceae;g__Comamonas;s__Comamonas_testosteroni;;0.0;0.0;0.0;0.0;0.41774
k__Bacteria;p__Pseudomonadota;c__Betaproteobacteria;o__Burkholderiales;f__Oxalobacteraceae;g__Massilia;s__Massilia_norwichensis;;0.0;0.0;0.0;0.0;0.41088
k__Bacteria;p__Pseudomonadota;c__Gammaproteobacteria;o__Moraxellales;f__Moraxellaceae;g__Acinetobacter;s__Acinetobacter_ursingii;;0.0;0.0;0.0;0.0;0.34987
k__Bacteria;p__Pseudomonadota;c__Gammaproteobacteria;o__Enterobacterales;f__Enterobacteriaceae;g__Enterobacter;s__Enterobacter_roggenkampii;;0.0;0.0;0.0;0.0;0.33765
k__Bacteria;p__Pseudomonadota;c__Gammaproteobacteria;o__Enterobacterales;f__Erwiniaceae;g__Pantoea;s__Pantoea_rwandensis;;0.0;0.0;0.0;0.0;0.31552
k__Bacteria;p__Pseudomonadota;c__Betaproteobacteria;o__Burkholderiales;f__Burkholderiaceae;g__Polynucleobacter;s__Polynucleobacter_sp_HIN8;;0.0;0.0;0.0;0.0;0.29542
k__Bacteria;p__Pseudomonadota;c__Gammaproteobacteria;o__Moraxellales;f__Moraxellaceae;g__Acinetobacter;s__Acinetobacter_johnsonii;;0.0;0.0;0.0;0.0;0.28683
k__Bacteria;p__Actinomycetota;c__Actinomycetes;o__Kitasatosporales;f__Streptomycetaceae;g__Streptomyces;s__Streptomyces_sp_PsTaAH_130;;0.0;0.0;0.0;0.0;0.27129
k__Bacteria;p__Pseudomonadota;c__Betaproteobacteria;o__Burkholderiales;f__Oxalobacteraceae;g__Herbaspirillum;s__Herbaspirillum_aquaticum;;0.0;0.0;0.0;0.0;0.26239
k__Bacteria;p__Deinococcota;c__Deinococci;o__Deinococcales;f__Deinococcaceae;g__Deinococcus;s__Deinococcus_aquiradiocola;;0.0;0.0;0.0;0.0;0.17936
k__Bacteria;p__Pseudomonadota;c__Betaproteobacteria;o__Burkholderiales;f__Burkholderiaceae;g__Pandoraea;s__Pandoraea_sputorum;;0.0;0.0;0.0;0.0;0.16989
k__Bacteria;p__Pseudomonadota;c__Betaproteobacteria;o__Neisseriales;f__Chromobacteriaceae;g__Aquitalea;s__Aquitalea_pelogenes;;0.0;0.0;0.0;0.0;0.15514
k__Bacteria;p__Pseudomonadota;c__Betaproteobacteria;o__Burkholderiales;f__Comamonadaceae;g__Delftia;s__Delftia_acidovorans;;0.0;0.0;0.0;0.0;0.1466
k__Bacteria;p__Pseudomonadota;c__Alphaproteobacteria;o__Sphingomonadales;f__Sphingomonadaceae;g__Novosphingobium;s__Novosphingobium_pokkalii;;0.0;0.0;0.0;0.0;0.14462
k__Bacteria;p__Actinomycetota;c__Actinomycetes;o__Micrococcales;f__Microbacteriaceae;g__Curtobacterium;s__Curtobacterium_citreum;;0.0;0.0;0.0;0.0;0.13771
k__Bacteria;p__Pseudomonadota;c__Gammaproteobacteria;o__Moraxellales;f__Moraxellaceae;g__Acinetobacter;s__Acinetobacter_soli;;0.0;0.0;0.0;0.0;0.12123
k__Bacteria;p__Actinomycetota;c__Actinomycetes;o__Kitasatosporales;f__Streptomycetaceae;g__Streptomyces;s__Streptomyces_bauhiniae;;0.0;0.0;0.0;0.0;0.11513
k__Bacteria;p__Pseudomonadota;c__Betaproteobacteria;o__Burkholderiales;f__Burkholderiaceae;g__Polynucleobacter;s__Polynucleobacter_sp_MWH_UH25E;;0.0;0.0;0.0;0.0;0.11412
k__Bacteria;p__Bacteroidota;c__Sphingobacteriia;o__Sphingobacteriales;f__Sphingobacteriaceae;g__GGB110264;s__GGB110264_SGB196191;;0.0;0.0;0.0;0.0;0.11256
k__Bacteria;p__Pseudomonadota;c__Betaproteobacteria;o__Burkholderiales;f__Burkholderiaceae;g__Polynucleobacter;s__Polynucleobacter_sp_31A_FELB;;0.0;0.0;0.0;0.0;0.10139
k__Bacteria;p__Pseudomonadota;c__Gammaproteobacteria;o__Enterobacterales;f__Enterobacteriaceae;g__Enterobacter;s__Enterobacter_cloacae;;0.0;0.0;0.0;0.0;0.09648
k__Bacteria;p__Actinomycetota;c__Actinomycetes;o__Micrococcales;f__Intrasporangiaceae;g__Lapillicoccus;s__Lapillicoccus_jejuensis;;0.0;0.0;0.0;0.0;0.09084
k__Bacteria;p__Pseudomonadota;c__Gammaproteobacteria;o__Pseudomonadales;f__Pseudomonadaceae;g__Halopseudomonas;s__Pseudomonas_denitrificans_nom_rej;;0.0;0.0;0.0;0.0;0.08679
k__Bacteria;p__Pseudomonadota;c__Betaproteobacteria;o__Neisseriales;f__Chitinibacteraceae;g__Amantichitinum;s__Amantichitinum_ursilacus;;0.0;0.0;0.0;0.0;0.08438
k__Bacteria;p__Actinomycetota;c__Actinomycetes;o__Micrococcales;f__Microbacteriaceae;g__Microbacterium;s__Microbacterium_galbum;;0.0;0.0;0.0;0.0;0.08372
k__Bacteria;p__Actinomycetota;c__Actinomycetes;o__Micrococcales;f__Microbacteriaceae;g__Microbacterium;s__Microbacterium_hominis;;0.0;0.0;0.0;0.0;0.08262
k__Bacteria;p__Pseudomonadota;c__Gammaproteobacteria;o__Pseudomonadales;f__Pseudomonadaceae;g__Pseudomonas;s__Pseudomonas_sp_LRP2_20;;0.0;0.0;0.0;0.0;0.06982
k__Bacteria;p__Pseudomonadota;c__Betaproteobacteria;o__Burkholderiales;f__Alcaligenaceae;g__Achromobacter;s__Achromobacter_xylosoxidans;;0.0;0.0;0.0;0.0;0.0647
k__Bacteria;p__Pseudomonadota;c__Gammaproteobacteria;o__Moraxellales;f__Moraxellaceae;g__Acinetobacter;s__Acinetobacter_vivianii;;0.0;0.0;0.0;0.0;0.05751
k__Archaea;p__Methanobacteriota;c__Methanomicrobia;o__Methanomicrobiales;f__Methanoregulaceae;g__GGB54137;s__GGB54137_SGB147869;;0.0;0.0;0.0;0.0;0.0488
k__Bacteria;p__Pseudomonadota;c__Betaproteobacteria;o__Burkholderiales;f__Burkholderiaceae;g__Polynucleobacter;s__Polynucleobacter_sp_MWH_UH2A;;0.0;0.0;0.0;0.0;0.04242
k__Bacteria;p__Pseudomonadota;c__Alphaproteobacteria;o__Hyphomicrobiales;f__Roseiarcaceae;g__Roseiarcus;s__Roseiarcus_fermentans;;0.0;0.0;0.0;0.0;0.04236
k__Bacteria;p__Pseudomonadota;c__Alphaproteobacteria;o__Sphingomonadales;f__Sphingomonadaceae;g__Sphingomonas;s__Sphingomonas_beigongshangi;;0.0;0.0;0.0;0.0;0.03793
k__Bacteria;p__Pseudomonadota;c__Betaproteobacteria;o__Burkholderiales;f__Sphaerotilaceae;g__Roseateles;s__Roseateles_chitosanitabidus;;0.0;0.0;0.0;0.0;0.03536
k__Bacteria;p__Pseudomonadota;c__Alphaproteobacteria;o__Caulobacterales;f__Caulobacteraceae;g__Caulobacter;s__Caulobacter_vibrioides;;0.0;0.0;0.0;0.0;0.02976
k__Bacteria;p__Actinomycetota;c__Actinomycetes;o__Micrococcales;f__Microbacteriaceae;g__Curtobacterium;s__Curtobacterium_luteum;;0.0;0.0;0.0;0.0;0.02904
k__Bacteria;p__Pseudomonadota;c__Betaproteobacteria;o__Burkholderiales;f__Burkholderiaceae;g__Polynucleobacter;s__Polynucleobacter_tropicus;;0.0;0.0;0.0;0.0;0.02887
k__Bacteria;p__Pseudomonadota;c__Alphaproteobacteria;o__Sphingomonadales;f__Sphingomonadaceae;g__Sphingomonas;s__Sphingomonas_pseudosanguinis;;0.0;0.0;0.0;0.0;0.02857
k__Bacteria;p__Pseudomonadota;c__Alphaproteobacteria;o__Sphingomonadales;f__Sphingomonadaceae;g__Sphingomonas;s__Sphingomonas_SGB73465;;0.0;0.0;0.0;0.0;0.02793
k__Bacteria;p__Pseudomonadota;c__Gammaproteobacteria;o__Lysobacterales;f__Lysobacteraceae;g__Stenotrophomonas;s__Stenotrophomonas_cyclobalanopsidis;;0.0;0.0;0.0;0.0;0.02689
k__Bacteria;p__Pseudomonadota;c__Alphaproteobacteria;o__Hyphomicrobiales;f__Beijerinckiaceae;g__Beijerinckiaceae_unclassified;s__Beijerinckiaceae_bacterium_RH_AL8;;0.0;0.0;0.0;0.0;0.02411
k__Bacteria;p__Pseudomonadota;c__Betaproteobacteria;o__Burkholderiales;f__Burkholderiaceae;g__Paraburkholderia;s__Paraburkholderia_sp_Ac_20340;;0.0;0.0;0.0;0.0;0.02219
k__Bacteria;p__Actinomycetota;c__Actinomycetes;o__Kitasatosporales;f__Streptomycetaceae;g__GGB94264;s__GGB94264_SGB130266;;0.0;0.0;0.0;0.0;0.02204
k__Bacteria;p__Pseudomonadota;c__Betaproteobacteria;o__Burkholderiales;f__Comamonadaceae;g__Variovorax;s__Variovorax_paradoxus;;0.0;0.0;0.0;0.0;0.02066
k__Bacteria;p__Actinomycetota;c__Actinomycetes;o__Micrococcales;f__Microbacteriaceae;g__Curtobacterium;s__Curtobacterium_oceanosedimentum;;0.0;0.0;0.0;0.0;0.01869
k__Bacteria;p__Pseudomonadota;c__Betaproteobacteria;o__Burkholderiales;f__Oxalobacteraceae;g__Massilia;s__Massilia_sp_Bi118;;0.0;0.0;0.0;0.0;0.0179
k__Bacteria;p__Actinomycetota;c__Actinomycetes;o__Kitasatosporales;f__Streptomycetaceae;g__Streptacidiphilus;s__Streptacidiphilus_jiangxiensis;;0.0;0.0;0.0;0.0;0.01739
k__Bacteria;p__Pseudomonadota;c__Alphaproteobacteria;o__Sphingomonadales;f__Sphingomonadaceae;g__Sphingomonas;s__Sphingomonas_SGB90165;;0.0;0.0;0.0;0.0;0.01726
k__Bacteria;p__Pseudomonadota;c__Alphaproteobacteria;o__Hyphomicrobiales;f__Methylobacteriaceae;g__Methylobacterium;s__Methylobacterium_sp_J_067;;0.0;0.0;0.0;0.0;0.01626
k__Bacteria;p__Pseudomonadota;c__Gammaproteobacteria;o__Pseudomonadales;f__Pseudomonadaceae;g__Pseudomonas;s__Pseudomonas_lactis;;0.0;0.0;0.0;0.0;0.01319
k__Bacteria;p__Pseudomonadota;c__Gammaproteobacteria;o__Moraxellales;f__Moraxellaceae;g__Moraxella;s__Moraxella_osloensis;;0.0;0.0;0.0;0.0;0.01254
k__Bacteria;p__Pseudomonadota;c__Gammaproteobacteria;o__Enterobacterales;f__Yersiniaceae;g__Serratia;s__Serratia_marcescens;;0.0;0.0;0.0;0.0;0.01229
k__Bacteria;p__Pseudomonadota;c__Gammaproteobacteria;o__Enterobacterales;f__Enterobacteriaceae;g__Enterobacter;s__Enterobacter_cancerogenus;;0.0;0.0;0.0;0.0;0.01167
k__Bacteria;p__Actinomycetota;c__Actinomycetes;o__Micrococcales;f__Microbacteriaceae;g__Microbacterium;s__Microbacterium_sp_RU1D;;0.0;0.0;0.0;0.0;0.01165
k__Bacteria;p__Pseudomonadota;c__Betaproteobacteria;o__Burkholderiales;f__Oxalobacteraceae;g__Herbaspirillum;s__Herbaspirillum_SGB88640;;0.0;0.0;0.0;0.0;0.00987
k__Bacteria;p__Actinomycetota;c__Actinomycetes;o__Kitasatosporales;f__Streptomycetaceae;g__Streptomyces;s__Streptomyces_murinus;;0.0;0.0;0.0;0.0;0.00949
k__Bacteria;p__Bacteroidota;c__Flavobacteriia;o__Flavobacteriales;f__Flavobacteriaceae;g__Flavobacterium;s__Flavobacterium_stagni;;0.0;0.0;0.0;0.0;0.00892
k__Bacteria;p__Bacteroidota;c__CFGB73567;o__OFGB73567;f__FGB73567;g__GGB24405;s__GGB24405_SGB36246;;0.0;0.0;0.0;0.0;0.00876
k__Bacteria;p__Bacteroidota;c__Flavobacteriia;o__Flavobacteriales;f__Weeksellaceae;g__Chryseobacterium;s__Chryseobacterium_gambrini;;0.0;0.0;0.0;0.0;0.0086
k__Bacteria;p__Pseudomonadota;c__Gammaproteobacteria;o__Methylococcales;f__Methylococcaceae;g__Methylovulum;s__Methylovulum_psychrotolerans;;0.0;0.0;0.0;0.0;0.00798
k__Bacteria;p__Pseudomonadota;c__Gammaproteobacteria;o__Enterobacterales;f__Enterobacteriaceae;g__Yokenella;s__Yokenella_regensburgei;;0.0;0.0;0.0;0.0;0.00769
k__Bacteria;p__Pseudomonadota;c__Alphaproteobacteria;o__Sphingomonadales;f__Sphingomonadaceae;g__Novosphingobium;s__Novosphingobium_sp_KACC_22771;;0.0;0.0;0.0;0.0;0.0063
k__Bacteria;p__Pseudomonadota;c__Betaproteobacteria;o__Burkholderiales;f__Oxalobacteraceae;g__Duganella;s__Duganella_qianjiadongensis;;0.0;0.0;0.0;0.0;0.00624
k__Bacteria;p__Pseudomonadota;c__Alphaproteobacteria;o__Hyphomicrobiales;f__Rhizobiaceae;g__Agrobacterium;s__Agrobacterium_pusense;;0.0;0.0;0.0;0.0;0.00594
k__Bacteria;p__Pseudomonadota;c__Alphaproteobacteria;o__Rhodospirillales;f__Azospirillaceae;g__Azospirillum;s__Azospirillum_cavernae;;0.0;0.0;0.0;0.0;0.00551
k__Bacteria;p__Actinomycetota;c__Actinomycetes;o__Micrococcales;f__Intrasporangiaceae;g__Intrasporangium;s__Intrasporangium_flavum;;0.0;0.0;0.0;0.0;0.00436
k__Bacteria;p__Pseudomonadota;c__Alphaproteobacteria;o__Hyphomicrobiales;f__Rhizobiaceae;g__Shinella;s__Shinella_sp_XGS7;;0.0;0.0;0.0;0.0;0.00392
k__Bacteria;p__Actinomycetota;c__Actinomycetes;o__Kitasatosporales;f__Streptomycetaceae;g__Streptomyces;s__Streptomyces_tropicalis;;0.0;0.0;0.0;0.0;0.00334
k__Bacteria;p__Pseudomonadota;c__Betaproteobacteria;o__Burkholderiales;f__Burkholderiaceae;g__Polynucleobacter;s__Polynucleobacter_sp_MWH_Spelu_300_X4;;0.0;0.0;0.0;0.0;0.00308
k__Bacteria;p__Actinomycetota;c__Actinomycetes;o__Propionibacteriales;f__Nocardioidaceae;g__Nocardioides;s__Nocardioides_sp_TRM66260_LWL;;0.0;0.0;0.0;0.0;0.00299
k__Bacteria;p__Pseudomonadota;c__Alphaproteobacteria;o__Hyphomicrobiales;f__Rhizobiaceae;g__Agrobacterium;s__Agrobacterium_larrymoorei;;0.0;0.0;0.0;0.0;0.00254
k__Bacteria;p__Pseudomonadota;c__Alphaproteobacteria;o__Hyphomicrobiales;f__Nitrobacteraceae;g__GGB132275;s__GGB132275_SGB184675;;0.0;0.0;0.0;0.0;0.00247
k__Bacteria;p__Pseudomonadota;c__Gammaproteobacteria;o__Lysobacterales;f__Lysobacteraceae;g__Pseudoxanthomonas;s__Pseudoxanthomonas_winnipegensis;;0.0;0.0;0.0;0.0;0.00204
k__Bacteria;p__Pseudomonadota;c__Alphaproteobacteria;o__Sphingomonadales;f__Sphingomonadaceae;g__Novosphingobium;s__Novosphingobium_jiangmenense;;0.0;0.0;0.0;0.0;0.00087
k__Bacteria;p__Bacteroidota;c__Flavobacteriia;o__Flavobacteriales;f__Flavobacteriaceae;g__GGB57431;s__GGB57431_SGB79004;;0.0;0.0;0.0;0.0;0.00065
k__Bacteria;p__Pseudomonadota;c__Gammaproteobacteria;o__Pseudomonadales;f__Pseudomonadaceae;g__Pseudomonas;s__Pseudomonas_bananamidigenes;t__SGB33158;0.0;0.0;0.0;0.0;17.38824
k__Bacteria;p__Pseudomonadota;c__Gammaproteobacteria;o__Lysobacterales;f__Lysobacteraceae;g__Stenotrophomonas;s__Stenotrophomonas_maltophilia;t__SGB12456;0.0;0.0;0.0;0.0;16.46364
k__Bacteria;p__Pseudomonadota;c__Gammaproteobacteria;o__Pseudomonadales;f__Pseudomonadaceae;g__Pseudomonas;s__Pseudomonas_nitroreducens;t__SGB12325;0.0;0.0;0.0;0.0;9.69137
k__Bacteria;p__Pseudomonadota;c__Alphaproteobacteria;o__Sphingomonadales;f__Sphingomonadaceae;g__Sphingomonas;s__Sphingomonas_paucimobilis;t__SGB11675;0.0;0.0;0.0;0.0;7.40256
k__Bacteria;p__Pseudomonadota;c__Betaproteobacteria;o__Burkholderiales;f__Comamonadaceae;g__Curvibacter;s__Curvibacter_gracilis;t__SGB32622;0.0;0.0;0.0;0.0;3.39111
k__Bacteria;p__Pseudomonadota;c__Gammaproteobacteria;o__Pseudomonadales;f__Pseudomonadaceae;g__Pseudomonas;s__Pseudomonas_sp_GCEP_101;t__SGB12322;0.0;0.0;0.0;0.0;2.17751
k__Bacteria;p__Pseudomonadota;c__Gammaproteobacteria;o__Pseudomonadales;f__Pseudomonadaceae;g__Pseudomonas;s__Pseudomonas_vanderleydeniana;t__SGB177727;0.0;0.0;0.0;0.0;1.82802
k__Bacteria;p__Pseudomonadota;c__Gammaproteobacteria;o__Pseudomonadales;f__Pseudomonadaceae;g__Pseudomonas;s__Pseudomonas_asiatica;t__SGB12295;0.0;0.0;0.0;0.0;1.46118
k__Bacteria;p__Pseudomonadota;c__Gammaproteobacteria;o__Pseudomonadales;f__Pseudomonadaceae;g__Pseudomonas;s__Pseudomonas_haemolytica;t__SGB33220;0.0;0.0;0.0;0.0;1.33862
k__Bacteria;p__Pseudomonadota;c__Betaproteobacteria;o__Burkholderiales;f__Burkholderiaceae;g__Cupriavidus;s__Cupriavidus_pauculus;t__SGB12933;0.0;0.0;0.0;0.0;1.12728
k__Bacteria;p__Pseudomonadota;c__Gammaproteobacteria;o__Moraxellales;f__Moraxellaceae;g__Acinetobacter;s__Acinetobacter_junii;t__SGB10370;0.0;0.0;0.0;0.0;0.83059
k__Bacteria;p__Pseudomonadota;c__Alphaproteobacteria;o__Sphingomonadales;f__Sphingomonadaceae;g__Sphingobium;s__Sphingobium_yanoikuyae;t__SGB11614;0.0;0.0;0.0;0.0;0.59336
k__Bacteria;p__Pseudomonadota;c__Betaproteobacteria;o__Burkholderiales;f__Oxalobacteraceae;g__Massilia;s__Massilia_norwichensis;t__SGB110310;0.0;0.0;0.0;0.0;0.41088
k__Bacteria;p__Pseudomonadota;c__Gammaproteobacteria;o__Moraxellales;f__Moraxellaceae;g__Acinetobacter;s__Acinetobacter_ursingii;t__SGB10372;0.0;0.0;0.0;0.0;0.34987
k__Bacteria;p__Pseudomonadota;c__Gammaproteobacteria;o__Enterobacterales;f__Enterobacteriaceae;g__Enterobacter;s__Enterobacter_roggenkampii;t__SGB10139_group;0.0;0.0;0.0;0.0;0.33765
k__Bacteria;p__Pseudomonadota;c__Gammaproteobacteria;o__Enterobacterales;f__Erwiniaceae;g__Pantoea;s__Pantoea_rwandensis;t__SGB10180;0.0;0.0;0.0;0.0;0.31552
k__Bacteria;p__Pseudomonadota;c__Betaproteobacteria;o__Burkholderiales;f__Comamonadaceae;g__Comamonas;s__Comamonas_testosteroni;t__SGB12681;0.0;0.0;0.0;0.0;0.30557
k__Bacteria;p__Pseudomonadota;c__Betaproteobacteria;o__Burkholderiales;f__Burkholderiaceae;g__Polynucleobacter;s__Polynucleobacter_sp_HIN8;t__SGB60308;0.0;0.0;0.0;0.0;0.29542
k__Bacteria;p__Pseudomonadota;c__Gammaproteobacteria;o__Moraxellales;f__Moraxellaceae;g__Acinetobacter;s__Acinetobacter_johnsonii;t__SGB10398;0.0;0.0;0.0;0.0;0.28683
k__Bacteria;p__Actinomycetota;c__Actinomycetes;o__Kitasatosporales;f__Streptomycetaceae;g__Streptomyces;s__Streptomyces_sp_PsTaAH_130;t__SGB207638;0.0;0.0;0.0;0.0;0.27129
k__Bacteria;p__Pseudomonadota;c__Betaproteobacteria;o__Burkholderiales;f__Oxalobacteraceae;g__Herbaspirillum;s__Herbaspirillum_aquaticum;t__SGB12895;0.0;0.0;0.0;0.0;0.26239
k__Bacteria;p__Pseudomonadota;c__Gammaproteobacteria;o__Lysobacterales;f__Lysobacteraceae;g__Stenotrophomonas;s__Stenotrophomonas_maltophilia;t__SGB12453;0.0;0.0;0.0;0.0;0.19814
k__Bacteria;p__Deinococcota;c__Deinococci;o__Deinococcales;f__Deinococcaceae;g__Deinococcus;s__Deinococcus_aquiradiocola;t__SGB86262;0.0;0.0;0.0;0.0;0.17936
k__Bacteria;p__Pseudomonadota;c__Betaproteobacteria;o__Burkholderiales;f__Burkholderiaceae;g__Pandoraea;s__Pandoraea_sputorum;t__SGB12910;0.0;0.0;0.0;0.0;0.16989
k__Bacteria;p__Pseudomonadota;c__Betaproteobacteria;o__Neisseriales;f__Chromobacteriaceae;g__Aquitalea;s__Aquitalea_pelogenes;t__SGB13073;0.0;0.0;0.0;0.0;0.15514
k__Bacteria;p__Pseudomonadota;c__Betaproteobacteria;o__Burkholderiales;f__Comamonadaceae;g__Delftia;s__Delftia_acidovorans;t__SGB12680;0.0;0.0;0.0;0.0;0.1466
k__Bacteria;p__Pseudomonadota;c__Alphaproteobacteria;o__Sphingomonadales;f__Sphingomonadaceae;g__Novosphingobium;s__Novosphingobium_pokkalii;t__SGB73452;0.0;0.0;0.0;0.0;0.14462
k__Bacteria;p__Actinomycetota;c__Actinomycetes;o__Micrococcales;f__Microbacteriaceae;g__Curtobacterium;s__Curtobacterium_citreum;t__SGB16804;0.0;0.0;0.0;0.0;0.13771
k__Bacteria;p__Pseudomonadota;c__Gammaproteobacteria;o__Lysobacterales;f__Lysobacteraceae;g__Stenotrophomonas;s__Stenotrophomonas_maltophilia;t__SGB12460;0.0;0.0;0.0;0.0;0.12647
k__Bacteria;p__Pseudomonadota;c__Gammaproteobacteria;o__Moraxellales;f__Moraxellaceae;g__Acinetobacter;s__Acinetobacter_soli;t__SGB10374;0.0;0.0;0.0;0.0;0.12123
k__Bacteria;p__Actinomycetota;c__Actinomycetes;o__Kitasatosporales;f__Streptomycetaceae;g__Streptomyces;s__Streptomyces_bauhiniae;t__SGB34525;0.0;0.0;0.0;0.0;0.11513
k__Bacteria;p__Pseudomonadota;c__Betaproteobacteria;o__Burkholderiales;f__Burkholderiaceae;g__Polynucleobacter;s__Polynucleobacter_sp_MWH_UH25E;t__SGB94475;0.0;0.0;0.0;0.0;0.11412
k__Bacteria;p__Bacteroidota;c__Sphingobacteriia;o__Sphingobacteriales;f__Sphingobacteriaceae;g__GGB110264;s__GGB110264_SGB196191;t__SGB196191;0.0;0.0;0.0;0.0;0.11256
k__Bacteria;p__Pseudomonadota;c__Betaproteobacteria;o__Burkholderiales;f__Comamonadaceae;g__Comamonas;s__Comamonas_testosteroni;t__SGB12683;0.0;0.0;0.0;0.0;0.11217
k__Bacteria;p__Pseudomonadota;c__Betaproteobacteria;o__Burkholderiales;f__Burkholderiaceae;g__Polynucleobacter;s__Polynucleobacter_sp_31A_FELB;t__SGB110164;0.0;0.0;0.0;0.0;0.10139
k__Bacteria;p__Pseudomonadota;c__Gammaproteobacteria;o__Lysobacterales;f__Lysobacteraceae;g__Stenotrophomonas;s__Stenotrophomonas_maltophilia;t__SGB12459;0.0;0.0;0.0;0.0;0.09667
k__Bacteria;p__Pseudomonadota;c__Gammaproteobacteria;o__Enterobacterales;f__Enterobacteriaceae;g__Enterobacter;s__Enterobacter_cloacae;t__SGB10131;0.0;0.0;0.0;0.0;0.09648
k__Bacteria;p__Actinomycetota;c__Actinomycetes;o__Micrococcales;f__Intrasporangiaceae;g__Lapillicoccus;s__Lapillicoccus_jejuensis;t__SGB87586;0.0;0.0;0.0;0.0;0.09084
k__Bacteria;p__Pseudomonadota;c__Gammaproteobacteria;o__Pseudomonadales;f__Pseudomonadaceae;g__Halopseudomonas;s__Pseudomonas_denitrificans_nom_rej;t__SGB12324;0.0;0.0;0.0;0.0;0.08679
k__Bacteria;p__Pseudomonadota;c__Betaproteobacteria;o__Neisseriales;f__Chitinibacteraceae;g__Amantichitinum;s__Amantichitinum_ursilacus;t__SGB13095;0.0;0.0;0.0;0.0;0.08438
k__Bacteria;p__Actinomycetota;c__Actinomycetes;o__Micrococcales;f__Microbacteriaceae;g__Microbacterium;s__Microbacterium_galbum;t__SGB175380;0.0;0.0;0.0;0.0;0.08372
k__Bacteria;p__Actinomycetota;c__Actinomycetes;o__Micrococcales;f__Microbacteriaceae;g__Microbacterium;s__Microbacterium_hominis;t__SGB16912;0.0;0.0;0.0;0.0;0.08262
k__Bacteria;p__Pseudomonadota;c__Gammaproteobacteria;o__Pseudomonadales;f__Pseudomonadaceae;g__Pseudomonas;s__Pseudomonas_sp_LRP2_20;t__SGB93603;0.0;0.0;0.0;0.0;0.06982
k__Bacteria;p__Pseudomonadota;c__Betaproteobacteria;o__Burkholderiales;f__Alcaligenaceae;g__Achromobacter;s__Achromobacter_xylosoxidans;t__SGB13140;0.0;0.0;0.0;0.0;0.0647
k__Bacteria;p__Pseudomonadota;c__Gammaproteobacteria;o__Moraxellales;f__Moraxellaceae;g__Acinetobacter;s__Acinetobacter_vivianii;t__SGB10355;0.0;0.0;0.0;0.0;0.05751
k__Archaea;p__Methanobacteriota;c__Methanomicrobia;o__Methanomicrobiales;f__Methanoregulaceae;g__GGB54137;s__GGB54137_SGB147869;t__SGB147869;0.0;0.0;0.0;0.0;0.0488
k__Bacteria;p__Pseudomonadota;c__Betaproteobacteria;o__Burkholderiales;f__Burkholderiaceae;g__Polynucleobacter;s__Polynucleobacter_sp_MWH_UH2A;t__SGB94476;0.0;0.0;0.0;0.0;0.04242
k__Bacteria;p__Pseudomonadota;c__Alphaproteobacteria;o__Hyphomicrobiales;f__Roseiarcaceae;g__Roseiarcus;s__Roseiarcus_fermentans;t__SGB24436;0.0;0.0;0.0;0.0;0.04236
k__Bacteria;p__Pseudomonadota;c__Alphaproteobacteria;o__Sphingomonadales;f__Sphingomonadaceae;g__Sphingomonas;s__Sphingomonas_beigongshangi;t__SGB56346;0.0;0.0;0.0;0.0;0.03793
k__Bacteria;p__Actinomycetota;c__Actinomycetes;o__Micrococcales;f__Microbacteriaceae;g__Microbacterium;s__Microbacterium_testaceum;t__SGB87900;0.0;0.0;0.0;0.0;0.03569
k__Bacteria;p__Pseudomonadota;c__Betaproteobacteria;o__Burkholderiales;f__Sphaerotilaceae;g__Roseateles;s__Roseateles_chitosanitabidus;t__SGB32549;0.0;0.0;0.0;0.0;0.03536
k__Bacteria;p__Pseudomonadota;c__Gammaproteobacteria;o__Lysobacterales;f__Lysobacteraceae;g__Stenotrophomonas;s__Stenotrophomonas_maltophilia;t__SGB12450;0.0;0.0;0.0;0.0;0.03403
k__Bacteria;p__Pseudomonadota;c__Alphaproteobacteria;o__Caulobacterales;f__Caulobacteraceae;g__Caulobacter;s__Caulobacter_vibrioides;t__SGB11763;0.0;0.0;0.0;0.0;0.02976
k__Bacteria;p__Actinomycetota;c__Actinomycetes;o__Micrococcales;f__Microbacteriaceae;g__Curtobacterium;s__Curtobacterium_luteum;t__SGB34971;0.0;0.0;0.0;0.0;0.02904
k__Bacteria;p__Pseudomonadota;c__Betaproteobacteria;o__Burkholderiales;f__Burkholderiaceae;g__Polynucleobacter;s__Polynucleobacter_tropicus;t__SGB80873;0.0;0.0;0.0;0.0;0.02887
k__Bacteria;p__Pseudomonadota;c__Alphaproteobacteria;o__Sphingomonadales;f__Sphingomonadaceae;g__Sphingomonas;s__Sphingomonas_pseudosanguinis;t__SGB90166;0.0;0.0;0.0;0.0;0.02857
k__Bacteria;p__Pseudomonadota;c__Alphaproteobacteria;o__Sphingomonadales;f__Sphingomonadaceae;g__Sphingomonas;s__Sphingomonas_SGB73465;t__SGB73465;0.0;0.0;0.0;0.0;0.02793
k__Bacteria;p__Pseudomonadota;c__Gammaproteobacteria;o__Lysobacterales;f__Lysobacteraceae;g__Stenotrophomonas;s__Stenotrophomonas_cyclobalanopsidis;t__SGB22682;0.0;0.0;0.0;0.0;0.02689
k__Bacteria;p__Pseudomonadota;c__Alphaproteobacteria;o__Hyphomicrobiales;f__Beijerinckiaceae;g__Beijerinckiaceae_unclassified;s__Beijerinckiaceae_bacterium_RH_AL8;t__SGB184633;0.0;0.0;0.0;0.0;0.02411
k__Bacteria;p__Pseudomonadota;c__Betaproteobacteria;o__Burkholderiales;f__Burkholderiaceae;g__Paraburkholderia;s__Paraburkholderia_sp_Ac_20340;t__SGB93659;0.0;0.0;0.0;0.0;0.02219
k__Bacteria;p__Actinomycetota;c__Actinomycetes;o__Kitasatosporales;f__Streptomycetaceae;g__GGB94264;s__GGB94264_SGB130266;t__SGB130266;0.0;0.0;0.0;0.0;0.02204
k__Bacteria;p__Pseudomonadota;c__Betaproteobacteria;o__Burkholderiales;f__Comamonadaceae;g__Variovorax;s__Variovorax_paradoxus;t__SGB32592;0.0;0.0;0.0;0.0;0.02066
k__Bacteria;p__Actinomycetota;c__Actinomycetes;o__Micrococcales;f__Microbacteriaceae;g__Curtobacterium;s__Curtobacterium_oceanosedimentum;t__SGB16801;0.0;0.0;0.0;0.0;0.01869
k__Bacteria;p__Pseudomonadota;c__Betaproteobacteria;o__Burkholderiales;f__Oxalobacteraceae;g__Massilia;s__Massilia_sp_Bi118;t__SGB110311;0.0;0.0;0.0;0.0;0.0179
k__Bacteria;p__Actinomycetota;c__Actinomycetes;o__Kitasatosporales;f__Streptomycetaceae;g__Streptacidiphilus;s__Streptacidiphilus_jiangxiensis;t__SGB16116;0.0;0.0;0.0;0.0;0.01739
k__Bacteria;p__Pseudomonadota;c__Alphaproteobacteria;o__Sphingomonadales;f__Sphingomonadaceae;g__Sphingomonas;s__Sphingomonas_SGB90165;t__SGB90165;0.0;0.0;0.0;0.0;0.01726
k__Bacteria;p__Pseudomonadota;c__Alphaproteobacteria;o__Hyphomicrobiales;f__Methylobacteriaceae;g__Methylobacterium;s__Methylobacterium_sp_J_067;t__SGB99570;0.0;0.0;0.0;0.0;0.01626
k__Bacteria;p__Pseudomonadota;c__Gammaproteobacteria;o__Pseudomonadales;f__Pseudomonadaceae;g__Pseudomonas;s__Pseudomonas_lactis;t__SGB66296;0.0;0.0;0.0;0.0;0.01319
k__Bacteria;p__Pseudomonadota;c__Gammaproteobacteria;o__Moraxellales;f__Moraxellaceae;g__Moraxella;s__Moraxella_osloensis;t__SGB10439;0.0;0.0;0.0;0.0;0.01254
k__Bacteria;p__Pseudomonadota;c__Gammaproteobacteria;o__Enterobacterales;f__Yersiniaceae;g__Serratia;s__Serratia_marcescens;t__SGB206340;0.0;0.0;0.0;0.0;0.01229
k__Bacteria;p__Pseudomonadota;c__Gammaproteobacteria;o__Enterobacterales;f__Enterobacteriaceae;g__Enterobacter;s__Enterobacter_cancerogenus;t__SGB10181;0.0;0.0;0.0;0.0;0.01167
k__Bacteria;p__Actinomycetota;c__Actinomycetes;o__Micrococcales;f__Microbacteriaceae;g__Microbacterium;s__Microbacterium_sp_RU1D;t__SGB16895;0.0;0.0;0.0;0.0;0.01165
k__Bacteria;p__Pseudomonadota;c__Betaproteobacteria;o__Burkholderiales;f__Oxalobacteraceae;g__Herbaspirillum;s__Herbaspirillum_SGB88640;t__SGB88640;0.0;0.0;0.0;0.0;0.00987
k__Bacteria;p__Actinomycetota;c__Actinomycetes;o__Kitasatosporales;f__Streptomycetaceae;g__Streptomyces;s__Streptomyces_murinus;t__SGB16189;0.0;0.0;0.0;0.0;0.00949
k__Bacteria;p__Bacteroidota;c__Flavobacteriia;o__Flavobacteriales;f__Flavobacteriaceae;g__Flavobacterium;s__Flavobacterium_stagni;t__SGB28155;0.0;0.0;0.0;0.0;0.00892
k__Bacteria;p__Bacteroidota;c__CFGB73567;o__OFGB73567;f__FGB73567;g__GGB24405;s__GGB24405_SGB36246;t__SGB36246;0.0;0.0;0.0;0.0;0.00876
k__Bacteria;p__Bacteroidota;c__Flavobacteriia;o__Flavobacteriales;f__Weeksellaceae;g__Chryseobacterium;s__Chryseobacterium_gambrini;t__SGB69901;0.0;0.0;0.0;0.0;0.0086
k__Bacteria;p__Pseudomonadota;c__Gammaproteobacteria;o__Methylococcales;f__Methylococcaceae;g__Methylovulum;s__Methylovulum_psychrotolerans;t__SGB13784;0.0;0.0;0.0;0.0;0.00798
k__Bacteria;p__Pseudomonadota;c__Gammaproteobacteria;o__Enterobacterales;f__Enterobacteriaceae;g__Yokenella;s__Yokenella_regensburgei;t__SGB10104;0.0;0.0;0.0;0.0;0.00769
k__Bacteria;p__Pseudomonadota;c__Alphaproteobacteria;o__Sphingomonadales;f__Sphingomonadaceae;g__Novosphingobium;s__Novosphingobium_sp_KACC_22771;t__SGB182845;0.0;0.0;0.0;0.0;0.0063
k__Bacteria;p__Pseudomonadota;c__Betaproteobacteria;o__Burkholderiales;f__Oxalobacteraceae;g__Duganella;s__Duganella_qianjiadongensis;t__SGB88606;0.0;0.0;0.0;0.0;0.00624
k__Bacteria;p__Pseudomonadota;c__Alphaproteobacteria;o__Hyphomicrobiales;f__Rhizobiaceae;g__Agrobacterium;s__Agrobacterium_pusense;t__SGB11087;0.0;0.0;0.0;0.0;0.00594
k__Bacteria;p__Pseudomonadota;c__Alphaproteobacteria;o__Rhodospirillales;f__Azospirillaceae;g__Azospirillum;s__Azospirillum_cavernae;t__SGB31843;0.0;0.0;0.0;0.0;0.00551
k__Bacteria;p__Pseudomonadota;c__Gammaproteobacteria;o__Lysobacterales;f__Lysobacteraceae;g__Stenotrophomonas;s__Stenotrophomonas_maltophilia;t__SGB12462;0.0;0.0;0.0;0.0;0.00503
k__Bacteria;p__Actinomycetota;c__Actinomycetes;o__Micrococcales;f__Intrasporangiaceae;g__Intrasporangium;s__Intrasporangium_flavum;t__SGB55797;0.0;0.0;0.0;0.0;0.00436
k__Bacteria;p__Pseudomonadota;c__Alphaproteobacteria;o__Hyphomicrobiales;f__Rhizobiaceae;g__Shinella;s__Shinella_sp_XGS7;t__SGB110351;0.0;0.0;0.0;0.0;0.00392
k__Bacteria;p__Actinomycetota;c__Actinomycetes;o__Kitasatosporales;f__Streptomycetaceae;g__Streptomyces;s__Streptomyces_tropicalis;t__SGB176315;0.0;0.0;0.0;0.0;0.00334
k__Bacteria;p__Pseudomonadota;c__Betaproteobacteria;o__Burkholderiales;f__Burkholderiaceae;g__Polynucleobacter;s__Polynucleobacter_sp_MWH_Spelu_300_X4;t__SGB94462;0.0;0.0;0.0;0.0;0.00308
k__Bacteria;p__Actinomycetota;c__Actinomycetes;o__Propionibacteriales;f__Nocardioidaceae;g__Nocardioides;s__Nocardioides_sp_TRM66260_LWL;t__SGB111091;0.0;0.0;0.0;0.0;0.00299
k__Bacteria;p__Pseudomonadota;c__Alphaproteobacteria;o__Hyphomicrobiales;f__Rhizobiaceae;g__Agrobacterium;s__Agrobacterium_larrymoorei;t__SGB32151;0.0;0.0;0.0;0.0;0.00254
k__Bacteria;p__Pseudomonadota;c__Alphaproteobacteria;o__Hyphomicrobiales;f__Nitrobacteraceae;g__GGB132275;s__GGB132275_SGB184675;t__SGB184675;0.0;0.0;0.0;0.0;0.00247
k__Bacteria;p__Pseudomonadota;c__Gammaproteobacteria;o__Lysobacterales;f__Lysobacteraceae;g__Pseudoxanthomonas;s__Pseudoxanthomonas_winnipegensis;t__SGB12440;0.0;0.0;0.0;0.0;0.00204
k__Bacteria;p__Actinomycetota;c__Actinomycetes;o__Micrococcales;f__Microbacteriaceae;g__Leifsonia;s__Leifsonia_shinshuensis;t__SGB87839;0.0;0.0;0.0;0.0;0.00153
k__Bacteria;p__Pseudomonadota;c__Alphaproteobacteria;o__Sphingomonadales;f__Sphingomonadaceae;g__Novosphingobium;s__Novosphingobium_jiangmenense;t__SGB94145;0.0;0.0;0.0;0.0;0.00087
k__Bacteria;p__Bacteroidota;c__Flavobacteriia;o__Flavobacteriales;f__Flavobacteriaceae;g__GGB57431;s__GGB57431_SGB79004;t__SGB79004;0.0;0.0;0.0;0.0;0.00065
